  0
SECTION
  2
HEADER
  9
$ACADVER
  1
AC1032
  9
$ACADMAINTVER
 90
      174
  9
$DWGCODEPAGE
  3
ANSI_1252
  9
$LASTSAVEDBY
  1
Autodesk
  9
$REQUIREDVERSIONS
160
                 0
  9
$INSBASE
 10
0.0
 20
0.0
 30
0.0
  9
$EXTMIN
 10
0.2211914344471779
 20
0.3931732391859093
 30
-0.0015258207003583
  9
$EXTMAX
 10
15.85473636055218
 20
11.29985048749932
 30
0.0000000349246037
  9
$LIMMIN
 10
0.0
 20
0.0
  9
$LIMMAX
 10
12.0
 20
9.0
  9
$ORTHOMODE
 70
     0
  9
$REGENMODE
 70
     1
  9
$FILLMODE
 70
     1
  9
$QTEXTMODE
 70
     0
  9
$MIRRTEXT
 70
     0
  9
$LTSCALE
 40
1.0
  9
$ATTMODE
 70
     1
  9
$TEXTSIZE
 40
0.2
  9
$TRACEWID
 40
0.05
  9
$TEXTSTYLE
  7
Standard
  9
$CLAYER
  8
0
  9
$CELTYPE
  6
ByLayer
  9
$CECOLOR
 62
   256
  9
$CELTSCALE
 40
1.0
  9
$DISPSILH
 70
     0
  9
$DIMSCALE
 40
1.0
  9
$DIMASZ
 40
0.18
  9
$DIMEXO
 40
0.0625
  9
$DIMDLI
 40
0.38
  9
$DIMRND
 40
0.0
  9
$DIMDLE
 40
0.0
  9
$DIMEXE
 40
0.18
  9
$DIMTP
 40
0.0
  9
$DIMTM
 40
0.0
  9
$DIMTXT
 40
0.18
  9
$DIMCEN
 40
0.09
  9
$DIMTSZ
 40
0.0
  9
$DIMTOL
 70
     0
  9
$DIMLIM
 70
     0
  9
$DIMTIH
 70
     1
  9
$DIMTOH
 70
     1
  9
$DIMSE1
 70
     0
  9
$DIMSE2
 70
     0
  9
$DIMTAD
 70
     0
  9
$DIMZIN
 70
     0
  9
$DIMBLK
  1

  9
$DIMASO
 70
     1
  9
$DIMSHO
 70
     1
  9
$DIMPOST
  1

  9
$DIMAPOST
  1

  9
$DIMALT
 70
     0
  9
$DIMALTD
 70
     2
  9
$DIMALTF
 40
25.4
  9
$DIMLFAC
 40
1.0
  9
$DIMTOFL
 70
     0
  9
$DIMTVP
 40
0.0
  9
$DIMTIX
 70
     0
  9
$DIMSOXD
 70
     0
  9
$DIMSAH
 70
     0
  9
$DIMBLK1
  1

  9
$DIMBLK2
  1

  9
$DIMSTYLE
  2
Standard
  9
$DIMCLRD
 70
     0
  9
$DIMCLRE
 70
     0
  9
$DIMCLRT
 70
     0
  9
$DIMTFAC
 40
1.0
  9
$DIMGAP
 40
0.09
  9
$DIMJUST
 70
     0
  9
$DIMSD1
 70
     0
  9
$DIMSD2
 70
     0
  9
$DIMTOLJ
 70
     1
  9
$DIMTZIN
 70
     0
  9
$DIMALTZ
 70
     0
  9
$DIMALTTZ
 70
     0
  9
$DIMUPT
 70
     0
  9
$DIMDEC
 70
     4
  9
$DIMTDEC
 70
     4
  9
$DIMALTU
 70
     2
  9
$DIMALTTD
 70
     2
  9
$DIMTXSTY
  7
Standard
  9
$DIMAUNIT
 70
     0
  9
$DIMADEC
 70
     0
  9
$DIMALTRND
 40
0.0
  9
$DIMAZIN
 70
     0
  9
$DIMDSEP
 70
    46
  9
$DIMATFIT
 70
     3
  9
$DIMFRAC
 70
     0
  9
$DIMLDRBLK
  1

  9
$DIMLUNIT
 70
     2
  9
$DIMLWD
 70
    -2
  9
$DIMLWE
 70
    -2
  9
$DIMTMOVE
 70
     0
  9
$DIMFXL
 40
1.0
  9
$DIMFXLON
 70
     0
  9
$DIMJOGANG
 40
0.7853981633974483
  9
$DIMTFILL
 70
     0
  9
$DIMTFILLCLR
 70
     0
  9
$DIMARCSYM
 70
     0
  9
$DIMLTYPE
  6

  9
$DIMLTEX1
  6

  9
$DIMLTEX2
  6

  9
$DIMTXTDIRECTION
 70
     0
  9
$LUNITS
 70
     2
  9
$LUPREC
 70
     4
  9
$SKETCHINC
 40
0.1
  9
$FILLETRAD
 40
0.0
  9
$AUNITS
 70
     0
  9
$AUPREC
 70
     0
  9
$MENU
  1
.
  9
$ELEVATION
 40
0.0
  9
$PELEVATION
 40
0.0
  9
$THICKNESS
 40
0.0
  9
$LIMCHECK
 70
     0
  9
$CHAMFERA
 40
0.0
  9
$CHAMFERB
 40
0.0
  9
$CHAMFERC
 40
0.0
  9
$CHAMFERD
 40
0.0
  9
$SKPOLY
 70
     0
  9
$TDCREATE
 40
2461287.968958333
  9
$TDUCREATE
 40
2461287.760625000
  9
$TDUPDATE
 40
2461287.968958333
  9
$TDUUPDATE
 40
2461287.760625000
  9
$TDINDWG
 40
0.0002893519
  9
$TDUSRTIMER
 40
0.0002893519
  9
$USRTIMER
 70
     1
  9
$ANGBASE
 50
0.0
  9
$ANGDIR
 70
     0
  9
$PDMODE
 70
     0
  9
$PDSIZE
 40
0.0
  9
$PLINEWID
 40
0.0
  9
$SPLFRAME
 70
     0
  9
$SPLINETYPE
 70
     6
  9
$SPLINESEGS
 70
     8
  9
$HANDSEED
  5
FAA
  9
$SURFTAB1
 70
     6
  9
$SURFTAB2
 70
     6
  9
$SURFTYPE
 70
     6
  9
$SURFU
 70
     6
  9
$SURFV
 70
     6
  9
$UCSBASE
  2

  9
$UCSNAME
  2

  9
$UCSORG
 10
0.0
 20
0.0
 30
0.0
  9
$UCSXDIR
 10
1.0
 20
0.0
 30
0.0
  9
$UCSYDIR
 10
0.0
 20
1.0
 30
0.0
  9
$UCSORTHOREF
  2

  9
$UCSORTHOVIEW
 70
     0
  9
$UCSORGTOP
 10
0.0
 20
0.0
 30
0.0
  9
$UCSORGBOTTOM
 10
0.0
 20
0.0
 30
0.0
  9
$UCSORGLEFT
 10
0.0
 20
0.0
 30
0.0
  9
$UCSORGRIGHT
 10
0.0
 20
0.0
 30
0.0
  9
$UCSORGFRONT
 10
0.0
 20
0.0
 30
0.0
  9
$UCSORGBACK
 10
0.0
 20
0.0
 30
0.0
  9
$PUCSBASE
  2

  9
$PUCSNAME
  2

  9
$PUCSORG
 10
0.0
 20
0.0
 30
0.0
  9
$PUCSXDIR
 10
1.0
 20
0.0
 30
0.0
  9
$PUCSYDIR
 10
0.0
 20
1.0
 30
0.0
  9
$PUCSORTHOREF
  2

  9
$PUCSORTHOVIEW
 70
     0
  9
$PUCSORGTOP
 10
0.0
 20
0.0
 30
0.0
  9
$PUCSORGBOTTOM
 10
0.0
 20
0.0
 30
0.0
  9
$PUCSORGLEFT
 10
0.0
 20
0.0
 30
0.0
  9
$PUCSORGRIGHT
 10
0.0
 20
0.0
 30
0.0
  9
$PUCSORGFRONT
 10
0.0
 20
0.0
 30
0.0
  9
$PUCSORGBACK
 10
0.0
 20
0.0
 30
0.0
  9
$USERI1
 70
     0
  9
$USERI2
 70
     0
  9
$USERI3
 70
     0
  9
$USERI4
 70
     0
  9
$USERI5
 70
     0
  9
$USERR1
 40
0.0
  9
$USERR2
 40
0.0
  9
$USERR3
 40
0.0
  9
$USERR4
 40
0.0
  9
$USERR5
 40
0.0
  9
$WORLDVIEW
 70
     1
  9
$SHADEDGE
 70
     3
  9
$SHADEDIF
 70
    70
  9
$TILEMODE
 70
     1
  9
$MAXACTVP
 70
    64
  9
$PINSBASE
 10
0.0
 20
0.0
 30
0.0
  9
$PLIMCHECK
 70
     0
  9
$PEXTMIN
 10
0.0
 20
0.0
 30
0.0
  9
$PEXTMAX
 10
0.0
 20
0.0
 30
0.0
  9
$PLIMMIN
 10
0.0
 20
0.0
  9
$PLIMMAX
 10
12.0
 20
9.0
  9
$UNITMODE
 70
     0
  9
$VISRETAIN
 70
     1
  9
$PLINEGEN
 70
     0
  9
$PSLTSCALE
 70
     1
  9
$TREEDEPTH
 70
  3020
  9
$CMLSTYLE
  2
Standard
  9
$CMLJUST
 70
     0
  9
$CMLSCALE
 40
1.0
  9
$PROXYGRAPHICS
 70
     1
  9
$MEASUREMENT
 70
     0
  9
$CELWEIGHT
370
    -1
  9
$ENDCAPS
280
     0
  9
$JOINSTYLE
280
     0
  9
$LWDISPLAY
290
     0
  9
$INSUNITS
 70
     1
  9
$HYPERLINKBASE
  1

  9
$STYLESHEET
  1

  9
$XEDIT
290
     1
  9
$CEPSNTYPE
380
     0
  9
$PSTYLEMODE
290
     1
  9
$FINGERPRINTGUID
  2
{04A60BFD-4F91-5446-8837-8491446B8DA0}
  9
$VERSIONGUID
  2
{67A77A55-F11D-F646-9291-6D2BC7AC650B}
  9
$EXTNAMES
290
     1
  9
$PSVPSCALE
 40
0.0
  9
$OLESTARTUP
290
     0
  9
$SORTENTS
280
   127
  9
$INDEXCTL
280
     0
  9
$HIDETEXT
280
     1
  9
$XCLIPFRAME
280
     2
  9
$HALOGAP
280
     0
  9
$OBSCOLOR
 70
   257
  9
$OBSLTYPE
280
     0
  9
$INTERSECTIONDISPLAY
280
     0
  9
$INTERSECTIONCOLOR
 70
   257
  9
$DIMASSOC
280
     2
  9
$PROJECTNAME
  1

  9
$CAMERADISPLAY
290
     0
  9
$LENSLENGTH
 40
50.0
  9
$CAMERAHEIGHT
 40
0.0
  9
$STEPSPERSEC
 40
2.0
  9
$STEPSIZE
 40
6.0
  9
$3DDWFPREC
 40
2.0
  9
$PSOLWIDTH
 40
0.25
  9
$PSOLHEIGHT
 40
4.0
  9
$LOFTANG1
 40
1.570796326794896
  9
$LOFTANG2
 40
1.570796326794896
  9
$LOFTMAG1
 40
0.0
  9
$LOFTMAG2
 40
0.0
  9
$LOFTPARAM
 70
     7
  9
$LOFTNORMALS
280
     1
  9
$LATITUDE
 40
37.795
  9
$LONGITUDE
 40
-122.394
  9
$NORTHDIRECTION
 40
0.0
  9
$TIMEZONE
 70
 -8000
  9
$LIGHTGLYPHDISPLAY
280
     1
  9
$TILEMODELIGHTSYNCH
280
     1
  9
$CMATERIAL
347
96
  9
$SOLIDHIST
280
     0
  9
$SHOWHIST
280
     1
  9
$DWFFRAME
280
     2
  9
$DGNFRAME
280
     0
  9
$REALWORLDSCALE
290
     1
  9
$INTERFERECOLOR
 62
     1
  9
$INTERFEREOBJVS
345
A3
  9
$INTERFEREVPVS
346
A0
  9
$CSHADOW
280
     0
  9
$SHADOWPLANELOCATION
 40
0.0
  0
ENDSEC
  0
SECTION
  2
CLASSES
  0
CLASS
  1
ACDBDICTIONARYWDFLT
  2
AcDbDictionaryWithDefault
  3
ObjectDBX Classes
 90
        0
 91
        1
280
     0
281
     0
  0
CLASS
  1
DICTIONARYVAR
  2
AcDbDictionaryVar
  3
ObjectDBX Classes
 90
        0
 91
        9
280
     0
281
     0
  0
CLASS
  1
TABLESTYLE
  2
AcDbTableStyle
  3
ObjectDBX Classes
 90
     4095
 91
        1
280
     0
281
     0
  0
CLASS
  1
MATERIAL
  2
AcDbMaterial
  3
ObjectDBX Classes
 90
     1153
 91
        3
280
     0
281
     0
  0
CLASS
  1
VISUALSTYLE
  2
AcDbVisualStyle
  3
ObjectDBX Classes
 90
     4095
 91
       24
280
     0
281
     0
  0
CLASS
  1
SCALE
  2
AcDbScale
  3
ObjectDBX Classes
 90
     1153
 91
       33
280
     0
281
     0
  0
CLASS
  1
MLEADERSTYLE
  2
AcDbMLeaderStyle
  3
ACDB_MLEADERSTYLE_CLASS
 90
     4095
 91
        2
280
     0
281
     0
  0
CLASS
  1
CELLSTYLEMAP
  2
AcDbCellStyleMap
  3
ObjectDBX Classes
 90
     1152
 91
        1
280
     0
281
     0
  0
CLASS
  1
EXACXREFPANELOBJECT
  2
ExAcXREFPanelObject
  3
EXAC_ESW
 90
     1025
 91
        0
280
     0
281
     0
  0
CLASS
  1
NPOCOLLECTION
  2
AcDbImpNonPersistentObjectsCollection
  3
ObjectDBX Classes
 90
     1153
 91
        0
280
     0
281
     0
  0
CLASS
  1
LAYER_INDEX
  2
AcDbLayerIndex
  3
ObjectDBX Classes
 90
        0
 91
        0
280
     0
281
     0
  0
CLASS
  1
SPATIAL_INDEX
  2
AcDbSpatialIndex
  3
ObjectDBX Classes
 90
        0
 91
        0
280
     0
281
     0
  0
CLASS
  1
IDBUFFER
  2
AcDbIdBuffer
  3
ObjectDBX Classes
 90
        0
 91
        0
280
     0
281
     0
  0
CLASS
  1
ACDBSECTIONVIEWSTYLE
  2
AcDbSectionViewStyle
  3
ObjectDBX Classes
 90
     1025
 91
        1
280
     0
281
     0
  0
CLASS
  1
ACDBDETAILVIEWSTYLE
  2
AcDbDetailViewStyle
  3
ObjectDBX Classes
 90
     1025
 91
        1
280
     0
281
     0
  0
ENDSEC
  0
SECTION
  2
TABLES
  0
TABLE
  2
VPORT
  5
8
330
0
100
AcDbSymbolTable
 70
     1
  0
VPORT
  5
94
330
8
100
AcDbSymbolTableRecord
100
AcDbViewportTableRecord
  2
*Active
 70
     0
 10
0.0
 20
0.0
 11
1.0
 21
1.0
 12
8.037963897499679
 22
5.846511863342617
 13
0.0
 23
0.0
 14
0.5
 24
0.5
 15
0.5
 25
0.5
 16
0.0
 26
0.0
 36
1.0
 17
0.0
 27
0.0
 37
0.0
 40
10.99133451026669
 41
2.47020725388601
 42
50.0
 43
0.0
 44
0.0
 50
0.0
 51
0.0
 71
     0
 72
  1000
 73
     1
 74
     3
 75
     0
 76
     1
 77
     0
 78
     0
281
     0
 65
     1
110
0.0
120
0.0
130
0.0
111
1.0
121
0.0
131
0.0
112
0.0
122
1.0
132
0.0
 79
     0
146
0.0
348
9F
 60
     3
 61
     5
292
     1
282
     1
141
0.0
142
0.0
 63
   250
421
  3355443
1001
ACAD_NAV_VCDISPLAY
1070
     3
  0
ENDTAB
  0
TABLE
  2
LTYPE
  5
5
330
0
100
AcDbSymbolTable
 70
     1
  0
LTYPE
  5
14
330
5
100
AcDbSymbolTableRecord
100
AcDbLinetypeTableRecord
  2
ByBlock
 70
     0
  3

 72
    65
 73
     0
 40
0.0
  0
LTYPE
  5
15
330
5
100
AcDbSymbolTableRecord
100
AcDbLinetypeTableRecord
  2
ByLayer
 70
     0
  3

 72
    65
 73
     0
 40
0.0
  0
LTYPE
  5
16
330
5
100
AcDbSymbolTableRecord
100
AcDbLinetypeTableRecord
  2
Continuous
 70
     0
  3
Solid line
 72
    65
 73
     0
 40
0.0
  0
ENDTAB
  0
TABLE
  2
LAYER
  5
2
102
{ACAD_XDICTIONARY
360
18E
102
}
330
0
100
AcDbSymbolTable
 70
     4
  0
LAYER
  5
10
102
{ACAD_XDICTIONARY
360
E6
102
}
330
2
100
AcDbSymbolTableRecord
100
AcDbLayerTableRecord
  2
0
 70
     0
 62
     7
  6
Continuous
370
    -3
390
F
347
98
348
0
  0
LAYER
  5
223
330
2
100
AcDbSymbolTableRecord
100
AcDbLayerTableRecord
  2
PDF_Geometry
 70
     0
 62
     7
  6
Continuous
370
    -3
390
F
347
98
348
0
  0
LAYER
  5
224
330
2
100
AcDbSymbolTableRecord
100
AcDbLayerTableRecord
  2
PDF_Solid Fills
 70
     0
 62
     7
420
 16777215
  6
Continuous
370
    -3
390
F
347
98
348
0
  0
LAYER
  5
348
330
2
100
AcDbSymbolTableRecord
100
AcDbLayerTableRecord
  2
PDF_Text
 70
     0
 62
     7
  6
Continuous
370
    -3
390
F
347
98
348
0
  0
ENDTAB
  0
TABLE
  2
STYLE
  5
3
330
0
100
AcDbSymbolTable
 70
     4
  0
STYLE
  5
11
330
3
100
AcDbSymbolTableRecord
100
AcDbTextStyleTableRecord
  2
Standard
 70
     0
 40
0.0
 41
1.0
 50
0.0
 71
     0
 42
0.2
  3
arial.ttf
  4

1001
ACAD
1000
Arial
1071
       34
  0
STYLE
  5
DC
330
3
100
AcDbSymbolTableRecord
100
AcDbTextStyleTableRecord
  2
Annotative
 70
     0
 40
0.0
 41
1.0
 50
0.0
 71
     0
 42
0.2
  3
arial.ttf
  4

1001
AcadAnnotative
1000
AnnotativeData
1002
{
1070
     1
1070
     1
1002
}
1001
ACAD
1000
Arial
1071
       34
  0
STYLE
  5
347
330
3
100
AcDbSymbolTableRecord
100
AcDbTextStyleTableRecord
  2
PDF Arial
 70
     0
 40
0.0
 41
1.0
 50
0.0
 71
     0
 42
0.2
  3
arial.ttf
  4

1001
ACAD
1000
Arial
1071
       34
  0
STYLE
  5
34A
330
3
100
AcDbSymbolTableRecord
100
AcDbTextStyleTableRecord
  2
PDF Arial Bold
 70
     0
 40
0.0
 41
1.0
 50
0.0
 71
     0
 42
0.2
  3
arialbd.ttf
  4

1001
ACAD
1000
Arial
1071
 33554466
  0
ENDTAB
  0
TABLE
  2
VIEW
  5
6
330
0
100
AcDbSymbolTable
 70
     0
  0
ENDTAB
  0
TABLE
  2
UCS
  5
7
330
0
100
AcDbSymbolTable
 70
     0
  0
ENDTAB
  0
TABLE
  2
APPID
  5
9
330
0
100
AcDbSymbolTable
 70
     7
  0
APPID
  5
12
330
9
100
AcDbSymbolTableRecord
100
AcDbRegAppTableRecord
  2
ACAD
 70
     0
  0
APPID
  5
DD
330
9
100
AcDbSymbolTableRecord
100
AcDbRegAppTableRecord
  2
AcadAnnoPO
 70
     0
  0
APPID
  5
DE
330
9
100
AcDbSymbolTableRecord
100
AcDbRegAppTableRecord
  2
AcadAnnotative
 70
     0
  0
APPID
  5
DF
330
9
100
AcDbSymbolTableRecord
100
AcDbRegAppTableRecord
  2
ACAD_DSTYLE_DIMJAG
 70
     0
  0
APPID
  5
E0
330
9
100
AcDbSymbolTableRecord
100
AcDbRegAppTableRecord
  2
ACAD_DSTYLE_DIMTALN
 70
     0
  0
APPID
  5
107
330
9
100
AcDbSymbolTableRecord
100
AcDbRegAppTableRecord
  2
ACAD_MLEADERVER
 70
     0
  0
APPID
  5
1A6
330
9
100
AcDbSymbolTableRecord
100
AcDbRegAppTableRecord
  2
ACAD_NAV_VCDISPLAY
 70
     0
  0
ENDTAB
  0
TABLE
  2
DIMSTYLE
  5
A
330
0
100
AcDbSymbolTable
 70
     2
100
AcDbDimStyleTable
 71
     2
340
27
340
E1
  0
DIMSTYLE
105
27
330
A
100
AcDbSymbolTableRecord
100
AcDbDimStyleTableRecord
  2
Standard
 70
     0
340
11
  0
DIMSTYLE
105
E1
330
A
100
AcDbSymbolTableRecord
100
AcDbDimStyleTableRecord
  2
Annotative
 70
     0
 40
0.0
340
11
1001
AcadAnnotative
1000
AnnotativeData
1002
{
1070
     1
1070
     1
1002
}
1001
ACAD_DSTYLE_DIMJAG
1070
   388
1040
1.5
1001
ACAD_DSTYLE_DIMTALN
1070
   392
1070
     0
  0
ENDTAB
  0
TABLE
  2
BLOCK_RECORD
  5
1
330
0
100
AcDbSymbolTable
 70
     1
  0
BLOCK_RECORD
  5
1F
102
{ACAD_XDICTIONARY
360
15D
102
}
330
1
100
AcDbSymbolTableRecord
100
AcDbBlockTableRecord
  2
*Model_Space
340
22
 70
     0
280
     1
281
     0
  0
BLOCK_RECORD
  5
58
330
1
100
AcDbSymbolTableRecord
100
AcDbBlockTableRecord
  2
*Paper_Space
340
59
 70
     0
280
     1
281
     0
  0
BLOCK_RECORD
  5
5D
330
1
100
AcDbSymbolTableRecord
100
AcDbBlockTableRecord
  2
*Paper_Space0
340
5E
 70
     0
280
     1
281
     0
  0
ENDTAB
  0
ENDSEC
  0
SECTION
  2
BLOCKS
  0
BLOCK
  5
20
330
1F
100
AcDbEntity
  8
0
100
AcDbBlockBegin
  2
*Model_Space
 70
     0
 10
0.0
 20
0.0
 30
0.0
  3
*Model_Space
  1

  0
ENDBLK
  5
21
330
1F
100
AcDbEntity
  8
0
100
AcDbBlockEnd
  0
BLOCK
  5
5A
330
58
100
AcDbEntity
 67
     1
  8
0
100
AcDbBlockBegin
  2
*Paper_Space
 70
     0
 10
0.0
 20
0.0
 30
0.0
  3
*Paper_Space
  1

  0
ENDBLK
  5
5B
330
58
100
AcDbEntity
 67
     1
  8
0
100
AcDbBlockEnd
  0
BLOCK
  5
5F
330
5D
100
AcDbEntity
 67
     1
  8
0
100
AcDbBlockBegin
  2
*Paper_Space0
 70
     0
 10
0.0
 20
0.0
 30
0.0
  3
*Paper_Space0
  1

  0
ENDBLK
  5
60
330
5D
100
AcDbEntity
 67
     1
  8
0
100
AcDbBlockEnd
  0
ENDSEC
  0
SECTION
  2
ENTITIES
  0
HATCH
  5
225
330
1F
100
AcDbEntity
  8
PDF_Solid Fills
 62
   254
420
 15000804
440
 33554559
100
AcDbHatch
 10
0.0
 20
0.0
 30
0.0
210
0.0
220
0.0
230
1.0
  2
SOLID
 70
     1
 71
     0
 91
        1
 92
        3
 72
     0
 73
     1
 93
       11
 10
7.558182910457221
 20
5.819400443396112
 10
7.552062329207222
 20
5.819400443396112
 10
7.552062329207222
 20
5.819400443396112
 10
7.552062329207222
 20
5.583262589646112
 10
7.552062329207222
 20
5.583262589646112
 10
7.613261664901666
 20
5.583262589646112
 10
7.613261664901666
 20
5.583262589646112
 10
7.613261664901666
 20
5.794922004479445
 10
7.613261664901666
 20
5.794922004479445
 10
7.558182910457221
 20
5.794922004479445
 10
7.558182910457221
 20
5.794922004479445
 97
        0
 75
     0
 76
     1
 98
        1
 10
0.0
 20
0.0
450
        0
451
        0
460
0.0
461
0.0
452
        0
462
0.0
453
        0
470

  0
HATCH
  5
226
330
1F
100
AcDbEntity
  8
PDF_Solid Fills
 62
   254
420
 15000804
440
 33554559
100
AcDbHatch
 10
0.0
 20
0.0
 30
0.0
210
0.0
220
0.0
230
1.0
  2
SOLID
 70
     1
 71
     0
 91
        1
 92
        3
 72
     0
 73
     1
 93
        7
 10
4.259601541540555
 20
5.828056046340557
 10
9.767436829790554
 20
5.828056046340557
 10
9.767436829790554
 20
5.828056046340557
 10
9.767436829790554
 20
5.842742850618335
 10
9.767436829790554
 20
5.842742850618335
 10
4.259601541540555
 20
5.842742850618335
 10
4.259601541540555
 20
5.842742850618335
 97
        0
 75
     0
 76
     1
 98
        1
 10
0.0
 20
0.0
450
        0
451
        0
460
0.0
461
0.0
452
        0
462
0.0
453
        0
470

  0
HATCH
  5
227
330
1F
100
AcDbEntity
  8
PDF_Solid Fills
 62
   254
420
 15000804
440
 33554559
100
AcDbHatch
 10
0.0
 20
0.0
 30
0.0
210
0.0
220
0.0
230
1.0
  2
SOLID
 70
     1
 71
     0
 91
        1
 92
        3
 72
     0
 73
     1
 93
        7
 10
7.268103629318333
 20
5.992066898062779
 10
7.145707548651667
 20
5.992066898062779
 10
7.145707548651667
 20
5.992066898062779
 10
7.145707548651667
 20
5.900269837562779
 10
7.145707548651667
 20
5.900269837562779
 10
7.268103629318333
 20
5.900269837562779
 10
7.268103629318333
 20
5.900269837562779
 97
        0
 75
     0
 76
     1
 98
        1
 10
0.0
 20
0.0
450
        0
451
        0
460
0.0
461
0.0
452
        0
462
0.0
453
        0
470

  0
HATCH
  5
228
330
1F
100
AcDbEntity
  8
PDF_Solid Fills
 62
   254
420
 15000804
440
 33554559
100
AcDbHatch
 10
0.0
 20
0.0
 30
0.0
210
0.0
220
0.0
230
1.0
  2
SOLID
 70
     1
 71
     0
 91
        1
 92
        3
 72
     0
 73
     1
 93
        7
 10
9.471236967401665
 20
5.992066898062779
 10
9.348840886734999
 20
5.992066898062779
 10
9.348840886734999
 20
5.992066898062779
 10
9.348840886734999
 20
5.900269837562779
 10
9.348840886734999
 20
5.900269837562779
 10
9.471236967401665
 20
5.900269837562779
 10
9.471236967401665
 20
5.900269837562779
 97
        0
 75
     0
 76
     1
 98
        1
 10
0.0
 20
0.0
450
        0
451
        0
460
0.0
461
0.0
452
        0
462
0.0
453
        0
470

  0
HATCH
  5
229
330
1F
100
AcDbEntity
  8
PDF_Solid Fills
 62
   254
420
 15000804
440
 33554559
100
AcDbHatch
 10
0.0
 20
0.0
 30
0.0
210
0.0
220
0.0
230
1.0
  2
SOLID
 70
     1
 71
     0
 91
        1
 92
        3
 72
     0
 73
     1
 93
        9
 10
6.954468206373888
 20
5.903939595590557
 10
6.954468206373888
 20
8.60033349117389
 10
6.954468206373888
 20
8.60033349117389
 10
6.892965756179444
 20
8.60033349117389
 10
6.892965756179444
 20
8.60033349117389
 10
6.892965756179444
 20
5.903942186312779
 10
6.892965756179444
 20
5.903942186312779
 10
6.894799987512777
 20
5.903942186312779
 10
6.894799987512777
 20
5.903942186312779
 97
        0
 75
     0
 76
     1
 98
        1
 10
0.0
 20
0.0
450
        0
451
        0
460
0.0
461
0.0
452
        0
462
0.0
453
        0
470

  0
HATCH
  5
22A
330
1F
100
AcDbEntity
  8
PDF_Solid Fills
 62
   254
420
 15000804
440
 33554559
100
AcDbHatch
 10
0.0
 20
0.0
 30
0.0
210
0.0
220
0.0
230
1.0
  2
SOLID
 70
     1
 71
     0
 91
        1
 92
        3
 72
     0
 73
     1
 93
        9
 10
9.662482786485
 20
5.903939595590557
 10
9.722149709985
 20
5.903942186312779
 10
9.722149709985
 20
5.903942186312779
 10
9.723985236679444
 20
5.903942186312779
 10
9.723985236679444
 20
5.903942186312779
 10
9.723985236679444
 20
8.60033349117389
 10
9.723985236679444
 20
8.60033349117389
 10
9.662482786485
 20
8.60033349117389
 10
9.662482786485
 20
8.60033349117389
 97
        0
 75
     0
 76
     1
 98
        1
 10
0.0
 20
0.0
450
        0
451
        0
460
0.0
461
0.0
452
        0
462
0.0
453
        0
470

  0
HATCH
  5
22B
330
1F
100
AcDbEntity
  8
PDF_Solid Fills
 62
   254
420
 15000804
440
 33554559
100
AcDbHatch
 10
0.0
 20
0.0
 30
0.0
210
0.0
220
0.0
230
1.0
  2
SOLID
 70
     1
 71
     0
 91
        1
 92
        3
 72
     0
 73
     1
 93
        7
 10
9.348840886734999
 20
5.845191083118335
 10
9.471236967401665
 20
5.845191083118335
 10
9.471236967401665
 20
5.845191083118335
 10
9.471236967401665
 20
5.900269837562779
 10
9.471236967401665
 20
5.900269837562779
 10
9.348840886734999
 20
5.900269837562779
 10
9.348840886734999
 20
5.900269837562779
 97
        0
 75
     0
 76
     1
 98
        1
 10
0.0
 20
0.0
450
        0
451
        0
460
0.0
461
0.0
452
        0
462
0.0
453
        0
470

  0
HATCH
  5
22C
330
1F
100
AcDbEntity
  8
PDF_Solid Fills
 62
   254
420
 15000804
440
 33554559
100
AcDbHatch
 10
0.0
 20
0.0
 30
0.0
210
0.0
220
0.0
230
1.0
  2
SOLID
 70
     1
 71
     0
 91
        1
 92
        3
 72
     0
 73
     1
 93
        7
 10
9.723985236679444
 20
5.965444636507223
 10
6.892959279373889
 20
5.965444636507223
 10
6.892959279373889
 20
5.965444636507223
 10
6.892959279373889
 20
5.903942186312779
 10
6.892959279373889
 20
5.903942186312779
 10
9.723985236679444
 20
5.903942186312779
 10
9.723985236679444
 20
5.903942186312779
 97
        0
 75
     0
 76
     1
 98
        1
 10
0.0
 20
0.0
450
        0
451
        0
460
0.0
461
0.0
452
        0
462
0.0
453
        0
470

  0
HATCH
  5
22D
330
1F
100
AcDbEntity
  8
PDF_Solid Fills
 62
   254
420
 15000804
440
 33554559
100
AcDbHatch
 10
0.0
 20
0.0
 30
0.0
210
0.0
220
0.0
230
1.0
  2
SOLID
 70
     1
 71
     0
 91
        1
 92
        3
 72
     0
 73
     1
 93
       11
 10
9.700118208207221
 20
5.794922004479445
 10
9.645040749123888
 20
5.794922004479445
 10
9.645040749123888
 20
5.794922004479445
 10
9.645040749123888
 20
5.583262589646112
 10
9.645040749123888
 20
5.583262589646112
 10
9.706238789457222
 20
5.583262589646112
 10
9.706238789457222
 20
5.583262589646112
 10
9.706238789457222
 20
5.819400443396112
 10
9.706238789457222
 20
5.819400443396112
 10
9.700118208207221
 20
5.819400443396112
 10
9.700118208207221
 20
5.819400443396112
 97
        0
 75
     0
 76
     1
 98
        1
 10
0.0
 20
0.0
450
        0
451
        0
460
0.0
461
0.0
452
        0
462
0.0
453
        0
470

  0
HATCH
  5
22E
330
1F
100
AcDbEntity
  8
PDF_Solid Fills
 62
   254
420
 15000804
440
 33554559
100
AcDbHatch
 10
0.0
 20
0.0
 30
0.0
210
0.0
220
0.0
230
1.0
  2
SOLID
 70
     1
 71
     0
 91
        1
 92
        3
 72
     0
 73
     1
 93
        7
 10
4.259601541540555
 20
8.512207484062779
 10
9.767436829790554
 20
8.512207484062779
 10
9.767436829790554
 20
8.512207484062779
 10
9.767436829790554
 20
8.60400454456278
 10
9.767436829790554
 20
8.60400454456278
 10
4.259601541540555
 20
8.60400454456278
 10
4.259601541540555
 20
8.60400454456278
 97
        0
 75
     0
 76
     1
 98
        1
 10
0.0
 20
0.0
450
        0
451
        0
460
0.0
461
0.0
452
        0
462
0.0
453
        0
470

  0
HATCH
  5
22F
330
1F
100
AcDbEntity
  8
PDF_Solid Fills
 62
   254
420
 15000804
440
 33554559
100
AcDbHatch
 10
0.0
 20
0.0
 30
0.0
210
0.0
220
0.0
230
1.0
  2
SOLID
 70
     1
 71
     0
 91
        1
 92
        3
 72
     0
 73
     1
 93
       11
 10
4.326920163123888
 20
5.819400443396112
 10
4.320799581873889
 20
5.819400443396112
 10
4.320799581873889
 20
5.819400443396112
 10
4.320799581873889
 20
5.583262589646112
 10
4.320799581873889
 20
5.583262589646112
 10
4.381997622207221
 20
5.583262589646112
 10
4.381997622207221
 20
5.583262589646112
 10
4.381997622207221
 20
5.794922004479445
 10
4.381997622207221
 20
5.794922004479445
 10
4.326920163123888
 20
5.794922004479445
 10
4.326920163123888
 20
5.794922004479445
 97
        0
 75
     0
 76
     1
 98
        1
 10
0.0
 20
0.0
450
        0
451
        0
460
0.0
461
0.0
452
        0
462
0.0
453
        0
470

  0
HATCH
  5
230
330
1F
100
AcDbEntity
  8
PDF_Solid Fills
 62
   254
420
 15000804
440
 33554559
100
AcDbHatch
 10
0.0
 20
0.0
 30
0.0
210
0.0
220
0.0
230
1.0
  2
SOLID
 70
     1
 71
     0
 91
        1
 92
        3
 72
     0
 73
     1
 93
       11
 10
5.404007745568333
 20
5.819400443396112
 10
5.397887164318333
 20
5.819400443396112
 10
5.397887164318333
 20
5.819400443396112
 10
5.397887164318333
 20
5.583262589646112
 10
5.397887164318333
 20
5.583262589646112
 10
5.459086500012777
 20
5.583262589646112
 10
5.459086500012777
 20
5.583262589646112
 10
5.459086500012777
 20
5.794922004479445
 10
5.459086500012777
 20
5.794922004479445
 10
5.404007745568333
 20
5.794922004479445
 10
5.404007745568333
 20
5.794922004479445
 97
        0
 75
     0
 76
     1
 98
        1
 10
0.0
 20
0.0
450
        0
451
        0
460
0.0
461
0.0
452
        0
462
0.0
453
        0
470

  0
HATCH
  5
231
330
1F
100
AcDbEntity
  8
PDF_Solid Fills
 62
   254
420
 15000804
440
 33554559
100
AcDbHatch
 10
0.0
 20
0.0
 30
0.0
210
0.0
220
0.0
230
1.0
  2
SOLID
 70
     1
 71
     0
 91
        1
 92
        3
 72
     0
 73
     1
 93
       11
 10
6.481095328012777
 20
5.819400443396112
 10
6.474976042123889
 20
5.819400443396112
 10
6.474976042123889
 20
5.819400443396112
 10
6.474976042123889
 20
5.583262589646112
 10
6.474976042123889
 20
5.583262589646112
 10
6.536174082457221
 20
5.583262589646112
 10
6.536174082457221
 20
5.583262589646112
 10
6.536174082457221
 20
5.794922004479445
 10
6.536174082457221
 20
5.794922004479445
 10
6.481095328012777
 20
5.794922004479445
 10
6.481095328012777
 20
5.794922004479445
 97
        0
 75
     0
 76
     1
 98
        1
 10
0.0
 20
0.0
450
        0
451
        0
460
0.0
461
0.0
452
        0
462
0.0
453
        0
470

  0
HATCH
  5
232
330
1F
100
AcDbEntity
  8
PDF_Solid Fills
 62
   254
420
 15000804
440
 33554559
100
AcDbHatch
 10
0.0
 20
0.0
 30
0.0
210
0.0
220
0.0
230
1.0
  2
SOLID
 70
     1
 71
     0
 91
        1
 92
        3
 72
     0
 73
     1
 93
       11
 10
8.635270492901666
 20
5.819400443396112
 10
8.629151207012776
 20
5.819400443396112
 10
8.629151207012776
 20
5.819400443396112
 10
8.629151207012776
 20
5.583262589646112
 10
8.629151207012776
 20
5.583262589646112
 10
8.690349247346111
 20
5.583262589646112
 10
8.690349247346111
 20
5.583262589646112
 10
8.690349247346111
 20
5.794922004479445
 10
8.690349247346111
 20
5.794922004479445
 10
8.635270492901666
 20
5.794922004479445
 10
8.635270492901666
 20
5.794922004479445
 97
        0
 75
     0
 76
     1
 98
        1
 10
0.0
 20
0.0
450
        0
451
        0
460
0.0
461
0.0
452
        0
462
0.0
453
        0
470

  0
HATCH
  5
233
330
1F
100
AcDbEntity
  8
PDF_Solid Fills
 62
   254
420
 15000804
440
 33554559
100
AcDbHatch
 10
0.0
 20
0.0
 30
0.0
210
0.0
220
0.0
230
1.0
  2
SOLID
 70
     1
 71
     0
 91
        1
 92
        3
 72
     0
 73
     1
 93
        7
 10
4.259601541540555
 20
5.780456706951667
 10
9.767436829790554
 20
5.780456706951667
 10
9.767436829790554
 20
5.780456706951667
 10
9.767436829790554
 20
5.828053455618334
 10
9.767436829790554
 20
5.828053455618334
 10
4.259601541540555
 20
5.828053455618334
 10
4.259601541540555
 20
5.828053455618334
 97
        0
 75
     0
 76
     1
 98
        1
 10
0.0
 20
0.0
450
        0
451
        0
460
0.0
461
0.0
452
        0
462
0.0
453
        0
470

  0
HATCH
  5
234
330
1F
100
AcDbEntity
  8
PDF_Solid Fills
 62
   254
420
 15000804
440
 33554559
100
AcDbHatch
 10
0.0
 20
0.0
 30
0.0
210
0.0
220
0.0
230
1.0
  2
SOLID
 70
     1
 71
     0
 91
        1
 92
        3
 72
     0
 73
     1
 93
        7
 10
7.145707548651667
 20
5.845191083118335
 10
7.268103629318333
 20
5.845191083118335
 10
7.268103629318333
 20
5.845191083118335
 10
7.268103629318333
 20
5.900269837562779
 10
7.268103629318333
 20
5.900269837562779
 10
7.145707548651667
 20
5.900269837562779
 10
7.145707548651667
 20
5.900269837562779
 97
        0
 75
     0
 76
     1
 98
        1
 10
0.0
 20
0.0
450
        0
451
        0
460
0.0
461
0.0
452
        0
462
0.0
453
        0
470

  0
HATCH
  5
235
330
1F
100
AcDbEntity
  8
PDF_Solid Fills
 62
   254
420
 15000804
440
 33554559
100
AcDbHatch
 10
0.0
 20
0.0
 30
0.0
210
0.0
220
0.0
230
1.0
  2
SOLID
 70
     1
 71
     0
 91
        1
 92
        3
 72
     0
 73
     1
 93
        7
 10
4.788498817429166
 20
2.531037517650833
 10
4.788498817429166
 20
2.524916936400831
 10
4.788498817429166
 20
2.524916936400831
 10
4.917015479345835
 20
2.524916936400831
 10
4.917015479345835
 20
2.524916936400831
 10
4.917015479345835
 20
2.531037517650833
 10
4.917015479345835
 20
2.531037517650833
 97
        0
 75
     0
 76
     1
 98
        1
 10
0.0
 20
0.0
450
        0
451
        0
460
0.0
461
0.0
452
        0
462
0.0
453
        0
470

  0
HATCH
  5
236
330
1F
100
AcDbEntity
  8
PDF_Solid Fills
 62
   254
420
 15000804
440
 33554559
100
AcDbHatch
 10
0.0
 20
0.0
 30
0.0
210
0.0
220
0.0
230
1.0
  2
SOLID
 70
     1
 71
     0
 91
        1
 92
        3
 72
     0
 73
     1
 93
        7
 10
6.849042690484722
 20
2.524916936400831
 10
6.787844650151389
 20
2.524916936400831
 10
6.787844650151389
 20
2.524916936400831
 10
6.787844650151389
 20
2.430672938761944
 10
6.787844650151389
 20
2.430672938761944
 10
6.849042690484722
 20
2.430672938761944
 10
6.849042690484722
 20
2.430672938761944
 97
        0
 75
     0
 76
     1
 98
        1
 10
0.0
 20
0.0
450
        0
451
        0
460
0.0
461
0.0
452
        0
462
0.0
453
        0
470

  0
HATCH
  5
237
330
1F
100
AcDbEntity
  8
PDF_Solid Fills
 62
   254
420
 15000804
440
 33554559
100
AcDbHatch
 10
0.0
 20
0.0
 30
0.0
210
0.0
220
0.0
230
1.0
  2
SOLID
 70
     1
 71
     0
 91
        1
 92
        3
 72
     0
 73
     1
 93
        7
 10
8.777396257512499
 20
2.524916936400831
 10
8.716196921818056
 20
2.524916936400831
 10
8.716196921818056
 20
2.524916936400831
 10
8.716196921818056
 20
2.430672938761944
 10
8.716196921818056
 20
2.430672938761944
 10
8.777396257512499
 20
2.430672938761944
 10
8.777396257512499
 20
2.430672938761944
 97
        0
 75
     0
 76
     1
 98
        1
 10
0.0
 20
0.0
450
        0
451
        0
460
0.0
461
0.0
452
        0
462
0.0
453
        0
470

  0
HATCH
  5
238
330
1F
100
AcDbEntity
  8
PDF_Solid Fills
 62
   254
420
 15000804
440
 33554559
100
AcDbHatch
 10
0.0
 20
0.0
 30
0.0
210
0.0
220
0.0
230
1.0
  2
SOLID
 70
     1
 71
     0
 91
        1
 92
        3
 72
     0
 73
     1
 93
        7
 10
4.852757796068057
 20
2.524916936400831
 10
4.791559755734724
 20
2.524916936400831
 10
4.791559755734724
 20
2.524916936400831
 10
4.791559755734724
 20
2.430672938761944
 10
4.791559755734724
 20
2.430672938761944
 10
4.852757796068057
 20
2.430672938761944
 10
4.852757796068057
 20
2.430672938761944
 97
        0
 75
     0
 76
     1
 98
        1
 10
0.0
 20
0.0
450
        0
451
        0
460
0.0
461
0.0
452
        0
462
0.0
453
        0
470

  0
HATCH
  5
239
330
1F
100
AcDbEntity
  8
PDF_Solid Fills
 62
   254
420
 15000804
440
 33554559
100
AcDbHatch
 10
0.0
 20
0.0
 30
0.0
210
0.0
220
0.0
230
1.0
  2
SOLID
 70
     1
 71
     0
 91
        1
 92
        3
 72
     0
 73
     1
 93
        7
 10
5.449439984679168
 20
2.531037517650833
 10
5.449439984679168
 20
2.524916936400831
 10
5.449439984679168
 20
2.524916936400831
 10
5.577955351234723
 20
2.524916936400831
 10
5.577955351234723
 20
2.524916936400831
 10
5.577955351234723
 20
2.531037517650833
 10
5.577955351234723
 20
2.531037517650833
 97
        0
 75
     0
 76
     1
 98
        1
 10
0.0
 20
0.0
450
        0
451
        0
460
0.0
461
0.0
452
        0
462
0.0
453
        0
470

  0
HATCH
  5
23A
330
1F
100
AcDbEntity
  8
PDF_Solid Fills
 62
   254
420
 15000804
440
 33554559
100
AcDbHatch
 10
0.0
 20
0.0
 30
0.0
210
0.0
220
0.0
230
1.0
  2
SOLID
 70
     1
 71
     0
 91
        1
 92
        3
 72
     0
 73
     1
 93
        7
 10
6.188102818595834
 20
2.524916936400831
 10
6.1269047782625
 20
2.524916936400831
 10
6.1269047782625
 20
2.524916936400831
 10
6.1269047782625
 20
2.430672938761944
 10
6.1269047782625
 20
2.430672938761944
 10
6.188102818595834
 20
2.430672938761944
 10
6.188102818595834
 20
2.430672938761944
 97
        0
 75
     0
 76
     1
 98
        1
 10
0.0
 20
0.0
450
        0
451
        0
460
0.0
461
0.0
452
        0
462
0.0
453
        0
470

  0
HATCH
  5
23B
330
1F
100
AcDbEntity
  8
PDF_Solid Fills
 62
   254
420
 15000804
440
 33554559
100
AcDbHatch
 10
0.0
 20
0.0
 30
0.0
210
0.0
220
0.0
230
1.0
  2
SOLID
 70
     1
 71
     0
 91
        1
 92
        3
 72
     0
 73
     1
 93
        7
 10
6.784785007206943
 20
2.531037517650833
 10
6.784785007206943
 20
2.524916936400831
 10
6.784785007206943
 20
2.524916936400831
 10
6.913301669123613
 20
2.524916936400831
 10
6.913301669123613
 20
2.524916936400831
 10
6.913301669123613
 20
2.531037517650833
 10
6.913301669123613
 20
2.531037517650833
 97
        0
 75
     0
 76
     1
 98
        1
 10
0.0
 20
0.0
450
        0
451
        0
460
0.0
461
0.0
452
        0
462
0.0
453
        0
470

  0
HATCH
  5
23C
330
1F
100
AcDbEntity
  8
PDF_Solid Fills
 62
   254
420
 15000804
440
 33554559
100
AcDbHatch
 10
0.0
 20
0.0
 30
0.0
210
0.0
220
0.0
230
1.0
  2
SOLID
 70
     1
 71
     0
 91
        1
 92
        3
 72
     0
 73
     1
 93
        7
 10
4.852757796068057
 20
2.430672938761944
 10
4.913955836401389
 20
2.430672938761944
 10
4.913955836401389
 20
2.430672938761944
 10
4.913955836401389
 20
2.524916936400831
 10
4.913955836401389
 20
2.524916936400831
 10
4.852757796068057
 20
2.524916936400831
 10
4.852757796068057
 20
2.524916936400831
 97
        0
 75
     0
 76
     1
 98
        1
 10
0.0
 20
0.0
450
        0
451
        0
460
0.0
461
0.0
452
        0
462
0.0
453
        0
470

  0
HATCH
  5
23D
330
1F
100
AcDbEntity
  8
PDF_Solid Fills
 62
   254
420
 15000804
440
 33554559
100
AcDbHatch
 10
0.0
 20
0.0
 30
0.0
210
0.0
220
0.0
230
1.0
  2
SOLID
 70
     1
 71
     0
 91
        1
 92
        3
 72
     0
 73
     1
 93
        7
 10
7.205826592040278
 20
2.524916936400831
 10
7.144628551706945
 20
2.524916936400831
 10
7.144628551706945
 20
2.524916936400831
 10
7.144628551706945
 20
2.430672938761944
 10
7.144628551706945
 20
2.430672938761944
 10
7.205826592040278
 20
2.430672938761944
 10
7.205826592040278
 20
2.430672938761944
 97
        0
 75
     0
 76
     1
 98
        1
 10
0.0
 20
0.0
450
        0
451
        0
460
0.0
461
0.0
452
        0
462
0.0
453
        0
470

  0
HATCH
  5
23E
330
1F
100
AcDbEntity
  8
PDF_Solid Fills
 62
   254
420
 15000804
440
 33554559
100
AcDbHatch
 10
0.0
 20
0.0
 30
0.0
210
0.0
220
0.0
230
1.0
  2
SOLID
 70
     1
 71
     0
 91
        1
 92
        3
 72
     0
 73
     1
 93
      151
 10
6.614127657623612
 20
2.515522977623056
 10
6.619667917095833
 20
2.501812875623055
 10
6.619667917095833
 20
2.501812875623055
 10
6.632162970373611
 20
2.488843720178611
 10
6.632162970373611
 20
2.488843720178611
 10
6.662043065123611
 20
2.488843720178611
 10
6.662043065123611
 20
2.488843720178611
 10
6.702433719929167
 20
2.530457195873058
 10
6.702433719929167
 20
2.530457195873058
 10
6.775334052540278
 20
2.530457195873058
 10
6.775334052540278
 20
2.530457195873058
 10
6.780229222179167
 20
2.524336614623056
 10
6.780229222179167
 20
2.524336614623056
 10
6.819969605706945
 20
2.524336614623056
 10
6.819969605706945
 20
2.524336614623056
 10
6.824864775345834
 20
2.530457195873058
 10
6.824864775345834
 20
2.530457195873058
 10
6.897763812595833
 20
2.530457195873058
 10
6.897763812595833
 20
2.530457195873058
 10
6.938154467401389
 20
2.488843720178611
 10
6.938154467401389
 20
2.488843720178611
 10
6.968034562151389
 20
2.488843720178611
 10
6.968034562151389
 20
2.488843720178611
 10
7.008425216956945
 20
2.530457195873058
 10
7.008425216956945
 20
2.530457195873058
 10
7.081324254206944
 20
2.530457195873058
 10
7.081324254206944
 20
2.530457195873058
 10
7.086220719206945
 20
2.524336614623056
 10
7.086220719206945
 20
2.524336614623056
 10
7.125959807373611
 20
2.524336614623056
 10
7.125959807373611
 20
2.524336614623056
 10
7.130856272373611
 20
2.530457195873058
 10
7.130856272373611
 20
2.530457195873058
 10
7.203755309623611
 20
2.530457195873058
 10
7.203755309623611
 20
2.530457195873058
 10
7.244145964429167
 20
2.488843720178611
 10
7.244145964429167
 20
2.488843720178611
 10
7.274024763818056
 20
2.488843720178611
 10
7.274024763818056
 20
2.488843720178611
 10
7.314415418623611
 20
2.530457195873058
 10
7.314415418623611
 20
2.530457195873058
 10
7.38731445587361
 20
2.530457195873058
 10
7.38731445587361
 20
2.530457195873058
 10
7.392210920873611
 20
2.524336614623056
 10
7.392210920873611
 20
2.524336614623056
 10
7.431950009040278
 20
2.524336614623056
 10
7.431950009040278
 20
2.524336614623056
 10
7.436846474040278
 20
2.530457195873058
 10
7.436846474040278
 20
2.530457195873058
 10
7.509745511290278
 20
2.530457195873058
 10
7.509745511290278
 20
2.530457195873058
 10
7.550136166095834
 20
2.488843720178611
 10
7.550136166095834
 20
2.488843720178611
 10
7.580016260845834
 20
2.488843720178611
 10
7.580016260845834
 20
2.488843720178611
 10
7.62040691565139
 20
2.530457195873058
 10
7.62040691565139
 20
2.530457195873058
 10
7.69330595290139
 20
2.530457195873058
 10
7.69330595290139
 20
2.530457195873058
 10
7.698201122540277
 20
2.524336614623056
 10
7.698201122540277
 20
2.524336614623056
 10
7.737941506068056
 20
2.524336614623056
 10
7.737941506068056
 20
2.524336614623056
 10
7.742836675706945
 20
2.530457195873058
 10
7.742836675706945
 20
2.530457195873058
 10
7.815737008318055
 20
2.530457195873058
 10
7.815737008318055
 20
2.530457195873058
 10
7.856127663123611
 20
2.488843720178611
 10
7.856127663123611
 20
2.488843720178611
 10
7.8860064625125
 20
2.488843720178611
 10
7.8860064625125
 20
2.488843720178611
 10
7.926397117318056
 20
2.530457195873058
 10
7.926397117318056
 20
2.530457195873058
 10
7.935920612206945
 20
2.530457195873058
 10
7.935920612206945
 20
2.530457195873058
 10
7.935920612206945
 20
2.531037517650833
 10
7.935920612206945
 20
2.531037517650833
 10
7.926152294068056
 20
2.531037517650833
 10
7.926152294068056
 20
2.531037517650833
 10
7.885761639262501
 20
2.489422746595277
 10
7.885761639262501
 20
2.489422746595277
 10
7.856372486373611
 20
2.489422746595277
 10
7.856372486373611
 20
2.489422746595277
 10
7.815981831568056
 20
2.531037517650833
 10
7.815981831568056
 20
2.531037517650833
 10
7.742558173068056
 20
2.531037517650833
 10
7.742558173068056
 20
2.531037517650833
 10
7.737663003429167
 20
2.524916936400831
 10
7.737663003429167
 20
2.524916936400831
 10
7.698480920540278
 20
2.524916936400831
 10
7.698480920540278
 20
2.524916936400831
 10
7.693584455540278
 20
2.531037517650833
 10
7.693584455540278
 20
2.531037517650833
 10
7.620162092401389
 20
2.531037517650833
 10
7.620162092401389
 20
2.531037517650833
 10
7.579770142234723
 20
2.489422746595277
 10
7.579770142234723
 20
2.489422746595277
 10
7.550382284706945
 20
2.489422746595277
 10
7.550382284706945
 20
2.489422746595277
 10
7.509991629901389
 20
2.531037517650833
 10
7.509991629901389
 20
2.531037517650833
 10
7.436567971401389
 20
2.531037517650833
 10
7.436567971401389
 20
2.531037517650833
 10
7.431671506401389
 20
2.524916936400831
 10
7.431671506401389
 20
2.524916936400831
 10
7.3924894235125
 20
2.524916936400831
 10
7.3924894235125
 20
2.524916936400831
 10
7.387594253873611
 20
2.531037517650833
 10
7.387594253873611
 20
2.531037517650833
 10
7.314170595373612
 20
2.531037517650833
 10
7.314170595373612
 20
2.531037517650833
 10
7.273779940568056
 20
2.489422746595277
 10
7.273779940568056
 20
2.489422746595277
 10
7.244390787679167
 20
2.489422746595277
 10
7.244390787679167
 20
2.489422746595277
 10
7.204000132873611
 20
2.531037517650833
 10
7.204000132873611
 20
2.531037517650833
 10
7.130576474373611
 20
2.531037517650833
 10
7.130576474373611
 20
2.531037517650833
 10
7.125681304734722
 20
2.524916936400831
 10
7.125681304734722
 20
2.524916936400831
 10
7.086499221845834
 20
2.524916936400831
 10
7.086499221845834
 20
2.524916936400831
 10
7.081602756845834
 20
2.531037517650833
 10
7.081602756845834
 20
2.531037517650833
 10
7.008179098345834
 20
2.531037517650833
 10
7.008179098345834
 20
2.531037517650833
 10
6.967788443540277
 20
2.489422746595277
 10
6.967788443540277
 20
2.489422746595277
 10
6.938400586012501
 20
2.489422746595277
 10
6.938400586012501
 20
2.489422746595277
 10
6.898008635845833
 20
2.531037517650833
 10
6.898008635845833
 20
2.531037517650833
 10
6.824586272706945
 20
2.531037517650833
 10
6.824586272706945
 20
2.531037517650833
 10
6.819689807706944
 20
2.524916936400831
 10
6.819689807706944
 20
2.524916936400831
 10
6.780507724818056
 20
2.524916936400831
 10
6.780507724818056
 20
2.524916936400831
 10
6.775612555179167
 20
2.531037517650833
 10
6.775612555179167
 20
2.531037517650833
 10
6.702188896679167
 20
2.531037517650833
 10
6.702188896679167
 20
2.531037517650833
 10
6.661798241873611
 20
2.489422746595277
 10
6.661798241873611
 20
2.489422746595277
 10
6.632409088984722
 20
2.489422746595277
 10
6.632409088984722
 20
2.489422746595277
 10
6.620162745040278
 20
2.502134125178613
 10
6.620162745040278
 20
2.502134125178613
 10
6.614665232484723
 20
2.515739302928615
 10
6.614665232484723
 20
2.515739302928615
 97
        0
 75
     0
 76
     1
 98
        1
 10
0.0
 20
0.0
450
        0
451
        0
460
0.0
461
0.0
452
        0
462
0.0
453
        0
470

  0
HATCH
  5
23F
330
1F
100
AcDbEntity
  8
PDF_Solid Fills
 62
   254
420
 15000804
440
 33554559
100
AcDbHatch
 10
0.0
 20
0.0
 30
0.0
210
0.0
220
0.0
230
1.0
  2
SOLID
 70
     1
 71
     0
 91
        1
 92
        3
 72
     0
 73
     1
 93
        7
 10
7.205826592040278
 20
2.430672938761944
 10
7.267024632373612
 20
2.430672938761944
 10
7.267024632373612
 20
2.430672938761944
 10
7.267024632373612
 20
2.524916936400831
 10
7.267024632373612
 20
2.524916936400831
 10
7.205826592040278
 20
2.524916936400831
 10
7.205826592040278
 20
2.524916936400831
 97
        0
 75
     0
 76
     1
 98
        1
 10
0.0
 20
0.0
450
        0
451
        0
460
0.0
461
0.0
452
        0
462
0.0
453
        0
470

  0
HATCH
  5
240
330
1F
100
AcDbEntity
  8
PDF_Solid Fills
 62
   254
420
 15000804
440
 33554559
100
AcDbHatch
 10
0.0
 20
0.0
 30
0.0
210
0.0
220
0.0
230
1.0
  2
SOLID
 70
     1
 71
     0
 91
        1
 92
        3
 72
     0
 73
     1
 93
        7
 10
6.849042690484722
 20
2.430672938761944
 10
6.910240730818054
 20
2.430672938761944
 10
6.910240730818054
 20
2.430672938761944
 10
6.910240730818054
 20
2.524916936400831
 10
6.910240730818054
 20
2.524916936400831
 10
6.849042690484722
 20
2.524916936400831
 10
6.849042690484722
 20
2.524916936400831
 97
        0
 75
     0
 76
     1
 98
        1
 10
0.0
 20
0.0
450
        0
451
        0
460
0.0
461
0.0
452
        0
462
0.0
453
        0
470

  0
HATCH
  5
241
330
1F
100
AcDbEntity
  8
PDF_Solid Fills
 62
   254
420
 15000804
440
 33554559
100
AcDbHatch
 10
0.0
 20
0.0
 30
0.0
210
0.0
220
0.0
230
1.0
  2
SOLID
 70
     1
 71
     0
 91
        1
 92
        3
 72
     0
 73
     1
 93
        7
 10
9.560732210068055
 20
2.524916936400831
 10
9.499534169734722
 20
2.524916936400831
 10
9.499534169734722
 20
2.524916936400831
 10
9.499534169734722
 20
2.430672938761944
 10
9.499534169734722
 20
2.430672938761944
 10
9.560732210068055
 20
2.430672938761944
 10
9.560732210068055
 20
2.430672938761944
 97
        0
 75
     0
 76
     1
 98
        1
 10
0.0
 20
0.0
450
        0
451
        0
460
0.0
461
0.0
452
        0
462
0.0
453
        0
470

  0
HATCH
  5
242
330
1F
100
AcDbEntity
  8
PDF_Solid Fills
 62
   254
420
 15000804
440
 33554559
100
AcDbHatch
 10
0.0
 20
0.0
 30
0.0
210
0.0
220
0.0
230
1.0
  2
SOLID
 70
     1
 71
     0
 91
        1
 92
        3
 72
     0
 73
     1
 93
        7
 10
8.713137278873611
 20
2.531037517650833
 10
8.713137278873611
 20
2.524916936400831
 10
8.713137278873611
 20
2.524916936400831
 10
8.841653940790278
 20
2.524916936400831
 10
8.841653940790278
 20
2.524916936400831
 10
8.841653940790278
 20
2.531037517650833
 10
8.841653940790278
 20
2.531037517650833
 97
        0
 75
     0
 76
     1
 98
        1
 10
0.0
 20
0.0
450
        0
451
        0
460
0.0
461
0.0
452
        0
462
0.0
453
        0
470

  0
HATCH
  5
243
330
1F
100
AcDbEntity
  8
PDF_Solid Fills
 62
   254
420
 15000804
440
 33554559
100
AcDbHatch
 10
0.0
 20
0.0
 30
0.0
210
0.0
220
0.0
230
1.0
  2
SOLID
 70
     1
 71
     0
 91
        1
 92
        3
 72
     0
 73
     1
 93
        7
 10
9.560732210068055
 20
2.430672938761944
 10
9.621930250401389
 20
2.430672938761944
 10
9.621930250401389
 20
2.430672938761944
 10
9.621930250401389
 20
2.524916936400831
 10
9.621930250401389
 20
2.524916936400831
 10
9.560732210068055
 20
2.524916936400831
 10
9.560732210068055
 20
2.524916936400831
 97
        0
 75
     0
 76
     1
 98
        1
 10
0.0
 20
0.0
450
        0
451
        0
460
0.0
461
0.0
452
        0
462
0.0
453
        0
470

  0
HATCH
  5
244
330
1F
100
AcDbEntity
  8
PDF_Solid Fills
 62
   254
420
 15000804
440
 33554559
100
AcDbHatch
 10
0.0
 20
0.0
 30
0.0
210
0.0
220
0.0
230
1.0
  2
SOLID
 70
     1
 71
     0
 91
        1
 92
        3
 72
     0
 73
     1
 93
        7
 10
7.141568908762501
 20
2.531037517650833
 10
7.141568908762501
 20
2.524916936400831
 10
7.141568908762501
 20
2.524916936400831
 10
7.270085570679166
 20
2.524916936400831
 10
7.270085570679166
 20
2.524916936400831
 10
7.270085570679166
 20
2.531037517650833
 10
7.270085570679166
 20
2.531037517650833
 97
        0
 75
     0
 76
     1
 98
        1
 10
0.0
 20
0.0
450
        0
451
        0
460
0.0
461
0.0
452
        0
462
0.0
453
        0
470

  0
HATCH
  5
245
330
1F
100
AcDbEntity
  8
PDF_Solid Fills
 62
   254
420
 15000804
440
 33554559
100
AcDbHatch
 10
0.0
 20
0.0
 30
0.0
210
0.0
220
0.0
230
1.0
  2
SOLID
 70
     1
 71
     0
 91
        1
 92
        3
 72
     0
 73
     1
 93
        7
 10
9.496474526790278
 20
2.531037517650833
 10
9.496474526790278
 20
2.524916936400831
 10
9.496474526790278
 20
2.524916936400831
 10
9.624989893345833
 20
2.524916936400831
 10
9.624989893345833
 20
2.524916936400831
 10
9.624989893345833
 20
2.531037517650833
 10
9.624989893345833
 20
2.531037517650833
 97
        0
 75
     0
 76
     1
 98
        1
 10
0.0
 20
0.0
450
        0
451
        0
460
0.0
461
0.0
452
        0
462
0.0
453
        0
470

  0
HATCH
  5
246
330
1F
100
AcDbEntity
  8
PDF_Solid Fills
 62
   254
420
 15000804
440
 33554559
100
AcDbHatch
 10
0.0
 20
0.0
 30
0.0
210
0.0
220
0.0
230
1.0
  2
SOLID
 70
     1
 71
     0
 91
        1
 92
        3
 72
     0
 73
     1
 93
        7
 10
8.777396257512499
 20
2.430672938761944
 10
8.838594297845833
 20
2.430672938761944
 10
8.838594297845833
 20
2.430672938761944
 10
8.838594297845833
 20
2.524916936400831
 10
8.838594297845833
 20
2.524916936400831
 10
8.777396257512499
 20
2.524916936400831
 10
8.777396257512499
 20
2.524916936400831
 97
        0
 75
     0
 76
     1
 98
        1
 10
0.0
 20
0.0
450
        0
451
        0
460
0.0
461
0.0
452
        0
462
0.0
453
        0
470

  0
HATCH
  5
247
330
1F
100
AcDbEntity
  8
PDF_Solid Fills
 62
   254
420
 15000804
440
 33554559
100
AcDbHatch
 10
0.0
 20
0.0
 30
0.0
210
0.0
220
0.0
230
1.0
  2
SOLID
 70
     1
 71
     0
 91
        1
 92
        3
 72
     0
 73
     1
 93
        7
 10
6.123845135318056
 20
2.531037517650833
 10
6.123845135318056
 20
2.524916936400831
 10
6.123845135318056
 20
2.524916936400831
 10
6.252360501873611
 20
2.524916936400831
 10
6.252360501873611
 20
2.524916936400831
 10
6.252360501873611
 20
2.531037517650833
 10
6.252360501873611
 20
2.531037517650833
 97
        0
 75
     0
 76
     1
 98
        1
 10
0.0
 20
0.0
450
        0
451
        0
460
0.0
461
0.0
452
        0
462
0.0
453
        0
470

  0
HATCH
  5
248
330
1F
100
AcDbEntity
  8
PDF_Solid Fills
 62
   254
420
 15000804
440
 33554559
100
AcDbHatch
 10
0.0
 20
0.0
 30
0.0
210
0.0
220
0.0
230
1.0
  2
SOLID
 70
     1
 71
     0
 91
        1
 92
        3
 72
     0
 73
     1
 93
        7
 10
6.188102818595834
 20
2.430672938761944
 10
6.249300858929167
 20
2.430672938761944
 10
6.249300858929167
 20
2.430672938761944
 10
6.249300858929167
 20
2.524916936400831
 10
6.249300858929167
 20
2.524916936400831
 10
6.188102818595834
 20
2.524916936400831
 10
6.188102818595834
 20
2.524916936400831
 97
        0
 75
     0
 76
     1
 98
        1
 10
0.0
 20
0.0
450
        0
451
        0
460
0.0
461
0.0
452
        0
462
0.0
453
        0
470

  0
HATCH
  5
249
330
1F
100
AcDbEntity
  8
PDF_Solid Fills
 62
   254
420
 15000804
440
 33554559
100
AcDbHatch
 10
0.0
 20
0.0
 30
0.0
210
0.0
220
0.0
230
1.0
  2
SOLID
 70
     1
 71
     0
 91
        1
 92
        3
 72
     0
 73
     1
 93
        7
 10
4.334408684568056
 20
2.344996459511946
 10
9.842243972818055
 20
2.344996459511946
 10
9.842243972818055
 20
2.344996459511946
 10
9.842243972818055
 20
2.430672938761944
 10
9.842243972818055
 20
2.430672938761944
 10
4.334408684568056
 20
2.430672938761944
 10
4.334408684568056
 20
2.430672938761944
 97
        0
 75
     0
 76
     1
 98
        1
 10
0.0
 20
0.0
450
        0
451
        0
460
0.0
461
0.0
452
        0
462
0.0
453
        0
470

  0
HATCH
  5
24A
330
1F
100
AcDbEntity
  8
PDF_Solid Fills
 62
   254
420
 15000804
440
 33554559
100
AcDbHatch
 10
0.0
 20
0.0
 30
0.0
210
0.0
220
0.0
230
1.0
  2
SOLID
 70
     1
 71
     0
 91
        1
 92
        3
 72
     0
 73
     1
 93
        7
 10
7.924904861318055
 20
2.531037517650833
 10
7.924904861318055
 20
2.524916936400831
 10
7.924904861318055
 20
2.524916936400831
 10
8.053421523234723
 20
2.524916936400831
 10
8.053421523234723
 20
2.524916936400831
 10
8.053421523234723
 20
2.531037517650833
 10
8.053421523234723
 20
2.531037517650833
 97
        0
 75
     0
 76
     1
 98
        1
 10
0.0
 20
0.0
450
        0
451
        0
460
0.0
461
0.0
452
        0
462
0.0
453
        0
470

  0
HATCH
  5
24B
330
1F
100
AcDbEntity
  8
PDF_Solid Fills
 62
   254
420
 15000804
440
 33554559
100
AcDbHatch
 10
0.0
 20
0.0
 30
0.0
210
0.0
220
0.0
230
1.0
  2
SOLID
 70
     1
 71
     0
 91
        1
 92
        3
 72
     0
 73
     1
 93
        7
 10
5.513697667956946
 20
2.430672938761944
 10
5.574895708290278
 20
2.430672938761944
 10
5.574895708290278
 20
2.430672938761944
 10
5.574895708290278
 20
2.524916936400831
 10
5.574895708290278
 20
2.524916936400831
 10
5.513697667956946
 20
2.524916936400831
 10
5.513697667956946
 20
2.524916936400831
 97
        0
 75
     0
 76
     1
 98
        1
 10
0.0
 20
0.0
450
        0
451
        0
460
0.0
461
0.0
452
        0
462
0.0
453
        0
470

  0
HATCH
  5
24C
330
1F
100
AcDbEntity
  8
PDF_Solid Fills
 62
   254
420
 15000804
440
 33554559
100
AcDbHatch
 10
0.0
 20
0.0
 30
0.0
210
0.0
220
0.0
230
1.0
  2
SOLID
 70
     1
 71
     0
 91
        1
 92
        3
 72
     0
 73
     1
 93
        7
 10
5.513697667956946
 20
2.524916936400831
 10
5.452499627623612
 20
2.524916936400831
 10
5.452499627623612
 20
2.524916936400831
 10
5.452499627623612
 20
2.430672938761944
 10
5.452499627623612
 20
2.430672938761944
 10
5.513697667956946
 20
2.430672938761944
 10
5.513697667956946
 20
2.430672938761944
 97
        0
 75
     0
 76
     1
 98
        1
 10
0.0
 20
0.0
450
        0
451
        0
460
0.0
461
0.0
452
        0
462
0.0
453
        0
470

  0
HATCH
  5
24D
330
1F
100
AcDbEntity
  8
PDF_Solid Fills
 62
   254
420
 15000804
440
 33554559
100
AcDbHatch
 10
0.0
 20
0.0
 30
0.0
210
0.0
220
0.0
230
1.0
  2
SOLID
 70
     1
 71
     0
 91
        1
 92
        3
 72
     0
 73
     1
 93
        7
 10
4.423146102123611
 20
2.531037517650833
 10
4.423146102123611
 20
2.524916936400831
 10
4.423146102123611
 20
2.524916936400831
 10
4.551662764040279
 20
2.524916936400831
 10
4.551662764040279
 20
2.524916936400831
 10
4.551662764040279
 20
2.531037517650833
 10
4.551662764040279
 20
2.531037517650833
 97
        0
 75
     0
 76
     1
 98
        1
 10
0.0
 20
0.0
450
        0
451
        0
460
0.0
461
0.0
452
        0
462
0.0
453
        0
470

  0
HATCH
  5
24E
330
1F
100
AcDbEntity
  8
PDF_Solid Fills
 62
   254
420
 15000804
440
 33554559
100
AcDbHatch
 10
0.0
 20
0.0
 30
0.0
210
0.0
220
0.0
230
1.0
  2
SOLID
 70
     1
 71
     0
 91
        1
 92
        3
 72
     0
 73
     1
 93
        7
 10
4.4874050807625
 20
2.430672938761944
 10
4.548601825734723
 20
2.430672938761944
 10
4.548601825734723
 20
2.430672938761944
 10
4.548601825734723
 20
2.524916936400831
 10
4.548601825734723
 20
2.524916936400831
 10
4.4874050807625
 20
2.524916936400831
 10
4.4874050807625
 20
2.524916936400831
 97
        0
 75
     0
 76
     1
 98
        1
 10
0.0
 20
0.0
450
        0
451
        0
460
0.0
461
0.0
452
        0
462
0.0
453
        0
470

  0
HATCH
  5
24F
330
1F
100
AcDbEntity
  8
PDF_Solid Fills
 62
   254
420
 15000804
440
 33554559
100
AcDbHatch
 10
0.0
 20
0.0
 30
0.0
210
0.0
220
0.0
230
1.0
  2
SOLID
 70
     1
 71
     0
 91
        1
 92
        3
 72
     0
 73
     1
 93
        7
 10
4.4874050807625
 20
2.524916936400831
 10
4.426205745068057
 20
2.524916936400831
 10
4.426205745068057
 20
2.524916936400831
 10
4.426205745068057
 20
2.430672938761944
 10
4.426205745068057
 20
2.430672938761944
 10
4.4874050807625
 20
2.430672938761944
 10
4.4874050807625
 20
2.430672938761944
 97
        0
 75
     0
 76
     1
 98
        1
 10
0.0
 20
0.0
450
        0
451
        0
460
0.0
461
0.0
452
        0
462
0.0
453
        0
470

  0
HATCH
  5
250
330
1F
100
AcDbEntity
  8
PDF_Solid Fills
 62
   254
420
 15000804
440
 33554559
100
AcDbHatch
 10
0.0
 20
0.0
 30
0.0
210
0.0
220
0.0
230
1.0
  2
SOLID
 70
     1
 71
     0
 91
        1
 92
        3
 72
     0
 73
     1
 93
        7
 10
7.989163839956944
 20
2.524916936400831
 10
7.927965799623612
 20
2.524916936400831
 10
7.927965799623612
 20
2.524916936400831
 10
7.927965799623612
 20
2.430672938761944
 10
7.927965799623612
 20
2.430672938761944
 10
7.989163839956944
 20
2.430672938761944
 10
7.989163839956944
 20
2.430672938761944
 97
        0
 75
     0
 76
     1
 98
        1
 10
0.0
 20
0.0
450
        0
451
        0
460
0.0
461
0.0
452
        0
462
0.0
453
        0
470

  0
HATCH
  5
251
330
1F
100
AcDbEntity
  8
PDF_Solid Fills
 62
   254
420
 15000804
440
 33554559
100
AcDbHatch
 10
0.0
 20
0.0
 30
0.0
210
0.0
220
0.0
230
1.0
  2
SOLID
 70
     1
 71
     0
 91
        1
 92
        3
 72
     0
 73
     1
 93
        7
 10
7.989163839956944
 20
2.430672938761944
 10
8.050361880290278
 20
2.430672938761944
 10
8.050361880290278
 20
2.430672938761944
 10
8.050361880290278
 20
2.524916936400831
 10
8.050361880290278
 20
2.524916936400831
 10
7.989163839956944
 20
2.524916936400831
 10
7.989163839956944
 20
2.524916936400831
 97
        0
 75
     0
 76
     1
 98
        1
 10
0.0
 20
0.0
450
        0
451
        0
460
0.0
461
0.0
452
        0
462
0.0
453
        0
470

  0
HATCH
  5
252
330
1F
100
AcDbEntity
  8
PDF_Solid Fills
 62
   254
420
 15000804
440
 33554559
100
AcDbHatch
 10
0.0
 20
0.0
 30
0.0
210
0.0
220
0.0
230
1.0
  2
SOLID
 70
     1
 71
     0
 91
        1
 92
        3
 72
     0
 73
     1
 93
       15
 10
13.65204544631333
 20
5.779512336887221
 10
13.64653886623
 20
5.779512336887221
 10
13.64653886623
 20
5.779512336887221
 10
13.64653886623
 20
5.647323326220554
 10
13.64653886623
 20
5.647323326220554
 10
13.5437260548411
 20
5.647323326220554
 10
13.5437260548411
 20
5.647323326220554
 10
13.5437260548411
 20
5.779512336887221
 10
13.5437260548411
 20
5.779512336887221
 10
13.53821817939666
 20
5.779512336887221
 10
13.53821817939666
 20
5.779512336887221
 10
13.53821817939666
 20
5.64181545077611
 10
13.53821817939666
 20
5.64181545077611
 10
13.65204544631333
 20
5.64181545077611
 10
13.65204544631333
 20
5.64181545077611
 97
        0
 75
     0
 76
     1
 98
        1
 10
0.0
 20
0.0
450
        0
451
        0
460
0.0
461
0.0
452
        0
462
0.0
453
        0
470

  0
HATCH
  5
253
330
1F
100
AcDbEntity
  8
PDF_Solid Fills
 62
   254
420
 15000804
440
 33554559
100
AcDbHatch
 10
0.0
 20
0.0
 30
0.0
210
0.0
220
0.0
230
1.0
  2
SOLID
 70
     1
 71
     0
 91
        1
 92
        3
 72
     0
 73
     1
 93
        7
 10
13.64102969542444
 20
9.689156993470554
 10
13.54923263492444
 20
9.689156993470554
 10
13.54923263492444
 20
9.689156993470554
 10
13.54923263492444
 20
5.650077263942777
 10
13.54923263492444
 20
5.650077263942777
 10
13.64102969542444
 20
5.650077263942777
 10
13.64102969542444
 20
5.650077263942777
 97
        0
 75
     0
 76
     1
 98
        1
 10
0.0
 20
0.0
450
        0
451
        0
460
0.0
461
0.0
452
        0
462
0.0
453
        0
470

  0
HATCH
  5
254
330
1F
100
AcDbEntity
  8
PDF_Solid Fills
 62
   254
420
 15000804
440
 33554559
100
AcDbHatch
 10
0.0
 20
0.0
 30
0.0
210
0.0
220
0.0
230
1.0
  2
SOLID
 70
     1
 71
     0
 91
        1
 92
        3
 72
     0
 73
     1
 93
       15
 10
13.61899948900777
 20
5.559198614470554
 10
13.62450606909111
 20
5.559198614470554
 10
13.62450606909111
 20
5.559198614470554
 10
13.62450606909111
 20
5.64181545077611
 10
13.62450606909111
 20
5.64181545077611
 10
13.56575755661889
 20
5.64181545077611
 10
13.56575755661889
 20
5.64181545077611
 10
13.56575755661889
 20
5.559198614470554
 10
13.56575755661889
 20
5.559198614470554
 10
13.57126543206332
 20
5.559198614470554
 10
13.57126543206332
 20
5.559198614470554
 10
13.57126543206332
 20
5.636307575331666
 10
13.57126543206332
 20
5.636307575331666
 10
13.61899948900777
 20
5.636307575331666
 10
13.61899948900777
 20
5.636307575331666
 97
        0
 75
     0
 76
     1
 98
        1
 10
0.0
 20
0.0
450
        0
451
        0
460
0.0
461
0.0
452
        0
462
0.0
453
        0
470

  0
HATCH
  5
255
330
1F
100
AcDbEntity
  8
PDF_Solid Fills
 62
   254
420
 15000804
440
 33554559
100
AcDbHatch
 10
0.0
 20
0.0
 30
0.0
210
0.0
220
0.0
230
1.0
  2
SOLID
 70
     1
 71
     0
 91
        1
 92
        3
 72
     0
 73
     1
 93
        7
 10
13.58044565625777
 20
5.544510514831666
 10
13.60982056017443
 20
5.544510514831666
 10
13.60982056017443
 20
5.544510514831666
 10
13.60982056017443
 20
5.636307575331666
 10
13.60982056017443
 20
5.636307575331666
 10
13.58044565625777
 20
5.636307575331666
 10
13.58044565625777
 20
5.636307575331666
 97
        0
 75
     0
 76
     1
 98
        1
 10
0.0
 20
0.0
450
        0
451
        0
460
0.0
461
0.0
452
        0
462
0.0
453
        0
470

  0
HATCH
  5
256
330
1F
100
AcDbEntity
  8
PDF_Solid Fills
 62
   254
420
 15000804
440
 33554559
100
AcDbHatch
 10
0.0
 20
0.0
 30
0.0
210
0.0
220
0.0
230
1.0
  2
SOLID
 70
     1
 71
     0
 91
        1
 92
        3
 72
     0
 73
     1
 93
       15
 10
13.65939014381333
 20
9.69741751127611
 10
13.53087348189666
 20
9.69741751127611
 10
13.53087348189666
 20
9.69741751127611
 10
13.53087348189666
 20
9.55972192052611
 10
13.53087348189666
 20
9.55972192052611
 10
13.53638265270222
 20
9.55972192052611
 10
13.53638265270222
 20
9.55972192052611
 10
13.53638265270222
 20
9.691910931192776
 10
13.53638265270222
 20
9.691910931192776
 10
13.65388356372999
 20
9.691910931192776
 10
13.65388356372999
 20
9.691910931192776
 10
13.65388356372999
 20
9.55972192052611
 10
13.65388356372999
 20
9.55972192052611
 10
13.65939014381333
 20
9.55972192052611
 10
13.65939014381333
 20
9.55972192052611
 97
        0
 75
     0
 76
     1
 98
        1
 10
0.0
 20
0.0
450
        0
451
        0
460
0.0
461
0.0
452
        0
462
0.0
453
        0
470

  0
HATCH
  5
257
330
1F
100
AcDbEntity
  8
PDF_Solid Fills
 62
   254
420
 15000804
440
 33554559
100
AcDbHatch
 10
0.0
 20
0.0
 30
0.0
210
0.0
220
0.0
230
1.0
  2
SOLID
 70
     1
 71
     0
 91
        1
 92
        3
 72
     0
 73
     1
 93
       11
 10
13.66004171045222
 20
5.468584218664999
 10
13.59513116517443
 20
5.533494763942777
 10
13.59513116517443
 20
5.533494763942777
 10
13.53022191525777
 20
5.468584218664999
 10
13.53022191525777
 20
5.468584218664999
 10
13.53671167442444
 20
5.462093164137221
 10
13.53671167442444
 20
5.462093164137221
 10
13.59513116517443
 20
5.520512654887221
 10
13.59513116517443
 20
5.520512654887221
 10
13.65355195128555
 20
5.462093164137221
 10
13.65355195128555
 20
5.462093164137221
 97
        0
 75
     0
 76
     1
 98
        1
 10
0.0
 20
0.0
450
        0
451
        0
460
0.0
461
0.0
452
        0
462
0.0
453
        0
470

  0
HATCH
  5
258
330
1F
100
AcDbEntity
  8
PDF_Solid Fills
 62
   254
420
 15000804
440
 33554559
100
AcDbHatch
 10
0.0
 20
0.0
 30
0.0
210
0.0
220
0.0
230
1.0
  2
SOLID
 70
     1
 71
     0
 91
        1
 92
        3
 72
     0
 73
     1
 93
        7
 10
13.38950683775777
 20
9.587261297748332
 10
13.53087348189666
 20
9.587261297748332
 10
13.53087348189666
 20
9.587261297748332
 10
13.53087348189666
 20
9.679058358248333
 10
13.53087348189666
 20
9.679058358248333
 10
13.38950683775777
 20
9.679058358248333
 10
13.38950683775777
 20
9.679058358248333
 97
        0
 75
     0
 76
     1
 98
        1
 10
0.0
 20
0.0
450
        0
451
        0
460
0.0
461
0.0
452
        0
462
0.0
453
        0
470

  0
HATCH
  5
259
330
1F
100
AcDbEntity
  8
PDF_Solid Fills
 62
   254
420
 15000804
440
 33554559
100
AcDbHatch
 10
0.0
 20
0.0
 30
0.0
210
0.0
220
0.0
230
1.0
  2
SOLID
 70
     1
 71
     0
 91
        1
 92
        3
 72
     0
 73
     1
 93
        7
 10
13.38950683775777
 20
9.587261297748332
 10
13.38950683775777
 20
9.679058358248333
 10
13.38950683775777
 20
9.679058358248333
 10
13.38032661356332
 20
9.679058358248333
 10
13.38032661356332
 20
9.679058358248333
 10
13.38032661356332
 20
9.587261297748332
 10
13.38032661356332
 20
9.587261297748332
 97
        0
 75
     0
 76
     1
 98
        1
 10
0.0
 20
0.0
450
        0
451
        0
460
0.0
461
0.0
452
        0
462
0.0
453
        0
470

  0
HATCH
  5
25A
330
1F
100
AcDbEntity
  8
PDF_Solid Fills
440
 33554559
100
AcDbHatch
 10
0.0
 20
0.0
 30
0.0
210
0.0
220
0.0
230
1.0
  2
SOLID
 70
     1
 71
     0
 91
        1
 92
        3
 72
     0
 73
     1
 93
        7
 10
8.361887121123888
 20
4.542008581618334
 10
8.361887121123888
 20
4.688884396562778
 10
8.361887121123888
 20
4.688884396562778
 10
4.966752125707222
 20
4.688884396562778
 10
4.966752125707222
 20
4.688884396562778
 10
4.966752125707222
 20
4.542008581618334
 10
4.966752125707222
 20
4.542008581618334
 97
        0
 75
     0
 76
     1
 98
        1
 10
0.0
 20
0.0
450
        0
451
        0
460
0.0
461
0.0
452
        0
462
0.0
453
        0
470

  0
HATCH
  5
25B
330
1F
100
AcDbEntity
  8
PDF_Solid Fills
440
 33554559
100
AcDbHatch
 10
0.0
 20
0.0
 30
0.0
210
0.0
220
0.0
230
1.0
  2
SOLID
 70
     1
 71
     0
 91
        1
 92
        3
 72
     0
 73
     1
 93
        7
 10
9.192152711373887
 20
8.98010098492389
 10
9.192152711373887
 20
9.108616351479446
 10
9.192152711373887
 20
9.108616351479446
 10
9.077818958262778
 20
9.108616351479446
 10
9.077818958262778
 20
9.108616351479446
 10
9.077818958262778
 20
8.98010098492389
 10
9.077818958262778
 20
8.98010098492389
 97
        0
 75
     0
 76
     1
 98
        1
 10
0.0
 20
0.0
450
        0
451
        0
460
0.0
461
0.0
452
        0
462
0.0
453
        0
470

  0
HATCH
  5
25C
330
1F
100
AcDbEntity
  8
PDF_Solid Fills
 62
     7
440
 33554559
100
AcDbHatch
 10
0.0
 20
0.0
 30
0.0
210
0.0
220
0.0
230
1.0
  2
SOLID
 70
     1
 71
     0
 91
        1
 92
        3
 72
     0
 73
     1
 93
        5
 10
9.206334324818332
 20
9.126975504507223
 10
9.206334324818332
 20
9.172875330118333
 10
9.206334324818332
 20
9.172875330118333
 10
9.298131385318333
 20
9.172875330118333
 10
9.298131385318333
 20
9.172875330118333
 97
        0
 75
     0
 76
     1
 98
        1
 10
0.0
 20
0.0
450
        0
451
        0
460
0.0
461
0.0
452
        0
462
0.0
453
        0
470

  0
HATCH
  5
25D
330
1F
100
AcDbEntity
  8
PDF_Solid Fills
440
 33554559
100
AcDbHatch
 10
0.0
 20
0.0
 30
0.0
210
0.0
220
0.0
230
1.0
  2
SOLID
 70
     1
 71
     0
 91
        1
 92
        3
 72
     0
 73
     1
 93
        7
 10
9.192152711373887
 20
5.438552618479445
 10
9.192152711373887
 20
5.567067985035001
 10
9.192152711373887
 20
5.567067985035001
 10
9.077818958262778
 20
5.567067985035001
 10
9.077818958262778
 20
5.567067985035001
 10
9.077818958262778
 20
5.438552618479445
 10
9.077818958262778
 20
5.438552618479445
 97
        0
 75
     0
 76
     1
 98
        1
 10
0.0
 20
0.0
450
        0
451
        0
460
0.0
461
0.0
452
        0
462
0.0
453
        0
470

  0
HATCH
  5
25E
330
1F
100
AcDbEntity
  8
PDF_Solid Fills
 62
     7
440
 33554559
100
AcDbHatch
 10
0.0
 20
0.0
 30
0.0
210
0.0
220
0.0
230
1.0
  2
SOLID
 70
     1
 71
     0
 91
        1
 92
        3
 72
     0
 73
     1
 93
        5
 10
9.206334324818332
 20
5.374293639840557
 10
9.206334324818332
 20
5.420192170090556
 10
9.206334324818332
 20
5.420192170090556
 10
9.298131385318333
 20
5.374293639840557
 10
9.298131385318333
 20
5.374293639840557
 97
        0
 75
     0
 76
     1
 98
        1
 10
0.0
 20
0.0
450
        0
451
        0
460
0.0
461
0.0
452
        0
462
0.0
453
        0
470

  0
HATCH
  5
25F
330
1F
100
AcDbEntity
  8
PDF_Solid Fills
440
 33554559
100
AcDbHatch
 10
0.0
 20
0.0
 30
0.0
210
0.0
220
0.0
230
1.0
  2
SOLID
 70
     1
 71
     0
 91
        1
 92
        3
 72
     0
 73
     1
 93
        7
 10
10.68171954170722
 20
8.792764565673889
 10
10.68171954170722
 20
8.921281227590556
 10
10.68171954170722
 20
8.921281227590556
 10
10.56738578859611
 20
8.921281227590556
 10
10.56738578859611
 20
8.921281227590556
 10
10.56738578859611
 20
8.792764565673889
 10
10.56738578859611
 20
8.792764565673889
 97
        0
 75
     0
 76
     1
 98
        1
 10
0.0
 20
0.0
450
        0
451
        0
460
0.0
461
0.0
452
        0
462
0.0
453
        0
470

  0
HATCH
  5
260
330
1F
100
AcDbEntity
  8
PDF_Solid Fills
 62
     7
440
 33554559
100
AcDbHatch
 10
0.0
 20
0.0
 30
0.0
210
0.0
220
0.0
230
1.0
  2
SOLID
 70
     1
 71
     0
 91
        1
 92
        3
 72
     0
 73
     1
 93
        5
 10
10.700078694735
 20
8.792764565673889
 10
10.74597852034611
 20
8.792764565673889
 10
10.74597852034611
 20
8.792764565673889
 10
10.745977224985
 20
8.70096750517389
 10
10.745977224985
 20
8.70096750517389
 97
        0
 75
     0
 76
     1
 98
        1
 10
0.0
 20
0.0
450
        0
451
        0
460
0.0
461
0.0
452
        0
462
0.0
453
        0
470

  0
HATCH
  5
261
330
1F
100
AcDbEntity
  8
PDF_Solid Fills
440
 33554559
100
AcDbHatch
 10
0.0
 20
0.0
 30
0.0
210
0.0
220
0.0
230
1.0
  2
SOLID
 70
     1
 71
     0
 91
        1
 92
        3
 72
     0
 73
     1
 93
        7
 10
2.54284909809611
 20
8.792764565673889
 10
2.54284909809611
 20
8.921281227590556
 10
2.54284909809611
 20
8.921281227590556
 10
2.428515344985001
 20
8.921281227590556
 10
2.428515344985001
 20
8.921281227590556
 10
2.428515344985001
 20
8.792764565673889
 10
2.428515344985001
 20
8.792764565673889
 97
        0
 75
     0
 76
     1
 98
        1
 10
0.0
 20
0.0
450
        0
451
        0
460
0.0
461
0.0
452
        0
462
0.0
453
        0
470

  0
HATCH
  5
262
330
1F
100
AcDbEntity
  8
PDF_Solid Fills
 62
     7
440
 33554559
100
AcDbHatch
 10
0.0
 20
0.0
 30
0.0
210
0.0
220
0.0
230
1.0
  2
SOLID
 70
     1
 71
     0
 91
        1
 92
        3
 72
     0
 73
     1
 93
        5
 10
2.364257661707222
 20
8.792764565673889
 10
2.410156191957221
 20
8.792764565673889
 10
2.410156191957221
 20
8.792764565673889
 10
2.364257661707222
 20
8.70096750517389
 10
2.364257661707222
 20
8.70096750517389
 97
        0
 75
     0
 76
     1
 98
        1
 10
0.0
 20
0.0
450
        0
451
        0
460
0.0
461
0.0
452
        0
462
0.0
453
        0
470

  0
HATCH
  5
263
330
1F
100
AcDbEntity
  8
PDF_Solid Fills
440
 33554559
100
AcDbHatch
 10
0.0
 20
0.0
 30
0.0
210
0.0
220
0.0
230
1.0
  2
SOLID
 70
     1
 71
     0
 91
        1
 92
        3
 72
     0
 73
     1
 93
        7
 10
6.438795349790278
 20
0.7248598199008356
 10
6.438795349790278
 20
0.8533764818175022
 10
6.438795349790278
 20
0.8533764818175022
 10
6.324461596679167
 20
0.8533764818175022
 10
6.324461596679167
 20
0.8533764818175022
 10
6.324461596679167
 20
0.7248598199008356
 10
6.324461596679167
 20
0.7248598199008356
 97
        0
 75
     0
 76
     1
 98
        1
 10
0.0
 20
0.0
450
        0
451
        0
460
0.0
461
0.0
452
        0
462
0.0
453
        0
470

  0
HATCH
  5
264
330
1F
100
AcDbEntity
  8
PDF_Solid Fills
440
 33554559
100
AcDbHatch
 10
0.0
 20
0.0
 30
0.0
210
0.0
220
0.0
230
1.0
  2
SOLID
 70
     1
 71
     0
 91
        1
 92
        3
 72
     0
 73
     1
 93
        7
 10
6.629649969818055
 20
0.7248598199008356
 10
6.629649969818055
 20
0.8533764818175022
 10
6.629649969818055
 20
0.8533764818175022
 10
6.477350477901389
 20
0.8533764818175022
 10
6.477350477901389
 20
0.8533764818175022
 10
6.477350477901389
 20
0.7248598199008356
 10
6.477350477901389
 20
0.7248598199008356
 97
        0
 75
     0
 76
     1
 98
        1
 10
0.0
 20
0.0
450
        0
451
        0
460
0.0
461
0.0
452
        0
462
0.0
453
        0
470

  0
HATCH
  5
265
330
1F
100
AcDbEntity
  8
PDF_Solid Fills
440
 33554559
100
AcDbHatch
 10
0.0
 20
0.0
 30
0.0
210
0.0
220
0.0
230
1.0
  2
SOLID
 70
     1
 71
     0
 91
        1
 92
        3
 72
     0
 73
     1
 93
        7
 10
6.782538851040278
 20
0.7248598199008356
 10
6.782538851040278
 20
0.8533764818175022
 10
6.782538851040278
 20
0.8533764818175022
 10
6.668203802568056
 20
0.8533764818175022
 10
6.668203802568056
 20
0.8533764818175022
 10
6.668203802568056
 20
0.7248598199008356
 10
6.668203802568056
 20
0.7248598199008356
 97
        0
 75
     0
 76
     1
 98
        1
 10
0.0
 20
0.0
450
        0
451
        0
460
0.0
461
0.0
452
        0
462
0.0
453
        0
470

  0
HATCH
  5
266
330
1F
100
AcDbEntity
  8
PDF_Solid Fills
440
 33554559
100
AcDbHatch
 10
0.0
 20
0.0
 30
0.0
210
0.0
220
0.0
230
1.0
  2
SOLID
 70
     1
 71
     0
 91
        1
 92
        3
 72
     0
 73
     1
 93
        7
 10
13.46188254911888
 20
4.749862173692776
 10
13.46188254911888
 20
4.878377540248332
 10
13.46188254911888
 20
4.878377540248332
 10
13.34754750064666
 20
4.878377540248332
 10
13.34754750064666
 20
4.878377540248332
 10
13.34754750064666
 20
4.749862173692776
 10
13.34754750064666
 20
4.749862173692776
 97
        0
 75
     0
 76
     1
 98
        1
 10
0.0
 20
0.0
450
        0
451
        0
460
0.0
461
0.0
452
        0
462
0.0
453
        0
470

  0
HATCH
  5
267
330
1F
100
AcDbEntity
  8
PDF_Solid Fills
440
 33554559
100
AcDbHatch
 10
0.0
 20
0.0
 30
0.0
210
0.0
220
0.0
230
1.0
  2
SOLID
 70
     1
 71
     0
 91
        1
 92
        3
 72
     0
 73
     1
 93
        7
 10
13.65273587378555
 20
4.749862173692776
 10
13.65273587378555
 20
4.878377540248332
 10
13.65273587378555
 20
4.878377540248332
 10
13.50043638186888
 20
4.878377540248332
 10
13.50043638186888
 20
4.878377540248332
 10
13.50043638186888
 20
4.749862173692776
 10
13.50043638186888
 20
4.749862173692776
 97
        0
 75
     0
 76
     1
 98
        1
 10
0.0
 20
0.0
450
        0
451
        0
460
0.0
461
0.0
452
        0
462
0.0
453
        0
470

  0
HATCH
  5
268
330
1F
100
AcDbEntity
  8
PDF_Solid Fills
440
 33554559
100
AcDbHatch
 10
0.0
 20
0.0
 30
0.0
210
0.0
220
0.0
230
1.0
  2
SOLID
 70
     1
 71
     0
 91
        1
 92
        3
 72
     0
 73
     1
 93
        7
 10
13.80562475500777
 20
4.749862173692776
 10
13.80562475500777
 20
4.878377540248332
 10
13.80562475500777
 20
4.878377540248332
 10
13.69128970653555
 20
4.878377540248332
 10
13.69128970653555
 20
4.878377540248332
 10
13.69128970653555
 20
4.749862173692776
 10
13.69128970653555
 20
4.749862173692776
 97
        0
 75
     0
 76
     1
 98
        1
 10
0.0
 20
0.0
450
        0
451
        0
460
0.0
461
0.0
452
        0
462
0.0
453
        0
470

  0
HATCH
  5
269
330
1F
100
AcDbEntity
  8
PDF_Solid Fills
440
 33554559
100
AcDbHatch
 10
0.0
 20
0.0
 30
0.0
210
0.0
220
0.0
230
1.0
  2
SOLID
 70
     1
 71
     0
 91
        1
 92
        3
 72
     0
 73
     1
 93
        7
 10
5.785064123623888
 20
8.182089886340557
 10
5.785064123623888
 20
8.336309103423889
 10
5.785064123623888
 20
8.336309103423889
 10
5.367501878735
 20
8.336309103423889
 10
5.367501878735
 20
8.336309103423889
 10
5.367501878735
 20
8.182089886340557
 10
5.367501878735
 20
8.182089886340557
 97
        0
 75
     0
 76
     1
 98
        1
 10
0.0
 20
0.0
450
        0
451
        0
460
0.0
461
0.0
452
        0
462
0.0
453
        0
470

  0
HATCH
  5
26A
330
1F
100
AcDbEntity
  8
PDF_Solid Fills
440
 33554559
100
AcDbHatch
 10
0.0
 20
0.0
 30
0.0
210
0.0
220
0.0
230
1.0
  2
SOLID
 70
     1
 71
     0
 91
        1
 92
        3
 72
     0
 73
     1
 93
        7
 10
8.163832884040555
 20
5.466589414368335
 10
8.163832884040555
 20
5.558386474868335
 10
8.163832884040555
 20
5.558386474868335
 10
7.848549761762777
 20
5.558386474868335
 10
7.848549761762777
 20
5.558386474868335
 10
7.848549761762777
 20
5.466589414368335
 10
7.848549761762777
 20
5.466589414368335
 97
        0
 75
     0
 76
     1
 98
        1
 10
0.0
 20
0.0
450
        0
451
        0
460
0.0
461
0.0
452
        0
462
0.0
453
        0
470

  0
HATCH
  5
26B
330
1F
100
AcDbEntity
  8
PDF_Solid Fills
440
 33554559
100
AcDbHatch
 10
0.0
 20
0.0
 30
0.0
210
0.0
220
0.0
230
1.0
  2
SOLID
 70
     1
 71
     0
 91
        1
 92
        3
 72
     0
 73
     1
 93
        7
 10
8.163832884040555
 20
5.466589414368335
 10
8.163832884040555
 20
5.558386474868335
 10
8.163832884040555
 20
5.558386474868335
 10
7.848549761762777
 20
5.558386474868335
 10
7.848549761762777
 20
5.558386474868335
 10
7.848549761762777
 20
5.466589414368335
 10
7.848549761762777
 20
5.466589414368335
 97
        0
 75
     0
 76
     1
 98
        1
 10
0.0
 20
0.0
450
        0
451
        0
460
0.0
461
0.0
452
        0
462
0.0
453
        0
470

  0
HATCH
  5
26C
330
1F
100
AcDbEntity
  8
PDF_Solid Fills
440
 33554559
100
AcDbHatch
 10
0.0
 20
0.0
 30
0.0
210
0.0
220
0.0
230
1.0
  2
SOLID
 70
     1
 71
     0
 91
        1
 92
        3
 72
     0
 73
     1
 93
        7
 10
8.120534143540556
 20
5.347252976646112
 10
8.120534143540556
 20
5.439050037146112
 10
8.120534143540556
 20
5.439050037146112
 10
7.848549761762777
 20
5.439050037146112
 10
7.848549761762777
 20
5.439050037146112
 10
7.848549761762777
 20
5.347252976646112
 10
7.848549761762777
 20
5.347252976646112
 97
        0
 75
     0
 76
     1
 98
        1
 10
0.0
 20
0.0
450
        0
451
        0
460
0.0
461
0.0
452
        0
462
0.0
453
        0
470

  0
HATCH
  5
26D
330
1F
100
AcDbEntity
  8
PDF_Solid Fills
440
 33554559
100
AcDbHatch
 10
0.0
 20
0.0
 30
0.0
210
0.0
220
0.0
230
1.0
  2
SOLID
 70
     1
 71
     0
 91
        1
 92
        3
 72
     0
 73
     1
 93
        7
 10
8.120534143540556
 20
5.347252976646112
 10
8.120534143540556
 20
5.439050037146112
 10
8.120534143540556
 20
5.439050037146112
 10
7.848549761762777
 20
5.439050037146112
 10
7.848549761762777
 20
5.439050037146112
 10
7.848549761762777
 20
5.347252976646112
 10
7.848549761762777
 20
5.347252976646112
 97
        0
 75
     0
 76
     1
 98
        1
 10
0.0
 20
0.0
450
        0
451
        0
460
0.0
461
0.0
452
        0
462
0.0
453
        0
470

  0
HATCH
  5
26E
330
1F
100
AcDbEntity
  8
PDF_Solid Fills
440
 33554559
100
AcDbHatch
 10
0.0
 20
0.0
 30
0.0
210
0.0
220
0.0
230
1.0
  2
SOLID
 70
     1
 71
     0
 91
        1
 92
        3
 72
     0
 73
     1
 93
        7
 10
5.129738346790555
 20
6.661378688812779
 10
5.129738346790555
 20
6.753175749312779
 10
5.129738346790555
 20
6.753175749312779
 10
3.892268219096111
 20
6.753175749312779
 10
3.892268219096111
 20
6.753175749312779
 10
3.892268219096111
 20
6.661378688812779
 10
3.892268219096111
 20
6.661378688812779
 97
        0
 75
     0
 76
     1
 98
        1
 10
0.0
 20
0.0
450
        0
451
        0
460
0.0
461
0.0
452
        0
462
0.0
453
        0
470

  0
HATCH
  5
26F
330
1F
100
AcDbEntity
  8
PDF_Solid Fills
440
 33554559
100
AcDbHatch
 10
0.0
 20
0.0
 30
0.0
210
0.0
220
0.0
230
1.0
  2
SOLID
 70
     1
 71
     0
 91
        1
 92
        3
 72
     0
 73
     1
 93
        7
 10
5.129738346790555
 20
6.661378688812779
 10
5.129738346790555
 20
6.753175749312779
 10
5.129738346790555
 20
6.753175749312779
 10
3.892268219096111
 20
6.753175749312779
 10
3.892268219096111
 20
6.753175749312779
 10
3.892268219096111
 20
6.661378688812779
 10
3.892268219096111
 20
6.661378688812779
 97
        0
 75
     0
 76
     1
 98
        1
 10
0.0
 20
0.0
450
        0
451
        0
460
0.0
461
0.0
452
        0
462
0.0
453
        0
470

  0
HATCH
  5
270
330
1F
100
AcDbEntity
  8
PDF_Solid Fills
440
 33554559
100
AcDbHatch
 10
0.0
 20
0.0
 30
0.0
210
0.0
220
0.0
230
1.0
  2
SOLID
 70
     1
 71
     0
 91
        1
 92
        3
 72
     0
 73
     1
 93
        7
 10
4.259547136373889
 20
6.542042251090556
 10
4.259547136373889
 20
6.633839311590556
 10
4.259547136373889
 20
6.633839311590556
 10
3.892268219096111
 20
6.633839311590556
 10
3.892268219096111
 20
6.633839311590556
 10
3.892268219096111
 20
6.542042251090556
 10
3.892268219096111
 20
6.542042251090556
 97
        0
 75
     0
 76
     1
 98
        1
 10
0.0
 20
0.0
450
        0
451
        0
460
0.0
461
0.0
452
        0
462
0.0
453
        0
470

  0
HATCH
  5
271
330
1F
100
AcDbEntity
  8
PDF_Solid Fills
440
 33554559
100
AcDbHatch
 10
0.0
 20
0.0
 30
0.0
210
0.0
220
0.0
230
1.0
  2
SOLID
 70
     1
 71
     0
 91
        1
 92
        3
 72
     0
 73
     1
 93
        7
 10
4.259547136373889
 20
6.542042251090556
 10
4.259547136373889
 20
6.633839311590556
 10
4.259547136373889
 20
6.633839311590556
 10
3.892268219096111
 20
6.633839311590556
 10
3.892268219096111
 20
6.633839311590556
 10
3.892268219096111
 20
6.542042251090556
 10
3.892268219096111
 20
6.542042251090556
 97
        0
 75
     0
 76
     1
 98
        1
 10
0.0
 20
0.0
450
        0
451
        0
460
0.0
461
0.0
452
        0
462
0.0
453
        0
470

  0
HATCH
  5
272
330
1F
100
AcDbEntity
  8
PDF_Solid Fills
440
 33554559
100
AcDbHatch
 10
0.0
 20
0.0
 30
0.0
210
0.0
220
0.0
230
1.0
  2
SOLID
 70
     1
 71
     0
 91
        1
 92
        3
 72
     0
 73
     1
 93
        7
 10
7.587859633512778
 20
7.749647828368335
 10
7.496062573012777
 20
7.749647828368335
 10
7.496062573012777
 20
7.749647828368335
 10
7.496066459096111
 20
6.754625258396112
 10
7.496066459096111
 20
6.754625258396112
 10
7.58786351959611
 20
6.754625258396112
 10
7.58786351959611
 20
6.754625258396112
 97
        0
 75
     0
 76
     1
 98
        1
 10
0.0
 20
0.0
450
        0
451
        0
460
0.0
461
0.0
452
        0
462
0.0
453
        0
470

  0
HATCH
  5
273
330
1F
100
AcDbEntity
  8
PDF_Solid Fills
440
 33554559
100
AcDbHatch
 10
0.0
 20
0.0
 30
0.0
210
0.0
220
0.0
230
1.0
  2
SOLID
 70
     1
 71
     0
 91
        1
 92
        3
 72
     0
 73
     1
 93
        7
 10
7.587859633512778
 20
7.749647828368335
 10
7.496062573012777
 20
7.749647828368335
 10
7.496062573012777
 20
7.749647828368335
 10
7.496066459096111
 20
6.754625258396112
 10
7.496066459096111
 20
6.754625258396112
 10
7.58786351959611
 20
6.754625258396112
 10
7.58786351959611
 20
6.754625258396112
 97
        0
 75
     0
 76
     1
 98
        1
 10
0.0
 20
0.0
450
        0
451
        0
460
0.0
461
0.0
452
        0
462
0.0
453
        0
470

  0
HATCH
  5
274
330
1F
100
AcDbEntity
  8
PDF_Solid Fills
440
 33554559
100
AcDbHatch
 10
0.0
 20
0.0
 30
0.0
210
0.0
220
0.0
230
1.0
  2
SOLID
 70
     1
 71
     0
 91
        1
 92
        3
 72
     0
 73
     1
 93
        7
 10
7.707198661957221
 20
7.346958919757224
 10
7.615401601457222
 20
7.346958919757224
 10
7.615401601457222
 20
7.346958919757224
 10
7.615402896818332
 20
6.754625258396112
 10
7.615402896818332
 20
6.754625258396112
 10
7.707199957318332
 20
6.754625258396112
 10
7.707199957318332
 20
6.754625258396112
 97
        0
 75
     0
 76
     1
 98
        1
 10
0.0
 20
0.0
450
        0
451
        0
460
0.0
461
0.0
452
        0
462
0.0
453
        0
470

  0
HATCH
  5
275
330
1F
100
AcDbEntity
  8
PDF_Solid Fills
440
 33554559
100
AcDbHatch
 10
0.0
 20
0.0
 30
0.0
210
0.0
220
0.0
230
1.0
  2
SOLID
 70
     1
 71
     0
 91
        1
 92
        3
 72
     0
 73
     1
 93
        7
 10
7.707198661957221
 20
7.346958919757224
 10
7.615401601457222
 20
7.346958919757224
 10
7.615401601457222
 20
7.346958919757224
 10
7.615402896818332
 20
6.754625258396112
 10
7.615402896818332
 20
6.754625258396112
 10
7.707199957318332
 20
6.754625258396112
 10
7.707199957318332
 20
6.754625258396112
 97
        0
 75
     0
 76
     1
 98
        1
 10
0.0
 20
0.0
450
        0
451
        0
460
0.0
461
0.0
452
        0
462
0.0
453
        0
470

  0
HATCH
  5
276
330
1F
100
AcDbEntity
  8
PDF_Solid Fills
440
 33554559
100
AcDbHatch
 10
0.0
 20
0.0
 30
0.0
210
0.0
220
0.0
230
1.0
  2
SOLID
 70
     1
 71
     0
 91
        1
 92
        3
 72
     0
 73
     1
 93
        7
 10
10.00962401992944
 20
4.899586539535001
 10
10.00962401992944
 20
4.991383600035002
 10
10.00962401992944
 20
4.991383600035002
 10
9.585464500901666
 20
4.991383600035002
 10
9.585464500901666
 20
4.991383600035002
 10
9.585464500901666
 20
4.899586539535001
 10
9.585464500901666
 20
4.899586539535001
 97
        0
 75
     0
 76
     1
 98
        1
 10
0.0
 20
0.0
450
        0
451
        0
460
0.0
461
0.0
452
        0
462
0.0
453
        0
470

  0
HATCH
  5
277
330
1F
100
AcDbEntity
  8
PDF_Solid Fills
440
 33554559
100
AcDbHatch
 10
0.0
 20
0.0
 30
0.0
210
0.0
220
0.0
230
1.0
  2
SOLID
 70
     1
 71
     0
 91
        1
 92
        3
 72
     0
 73
     1
 93
        7
 10
10.00962401992944
 20
4.899586539535001
 10
10.00962401992944
 20
4.991383600035002
 10
10.00962401992944
 20
4.991383600035002
 10
9.585464500901666
 20
4.991383600035002
 10
9.585464500901666
 20
4.991383600035002
 10
9.585464500901666
 20
4.899586539535001
 10
9.585464500901666
 20
4.899586539535001
 97
        0
 75
     0
 76
     1
 98
        1
 10
0.0
 20
0.0
450
        0
451
        0
460
0.0
461
0.0
452
        0
462
0.0
453
        0
470

  0
HATCH
  5
278
330
1F
100
AcDbEntity
  8
PDF_Solid Fills
440
 33554559
100
AcDbHatch
 10
0.0
 20
0.0
 30
0.0
210
0.0
220
0.0
230
1.0
  2
SOLID
 70
     1
 71
     0
 91
        1
 92
        3
 72
     0
 73
     1
 93
        7
 10
9.939162852290555
 20
4.780250101812779
 10
9.939162852290555
 20
4.872047162312779
 10
9.939162852290555
 20
4.872047162312779
 10
9.585464500901666
 20
4.872047162312779
 10
9.585464500901666
 20
4.872047162312779
 10
9.585464500901666
 20
4.780250101812779
 10
9.585464500901666
 20
4.780250101812779
 97
        0
 75
     0
 76
     1
 98
        1
 10
0.0
 20
0.0
450
        0
451
        0
460
0.0
461
0.0
452
        0
462
0.0
453
        0
470

  0
HATCH
  5
279
330
1F
100
AcDbEntity
  8
PDF_Solid Fills
440
 33554559
100
AcDbHatch
 10
0.0
 20
0.0
 30
0.0
210
0.0
220
0.0
230
1.0
  2
SOLID
 70
     1
 71
     0
 91
        1
 92
        3
 72
     0
 73
     1
 93
        7
 10
9.939162852290555
 20
4.780250101812779
 10
9.939162852290555
 20
4.872047162312779
 10
9.939162852290555
 20
4.872047162312779
 10
9.585464500901666
 20
4.872047162312779
 10
9.585464500901666
 20
4.872047162312779
 10
9.585464500901666
 20
4.780250101812779
 10
9.585464500901666
 20
4.780250101812779
 97
        0
 75
     0
 76
     1
 98
        1
 10
0.0
 20
0.0
450
        0
451
        0
460
0.0
461
0.0
452
        0
462
0.0
453
        0
470

  0
HATCH
  5
27A
330
1F
100
AcDbEntity
  8
PDF_Solid Fills
440
 33554559
100
AcDbHatch
 10
0.0
 20
0.0
 30
0.0
210
0.0
220
0.0
230
1.0
  2
SOLID
 70
     1
 71
     0
 91
        1
 92
        3
 72
     0
 73
     1
 93
        7
 10
10.01752701806833
 20
8.182089886340557
 10
10.01752701806833
 20
8.336309103423889
 10
10.01752701806833
 20
8.336309103423889
 10
9.786714393846111
 20
8.336309103423889
 10
9.786714393846111
 20
8.336309103423889
 10
9.786714393846111
 20
8.182089886340557
 10
9.786714393846111
 20
8.182089886340557
 97
        0
 75
     0
 76
     1
 98
        1
 10
0.0
 20
0.0
450
        0
451
        0
460
0.0
461
0.0
452
        0
462
0.0
453
        0
470

  0
HATCH
  5
27B
330
1F
100
AcDbEntity
  8
PDF_Solid Fills
 62
     7
440
 33554559
100
AcDbHatch
 10
0.0
 20
0.0
 30
0.0
210
0.0
220
0.0
230
1.0
  2
SOLID
 70
     1
 71
     0
 91
        3
 92
        2
 72
     0
 73
     1
 93
        2
 10
9.723985236679444
 20
8.160058384562779
 10
9.724353119234999
 20
8.160058384562779
 97
        0
 92
        2
 72
     1
 73
     1
 93
        2
 10
9.723990418123925
 20
8.159695683472733
 42
0.4152420735717147
 10
9.724353119234999
 20
8.160058384562779
 42
0.0
 97
        0
 92
        2
 72
     1
 73
     1
 93
        2
 10
9.724353119208641
 20
8.160058384562825
 42
0.4152421338270801
 10
9.723990418123888
 20
8.16042108567389
 42
0.0
 97
        0
 75
     0
 76
     1
 98
        1
 10
0.0
 20
0.0
450
        0
451
        0
460
0.0
461
0.0
452
        0
462
0.0
453
        0
470

  0
HATCH
  5
27C
330
1F
100
AcDbEntity
  8
PDF_Solid Fills
440
 33554559
100
AcDbHatch
 10
0.0
 20
0.0
 30
0.0
210
0.0
220
0.0
230
1.0
  2
SOLID
 70
     1
 71
     0
 91
        1
 92
        3
 72
     0
 73
     1
 93
        7
 10
4.757179537623889
 20
6.239723102812779
 10
4.757179537623889
 20
6.33152145867389
 10
4.757179537623889
 20
6.33152145867389
 10
3.891470276651667
 20
6.33152145867389
 10
3.891470276651667
 20
6.33152145867389
 10
3.891470276651667
 20
6.239723102812779
 10
3.891470276651667
 20
6.239723102812779
 97
        0
 75
     0
 76
     1
 98
        1
 10
0.0
 20
0.0
450
        0
451
        0
460
0.0
461
0.0
452
        0
462
0.0
453
        0
470

  0
HATCH
  5
27D
330
1F
100
AcDbEntity
  8
PDF_Solid Fills
440
 33554559
100
AcDbHatch
 10
0.0
 20
0.0
 30
0.0
210
0.0
220
0.0
230
1.0
  2
SOLID
 70
     1
 71
     0
 91
        1
 92
        3
 72
     0
 73
     1
 93
        7
 10
4.757179537623889
 20
6.239723102812779
 10
4.757179537623889
 20
6.33152145867389
 10
4.757179537623889
 20
6.33152145867389
 10
3.891470276651667
 20
6.33152145867389
 10
3.891470276651667
 20
6.33152145867389
 10
3.891470276651667
 20
6.239723102812779
 10
3.891470276651667
 20
6.239723102812779
 97
        0
 75
     0
 76
     1
 98
        1
 10
0.0
 20
0.0
450
        0
451
        0
460
0.0
461
0.0
452
        0
462
0.0
453
        0
470

  0
HATCH
  5
27E
330
1F
100
AcDbEntity
  8
PDF_Solid Fills
440
 33554559
100
AcDbHatch
 10
0.0
 20
0.0
 30
0.0
210
0.0
220
0.0
230
1.0
  2
SOLID
 70
     1
 71
     0
 91
        1
 92
        3
 72
     0
 73
     1
 93
        7
 10
4.170357637790555
 20
6.120387960451668
 10
4.170357637790555
 20
6.212185020951668
 10
4.170357637790555
 20
6.212185020951668
 10
3.891470276651667
 20
6.212185020951668
 10
3.891470276651667
 20
6.212185020951668
 10
3.891470276651667
 20
6.120387960451668
 10
3.891470276651667
 20
6.120387960451668
 97
        0
 75
     0
 76
     1
 98
        1
 10
0.0
 20
0.0
450
        0
451
        0
460
0.0
461
0.0
452
        0
462
0.0
453
        0
470

  0
HATCH
  5
27F
330
1F
100
AcDbEntity
  8
PDF_Solid Fills
440
 33554559
100
AcDbHatch
 10
0.0
 20
0.0
 30
0.0
210
0.0
220
0.0
230
1.0
  2
SOLID
 70
     1
 71
     0
 91
        1
 92
        3
 72
     0
 73
     1
 93
        7
 10
4.170357637790555
 20
6.120387960451668
 10
4.170357637790555
 20
6.212185020951668
 10
4.170357637790555
 20
6.212185020951668
 10
3.891470276651667
 20
6.212185020951668
 10
3.891470276651667
 20
6.212185020951668
 10
3.891470276651667
 20
6.120387960451668
 10
3.891470276651667
 20
6.120387960451668
 97
        0
 75
     0
 76
     1
 98
        1
 10
0.0
 20
0.0
450
        0
451
        0
460
0.0
461
0.0
452
        0
462
0.0
453
        0
470

  0
HATCH
  5
280
330
1F
100
AcDbEntity
  8
PDF_Solid Fills
440
 33554559
100
AcDbHatch
 10
0.0
 20
0.0
 30
0.0
210
0.0
220
0.0
230
1.0
  2
SOLID
 70
     1
 71
     0
 91
        1
 92
        3
 72
     0
 73
     1
 93
        7
 10
3.762462672873889
 20
5.242677178785001
 10
3.762462672873889
 20
5.396896395868335
 10
3.762462672873889
 20
5.396896395868335
 10
3.344900427985
 20
5.396896395868335
 10
3.344900427985
 20
5.396896395868335
 10
3.344900427985
 20
5.242677178785001
 10
3.344900427985
 20
5.242677178785001
 97
        0
 75
     0
 76
     1
 98
        1
 10
0.0
 20
0.0
450
        0
451
        0
460
0.0
461
0.0
452
        0
462
0.0
453
        0
470

  0
HATCH
  5
281
330
1F
100
AcDbEntity
  8
PDF_Solid Fills
 62
     7
440
 33554559
100
AcDbHatch
 10
0.0
 20
0.0
 30
0.0
210
0.0
220
0.0
230
1.0
  2
SOLID
 70
     1
 71
     0
 91
        3
 92
        2
 72
     0
 73
     1
 93
        2
 10
2.847760263957222
 20
5.220645677007223
 10
2.848122965068333
 20
5.220650858451667
 97
        0
 92
        2
 72
     1
 73
     1
 93
        2
 10
2.847760263957224
 20
5.22101355956414
 42
0.4152421017967872
 10
2.847397562846111
 20
5.220650858451667
 42
0.0
 97
        0
 92
        2
 72
     1
 73
     1
 93
        2
 10
2.84812296506513
 20
5.220650858451673
 42
0.4152421038711807
 10
2.847760263957222
 20
5.221013559562779
 42
0.0
 97
        0
 75
     0
 76
     1
 98
        1
 10
0.0
 20
0.0
450
        0
451
        0
460
0.0
461
0.0
452
        0
462
0.0
453
        0
470

  0
HATCH
  5
282
330
1F
100
AcDbEntity
  8
PDF_Solid Fills
 62
     7
440
 33554559
100
AcDbHatch
 10
0.0
 20
0.0
 30
0.0
210
0.0
220
0.0
230
1.0
  2
SOLID
 70
     1
 71
     0
 91
        3
 92
        2
 72
     0
 73
     1
 93
        2
 10
4.259601541540555
 20
5.220645677007223
 10
4.259962947290556
 20
5.220650858451667
 97
        0
 92
        2
 72
     1
 73
     1
 93
        2
 10
4.259600246179439
 20
5.221013559559956
 42
0.4152420974005869
 10
4.259237545068334
 20
5.220650858451667
 42
0.0
 97
        0
 92
        2
 72
     1
 73
     1
 93
        2
 10
4.259962947287439
 20
5.220650858451673
 42
0.415242094865216
 10
4.259600246179444
 20
5.221013559562779
 42
0.0
 97
        0
 75
     0
 76
     1
 98
        1
 10
0.0
 20
0.0
450
        0
451
        0
460
0.0
461
0.0
452
        0
462
0.0
453
        0
470

  0
HATCH
  5
283
330
1F
100
AcDbEntity
  8
PDF_Solid Fills
440
 33554559
100
AcDbHatch
 10
0.0
 20
0.0
 30
0.0
210
0.0
220
0.0
230
1.0
  2
SOLID
 70
     1
 71
     0
 91
        1
 92
        3
 72
     0
 73
     1
 93
        7
 10
9.001537733151666
 20
7.749647828368335
 10
8.909740672651667
 20
7.749647828368335
 10
8.909740672651667
 20
7.749647828368335
 10
8.909744558734999
 20
6.754625258396112
 10
8.909744558734999
 20
6.754625258396112
 10
9.001541619234998
 20
6.754625258396112
 10
9.001541619234998
 20
6.754625258396112
 97
        0
 75
     0
 76
     1
 98
        1
 10
0.0
 20
0.0
450
        0
451
        0
460
0.0
461
0.0
452
        0
462
0.0
453
        0
470

  0
HATCH
  5
284
330
1F
100
AcDbEntity
  8
PDF_Solid Fills
440
 33554559
100
AcDbHatch
 10
0.0
 20
0.0
 30
0.0
210
0.0
220
0.0
230
1.0
  2
SOLID
 70
     1
 71
     0
 91
        1
 92
        3
 72
     0
 73
     1
 93
        7
 10
9.001537733151666
 20
7.749647828368335
 10
8.909740672651667
 20
7.749647828368335
 10
8.909740672651667
 20
7.749647828368335
 10
8.909744558734999
 20
6.754625258396112
 10
8.909744558734999
 20
6.754625258396112
 10
9.001541619234998
 20
6.754625258396112
 10
9.001541619234998
 20
6.754625258396112
 97
        0
 75
     0
 76
     1
 98
        1
 10
0.0
 20
0.0
450
        0
451
        0
460
0.0
461
0.0
452
        0
462
0.0
453
        0
470

  0
HATCH
  5
285
330
1F
100
AcDbEntity
  8
PDF_Solid Fills
440
 33554559
100
AcDbHatch
 10
0.0
 20
0.0
 30
0.0
210
0.0
220
0.0
230
1.0
  2
SOLID
 70
     1
 71
     0
 91
        1
 92
        3
 72
     0
 73
     1
 93
        7
 10
9.120875466234998
 20
7.346958919757224
 10
9.029078405734999
 20
7.346958919757224
 10
9.029078405734999
 20
7.346958919757224
 10
9.029080996457221
 20
6.754625258396112
 10
9.029080996457221
 20
6.754625258396112
 10
9.120878056957222
 20
6.754625258396112
 10
9.120878056957222
 20
6.754625258396112
 97
        0
 75
     0
 76
     1
 98
        1
 10
0.0
 20
0.0
450
        0
451
        0
460
0.0
461
0.0
452
        0
462
0.0
453
        0
470

  0
HATCH
  5
286
330
1F
100
AcDbEntity
  8
PDF_Solid Fills
440
 33554559
100
AcDbHatch
 10
0.0
 20
0.0
 30
0.0
210
0.0
220
0.0
230
1.0
  2
SOLID
 70
     1
 71
     0
 91
        1
 92
        3
 72
     0
 73
     1
 93
        7
 10
9.120875466234998
 20
7.346958919757224
 10
9.029078405734999
 20
7.346958919757224
 10
9.029078405734999
 20
7.346958919757224
 10
9.029080996457221
 20
6.754625258396112
 10
9.029080996457221
 20
6.754625258396112
 10
9.120878056957222
 20
6.754625258396112
 10
9.120878056957222
 20
6.754625258396112
 97
        0
 75
     0
 76
     1
 98
        1
 10
0.0
 20
0.0
450
        0
451
        0
460
0.0
461
0.0
452
        0
462
0.0
453
        0
470

  0
HATCH
  5
287
330
1F
100
AcDbEntity
  8
PDF_Solid Fills
440
 33554559
100
AcDbHatch
 10
0.0
 20
0.0
 30
0.0
210
0.0
220
0.0
230
1.0
  2
SOLID
 70
     1
 71
     0
 91
        1
 92
        3
 72
     0
 73
     1
 93
        7
 10
5.975758118873889
 20
9.047344475562779
 10
5.975758118873889
 20
9.139141536062778
 10
5.975758118873889
 20
9.139141536062778
 10
5.240753384735
 20
9.139141536062778
 10
5.240753384735
 20
9.139141536062778
 10
5.240753384735
 20
9.047344475562779
 10
5.240753384735
 20
9.047344475562779
 97
        0
 75
     0
 76
     1
 98
        1
 10
0.0
 20
0.0
450
        0
451
        0
460
0.0
461
0.0
452
        0
462
0.0
453
        0
470

  0
HATCH
  5
288
330
1F
100
AcDbEntity
  8
PDF_Solid Fills
440
 33554559
100
AcDbHatch
 10
0.0
 20
0.0
 30
0.0
210
0.0
220
0.0
230
1.0
  2
SOLID
 70
     1
 71
     0
 91
        1
 92
        3
 72
     0
 73
     1
 93
        7
 10
5.975758118873889
 20
9.047344475562779
 10
5.975758118873889
 20
9.139141536062778
 10
5.975758118873889
 20
9.139141536062778
 10
5.240753384735
 20
9.139141536062778
 10
5.240753384735
 20
9.139141536062778
 10
5.240753384735
 20
9.047344475562779
 10
5.240753384735
 20
9.047344475562779
 97
        0
 75
     0
 76
     1
 98
        1
 10
0.0
 20
0.0
450
        0
451
        0
460
0.0
461
0.0
452
        0
462
0.0
453
        0
470

  0
HATCH
  5
289
330
1F
100
AcDbEntity
  8
PDF_Solid Fills
440
 33554559
100
AcDbHatch
 10
0.0
 20
0.0
 30
0.0
210
0.0
220
0.0
230
1.0
  2
SOLID
 70
     1
 71
     0
 91
        1
 92
        3
 72
     0
 73
     1
 93
        7
 10
5.526364965401667
 20
8.928008037840555
 10
5.526364965401667
 20
9.019805098340556
 10
5.526364965401667
 20
9.019805098340556
 10
5.240753384735
 20
9.019805098340556
 10
5.240753384735
 20
9.019805098340556
 10
5.240753384735
 20
8.928008037840555
 10
5.240753384735
 20
8.928008037840555
 97
        0
 75
     0
 76
     1
 98
        1
 10
0.0
 20
0.0
450
        0
451
        0
460
0.0
461
0.0
452
        0
462
0.0
453
        0
470

  0
HATCH
  5
28A
330
1F
100
AcDbEntity
  8
PDF_Solid Fills
440
 33554559
100
AcDbHatch
 10
0.0
 20
0.0
 30
0.0
210
0.0
220
0.0
230
1.0
  2
SOLID
 70
     1
 71
     0
 91
        1
 92
        3
 72
     0
 73
     1
 93
        7
 10
5.526364965401667
 20
8.928008037840555
 10
5.526364965401667
 20
9.019805098340556
 10
5.526364965401667
 20
9.019805098340556
 10
5.240753384735
 20
9.019805098340556
 10
5.240753384735
 20
9.019805098340556
 10
5.240753384735
 20
8.928008037840555
 10
5.240753384735
 20
8.928008037840555
 97
        0
 75
     0
 76
     1
 98
        1
 10
0.0
 20
0.0
450
        0
451
        0
460
0.0
461
0.0
452
        0
462
0.0
453
        0
470

  0
HATCH
  5
28B
330
1F
100
AcDbEntity
  8
PDF_Solid Fills
440
 33554559
100
AcDbHatch
 10
0.0
 20
0.0
 30
0.0
210
0.0
220
0.0
230
1.0
  2
SOLID
 70
     1
 71
     0
 91
        1
 92
        3
 72
     0
 73
     1
 93
        7
 10
5.717547311790555
 20
9.806420905229446
 10
5.717547311790555
 20
9.898217965729445
 10
5.717547311790555
 20
9.898217965729445
 10
5.070754078596111
 20
9.898217965729445
 10
5.070754078596111
 20
9.898217965729445
 10
5.070754078596111
 20
9.806420905229446
 10
5.070754078596111
 20
9.806420905229446
 97
        0
 75
     0
 76
     1
 98
        1
 10
0.0
 20
0.0
450
        0
451
        0
460
0.0
461
0.0
452
        0
462
0.0
453
        0
470

  0
HATCH
  5
28C
330
1F
100
AcDbEntity
  8
PDF_Solid Fills
440
 33554559
100
AcDbHatch
 10
0.0
 20
0.0
 30
0.0
210
0.0
220
0.0
230
1.0
  2
SOLID
 70
     1
 71
     0
 91
        1
 92
        3
 72
     0
 73
     1
 93
        7
 10
5.717547311790555
 20
9.806420905229446
 10
5.717547311790555
 20
9.898217965729445
 10
5.717547311790555
 20
9.898217965729445
 10
5.070754078596111
 20
9.898217965729445
 10
5.070754078596111
 20
9.898217965729445
 10
5.070754078596111
 20
9.806420905229446
 10
5.070754078596111
 20
9.806420905229446
 97
        0
 75
     0
 76
     1
 98
        1
 10
0.0
 20
0.0
450
        0
451
        0
460
0.0
461
0.0
452
        0
462
0.0
453
        0
470

  0
HATCH
  5
28D
330
1F
100
AcDbEntity
  8
PDF_Solid Fills
440
 33554559
100
AcDbHatch
 10
0.0
 20
0.0
 30
0.0
210
0.0
220
0.0
230
1.0
  2
SOLID
 70
     1
 71
     0
 91
        1
 92
        3
 72
     0
 73
     1
 93
        7
 10
5.424451134623889
 20
9.687084467507224
 10
5.424451134623889
 20
9.778881528007223
 10
5.424451134623889
 20
9.778881528007223
 10
5.070754078596111
 20
9.778881528007223
 10
5.070754078596111
 20
9.778881528007223
 10
5.070754078596111
 20
9.687084467507224
 10
5.070754078596111
 20
9.687084467507224
 97
        0
 75
     0
 76
     1
 98
        1
 10
0.0
 20
0.0
450
        0
451
        0
460
0.0
461
0.0
452
        0
462
0.0
453
        0
470

  0
HATCH
  5
28E
330
1F
100
AcDbEntity
  8
PDF_Solid Fills
440
 33554559
100
AcDbHatch
 10
0.0
 20
0.0
 30
0.0
210
0.0
220
0.0
230
1.0
  2
SOLID
 70
     1
 71
     0
 91
        1
 92
        3
 72
     0
 73
     1
 93
        7
 10
5.424451134623889
 20
9.687084467507224
 10
5.424451134623889
 20
9.778881528007223
 10
5.424451134623889
 20
9.778881528007223
 10
5.070754078596111
 20
9.778881528007223
 10
5.070754078596111
 20
9.778881528007223
 10
5.070754078596111
 20
9.687084467507224
 10
5.070754078596111
 20
9.687084467507224
 97
        0
 75
     0
 76
     1
 98
        1
 10
0.0
 20
0.0
450
        0
451
        0
460
0.0
461
0.0
452
        0
462
0.0
453
        0
470

  0
HATCH
  5
28F
330
1F
100
AcDbEntity
  8
PDF_Solid Fills
440
 33554559
100
AcDbHatch
 10
0.0
 20
0.0
 30
0.0
210
0.0
220
0.0
230
1.0
  2
SOLID
 70
     1
 71
     0
 91
        1
 92
        3
 72
     0
 73
     1
 93
        7
 10
5.799314391207222
 20
7.907108038951668
 10
5.799314391207222
 20
7.998905099451667
 10
5.799314391207222
 20
7.998905099451667
 10
4.958974777596111
 20
7.998905099451667
 10
4.958974777596111
 20
7.998905099451667
 10
4.958974777596111
 20
7.907108038951668
 10
4.958974777596111
 20
7.907108038951668
 97
        0
 75
     0
 76
     1
 98
        1
 10
0.0
 20
0.0
450
        0
451
        0
460
0.0
461
0.0
452
        0
462
0.0
453
        0
470

  0
HATCH
  5
290
330
1F
100
AcDbEntity
  8
PDF_Solid Fills
440
 33554559
100
AcDbHatch
 10
0.0
 20
0.0
 30
0.0
210
0.0
220
0.0
230
1.0
  2
SOLID
 70
     1
 71
     0
 91
        1
 92
        3
 72
     0
 73
     1
 93
        7
 10
5.799314391207222
 20
7.907108038951668
 10
5.799314391207222
 20
7.998905099451667
 10
5.799314391207222
 20
7.998905099451667
 10
4.958974777596111
 20
7.998905099451667
 10
4.958974777596111
 20
7.998905099451667
 10
4.958974777596111
 20
7.907108038951668
 10
4.958974777596111
 20
7.907108038951668
 97
        0
 75
     0
 76
     1
 98
        1
 10
0.0
 20
0.0
450
        0
451
        0
460
0.0
461
0.0
452
        0
462
0.0
453
        0
470

  0
HATCH
  5
291
330
1F
100
AcDbEntity
  8
PDF_Solid Fills
440
 33554559
100
AcDbHatch
 10
0.0
 20
0.0
 30
0.0
210
0.0
220
0.0
230
1.0
  2
SOLID
 70
     1
 71
     0
 91
        1
 92
        3
 72
     0
 73
     1
 93
        7
 10
5.244586358262778
 20
7.787771601229446
 10
5.244586358262778
 20
7.879568661729446
 10
5.244586358262778
 20
7.879568661729446
 10
4.958974777596111
 20
7.879568661729446
 10
4.958974777596111
 20
7.879568661729446
 10
4.958974777596111
 20
7.787771601229446
 10
4.958974777596111
 20
7.787771601229446
 97
        0
 75
     0
 76
     1
 98
        1
 10
0.0
 20
0.0
450
        0
451
        0
460
0.0
461
0.0
452
        0
462
0.0
453
        0
470

  0
HATCH
  5
292
330
1F
100
AcDbEntity
  8
PDF_Solid Fills
440
 33554559
100
AcDbHatch
 10
0.0
 20
0.0
 30
0.0
210
0.0
220
0.0
230
1.0
  2
SOLID
 70
     1
 71
     0
 91
        1
 92
        3
 72
     0
 73
     1
 93
        7
 10
5.244586358262778
 20
7.787771601229446
 10
5.244586358262778
 20
7.879568661729446
 10
5.244586358262778
 20
7.879568661729446
 10
4.958974777596111
 20
7.879568661729446
 10
4.958974777596111
 20
7.879568661729446
 10
4.958974777596111
 20
7.787771601229446
 10
4.958974777596111
 20
7.787771601229446
 97
        0
 75
     0
 76
     1
 98
        1
 10
0.0
 20
0.0
450
        0
451
        0
460
0.0
461
0.0
452
        0
462
0.0
453
        0
470

  0
HATCH
  5
293
330
1F
100
AcDbEntity
  8
PDF_Solid Fills
440
 33554559
100
AcDbHatch
 10
0.0
 20
0.0
 30
0.0
210
0.0
220
0.0
230
1.0
  2
SOLID
 70
     1
 71
     0
 91
        1
 92
        3
 72
     0
 73
     1
 93
        7
 10
4.014802903401667
 20
4.922546815229446
 10
4.014802903401667
 20
5.014343875729446
 10
4.014802903401667
 20
5.014343875729446
 10
3.149093642429445
 20
5.014343875729446
 10
3.149093642429445
 20
5.014343875729446
 10
3.149093642429445
 20
4.922546815229446
 10
3.149093642429445
 20
4.922546815229446
 97
        0
 75
     0
 76
     1
 98
        1
 10
0.0
 20
0.0
450
        0
451
        0
460
0.0
461
0.0
452
        0
462
0.0
453
        0
470

  0
HATCH
  5
294
330
1F
100
AcDbEntity
  8
PDF_Solid Fills
440
 33554559
100
AcDbHatch
 10
0.0
 20
0.0
 30
0.0
210
0.0
220
0.0
230
1.0
  2
SOLID
 70
     1
 71
     0
 91
        1
 92
        3
 72
     0
 73
     1
 93
        7
 10
4.014802903401667
 20
4.922546815229446
 10
4.014802903401667
 20
5.014343875729446
 10
4.014802903401667
 20
5.014343875729446
 10
3.149093642429445
 20
5.014343875729446
 10
3.149093642429445
 20
5.014343875729446
 10
3.149093642429445
 20
4.922546815229446
 10
3.149093642429445
 20
4.922546815229446
 97
        0
 75
     0
 76
     1
 98
        1
 10
0.0
 20
0.0
450
        0
451
        0
460
0.0
461
0.0
452
        0
462
0.0
453
        0
470

  0
HATCH
  5
295
330
1F
100
AcDbEntity
  8
PDF_Solid Fills
440
 33554559
100
AcDbHatch
 10
0.0
 20
0.0
 30
0.0
210
0.0
220
0.0
230
1.0
  2
SOLID
 70
     1
 71
     0
 91
        1
 92
        3
 72
     0
 73
     1
 93
        7
 10
3.427982298929443
 20
4.803210377507223
 10
3.427982298929443
 20
4.895007438007223
 10
3.427982298929443
 20
4.895007438007223
 10
3.149093642429445
 20
4.895007438007223
 10
3.149093642429445
 20
4.895007438007223
 10
3.149093642429445
 20
4.803210377507223
 10
3.149093642429445
 20
4.803210377507223
 97
        0
 75
     0
 76
     1
 98
        1
 10
0.0
 20
0.0
450
        0
451
        0
460
0.0
461
0.0
452
        0
462
0.0
453
        0
470

  0
HATCH
  5
296
330
1F
100
AcDbEntity
  8
PDF_Solid Fills
440
 33554559
100
AcDbHatch
 10
0.0
 20
0.0
 30
0.0
210
0.0
220
0.0
230
1.0
  2
SOLID
 70
     1
 71
     0
 91
        1
 92
        3
 72
     0
 73
     1
 93
        7
 10
3.427982298929443
 20
4.803210377507223
 10
3.427982298929443
 20
4.895007438007223
 10
3.427982298929443
 20
4.895007438007223
 10
3.149093642429445
 20
4.895007438007223
 10
3.149093642429445
 20
4.895007438007223
 10
3.149093642429445
 20
4.803210377507223
 10
3.149093642429445
 20
4.803210377507223
 97
        0
 75
     0
 76
     1
 98
        1
 10
0.0
 20
0.0
450
        0
451
        0
460
0.0
461
0.0
452
        0
462
0.0
453
        0
470

  0
HATCH
  5
297
330
1F
100
AcDbEntity
  8
PDF_Solid Fills
440
 33554559
100
AcDbHatch
 10
0.0
 20
0.0
 30
0.0
210
0.0
220
0.0
230
1.0
  2
SOLID
 70
     1
 71
     0
 91
        1
 92
        3
 72
     0
 73
     1
 93
        7
 10
11.10265102084611
 20
5.331226768979446
 10
11.10265102084611
 20
5.423023829479445
 10
11.10265102084611
 20
5.423023829479445
 10
10.67849150181833
 20
5.423023829479445
 10
10.67849150181833
 20
5.423023829479445
 10
10.67849150181833
 20
5.331226768979446
 10
10.67849150181833
 20
5.331226768979446
 97
        0
 75
     0
 76
     1
 98
        1
 10
0.0
 20
0.0
450
        0
451
        0
460
0.0
461
0.0
452
        0
462
0.0
453
        0
470

  0
HATCH
  5
298
330
1F
100
AcDbEntity
  8
PDF_Solid Fills
440
 33554559
100
AcDbHatch
 10
0.0
 20
0.0
 30
0.0
210
0.0
220
0.0
230
1.0
  2
SOLID
 70
     1
 71
     0
 91
        1
 92
        3
 72
     0
 73
     1
 93
        7
 10
11.10265102084611
 20
5.331226768979446
 10
11.10265102084611
 20
5.423023829479445
 10
11.10265102084611
 20
5.423023829479445
 10
10.67849150181833
 20
5.423023829479445
 10
10.67849150181833
 20
5.423023829479445
 10
10.67849150181833
 20
5.331226768979446
 10
10.67849150181833
 20
5.331226768979446
 97
        0
 75
     0
 76
     1
 98
        1
 10
0.0
 20
0.0
450
        0
451
        0
460
0.0
461
0.0
452
        0
462
0.0
453
        0
470

  0
HATCH
  5
299
330
1F
100
AcDbEntity
  8
PDF_Solid Fills
440
 33554559
100
AcDbHatch
 10
0.0
 20
0.0
 30
0.0
210
0.0
220
0.0
230
1.0
  2
SOLID
 70
     1
 71
     0
 91
        1
 92
        3
 72
     0
 73
     1
 93
        7
 10
11.03218855784611
 20
5.211890331257223
 10
11.03218855784611
 20
5.303687391757224
 10
11.03218855784611
 20
5.303687391757224
 10
10.67849150181833
 20
5.303687391757224
 10
10.67849150181833
 20
5.303687391757224
 10
10.67849150181833
 20
5.211890331257223
 10
10.67849150181833
 20
5.211890331257223
 97
        0
 75
     0
 76
     1
 98
        1
 10
0.0
 20
0.0
450
        0
451
        0
460
0.0
461
0.0
452
        0
462
0.0
453
        0
470

  0
HATCH
  5
29A
330
1F
100
AcDbEntity
  8
PDF_Solid Fills
440
 33554559
100
AcDbHatch
 10
0.0
 20
0.0
 30
0.0
210
0.0
220
0.0
230
1.0
  2
SOLID
 70
     1
 71
     0
 91
        1
 92
        3
 72
     0
 73
     1
 93
        7
 10
11.03218855784611
 20
5.211890331257223
 10
11.03218855784611
 20
5.303687391757224
 10
11.03218855784611
 20
5.303687391757224
 10
10.67849150181833
 20
5.303687391757224
 10
10.67849150181833
 20
5.303687391757224
 10
10.67849150181833
 20
5.211890331257223
 10
10.67849150181833
 20
5.211890331257223
 97
        0
 75
     0
 76
     1
 98
        1
 10
0.0
 20
0.0
450
        0
451
        0
460
0.0
461
0.0
452
        0
462
0.0
453
        0
470

  0
HATCH
  5
29B
330
1F
100
AcDbEntity
  8
PDF_Solid Fills
440
 33554559
100
AcDbHatch
 10
0.0
 20
0.0
 30
0.0
210
0.0
220
0.0
230
1.0
  2
SOLID
 70
     1
 71
     0
 91
        1
 92
        3
 72
     0
 73
     1
 93
        7
 10
6.576024571679443
 20
6.413122731868335
 10
6.576024571679443
 20
6.504919792368335
 10
6.576024571679443
 20
6.504919792368335
 10
6.260740154040555
 20
6.504919792368335
 10
6.260740154040555
 20
6.504919792368335
 10
6.260740154040555
 20
6.413122731868335
 10
6.260740154040555
 20
6.413122731868335
 97
        0
 75
     0
 76
     1
 98
        1
 10
0.0
 20
0.0
450
        0
451
        0
460
0.0
461
0.0
452
        0
462
0.0
453
        0
470

  0
HATCH
  5
29C
330
1F
100
AcDbEntity
  8
PDF_Solid Fills
440
 33554559
100
AcDbHatch
 10
0.0
 20
0.0
 30
0.0
210
0.0
220
0.0
230
1.0
  2
SOLID
 70
     1
 71
     0
 91
        1
 92
        3
 72
     0
 73
     1
 93
        7
 10
6.576024571679443
 20
6.413122731868335
 10
6.576024571679443
 20
6.504919792368335
 10
6.576024571679443
 20
6.504919792368335
 10
6.260740154040555
 20
6.504919792368335
 10
6.260740154040555
 20
6.504919792368335
 10
6.260740154040555
 20
6.413122731868335
 10
6.260740154040555
 20
6.413122731868335
 97
        0
 75
     0
 76
     1
 98
        1
 10
0.0
 20
0.0
450
        0
451
        0
460
0.0
461
0.0
452
        0
462
0.0
453
        0
470

  0
HATCH
  5
29D
330
1F
100
AcDbEntity
  8
PDF_Solid Fills
440
 33554559
100
AcDbHatch
 10
0.0
 20
0.0
 30
0.0
210
0.0
220
0.0
230
1.0
  2
SOLID
 70
     1
 71
     0
 91
        1
 92
        3
 72
     0
 73
     1
 93
        7
 10
6.532725831179444
 20
6.293786294146112
 10
6.532725831179444
 20
6.385583354646112
 10
6.532725831179444
 20
6.385583354646112
 10
6.260740154040555
 20
6.385583354646112
 10
6.260740154040555
 20
6.385583354646112
 10
6.260740154040555
 20
6.293786294146112
 10
6.260740154040555
 20
6.293786294146112
 97
        0
 75
     0
 76
     1
 98
        1
 10
0.0
 20
0.0
450
        0
451
        0
460
0.0
461
0.0
452
        0
462
0.0
453
        0
470

  0
HATCH
  5
29E
330
1F
100
AcDbEntity
  8
PDF_Solid Fills
440
 33554559
100
AcDbHatch
 10
0.0
 20
0.0
 30
0.0
210
0.0
220
0.0
230
1.0
  2
SOLID
 70
     1
 71
     0
 91
        1
 92
        3
 72
     0
 73
     1
 93
        7
 10
6.532725831179444
 20
6.293786294146112
 10
6.532725831179444
 20
6.385583354646112
 10
6.532725831179444
 20
6.385583354646112
 10
6.260740154040555
 20
6.385583354646112
 10
6.260740154040555
 20
6.385583354646112
 10
6.260740154040555
 20
6.293786294146112
 10
6.260740154040555
 20
6.293786294146112
 97
        0
 75
     0
 76
     1
 98
        1
 10
0.0
 20
0.0
450
        0
451
        0
460
0.0
461
0.0
452
        0
462
0.0
453
        0
470

  0
HATCH
  5
29F
330
1F
100
AcDbEntity
  8
PDF_Solid Fills
440
 33554559
100
AcDbHatch
 10
0.0
 20
0.0
 30
0.0
210
0.0
220
0.0
230
1.0
  2
SOLID
 70
     1
 71
     0
 91
        1
 92
        3
 72
     0
 73
     1
 93
        7
 10
10.65250526256833
 20
10.316674009785
 10
10.65250526256833
 20
10.47089452222945
 10
10.65250526256833
 20
10.47089452222945
 10
10.32831782801277
 20
10.47089452222945
 10
10.32831782801277
 20
10.47089452222945
 10
10.32831782801277
 20
10.316674009785
 10
10.32831782801277
 20
10.316674009785
 97
        0
 75
     0
 76
     1
 98
        1
 10
0.0
 20
0.0
450
        0
451
        0
460
0.0
461
0.0
452
        0
462
0.0
453
        0
470

  0
HATCH
  5
2A0
330
1F
100
AcDbEntity
  8
PDF_Solid Fills
 62
     7
440
 33554559
100
AcDbHatch
 10
0.0
 20
0.0
 30
0.0
210
0.0
220
0.0
230
1.0
  2
SOLID
 70
     1
 71
     0
 91
        3
 92
        2
 72
     0
 73
     1
 93
        2
 10
10.18052360204055
 20
10.29464380336833
 10
10.180890189235
 20
10.29464509872944
 97
        0
 92
        2
 72
     1
 73
     1
 93
        2
 10
10.18052748812388
 20
10.29428239761562
 42
0.4152420500431994
 10
10.180890189235
 20
10.29464509872944
 42
0.0
 97
        0
 92
        2
 72
     1
 73
     1
 93
        2
 10
10.18089018925018
 20
10.29464509872942
 42
0.4152421667422426
 10
10.18052748812389
 20
10.29500779984055
 42
0.0
 97
        0
 75
     0
 76
     1
 98
        1
 10
0.0
 20
0.0
450
        0
451
        0
460
0.0
461
0.0
452
        0
462
0.0
453
        0
470

  0
HATCH
  5
2A1
330
1F
100
AcDbEntity
  8
PDF_Solid Fills
440
 33554559
100
AcDbHatch
 10
0.0
 20
0.0
 30
0.0
210
0.0
220
0.0
230
1.0
  2
SOLID
 70
     1
 71
     0
 91
        1
 92
        3
 72
     0
 73
     1
 93
        7
 10
6.722923703123888
 20
10.316674009785
 10
6.722923703123888
 20
10.47089452222945
 10
6.722923703123888
 20
10.47089452222945
 10
6.305361458234999
 20
10.47089452222945
 10
6.305361458234999
 20
10.47089452222945
 10
6.305361458234999
 20
10.316674009785
 10
6.305361458234999
 20
10.316674009785
 97
        0
 75
     0
 76
     1
 98
        1
 10
0.0
 20
0.0
450
        0
451
        0
460
0.0
461
0.0
452
        0
462
0.0
453
        0
470

  0
HATCH
  5
2A2
330
1F
100
AcDbEntity
  8
PDF_Solid Fills
 62
     7
440
 33554559
100
AcDbHatch
 10
0.0
 20
0.0
 30
0.0
210
0.0
220
0.0
230
1.0
  2
SOLID
 70
     1
 71
     0
 91
        3
 92
        2
 72
     0
 73
     1
 93
        2
 10
10.18052360204055
 20
10.29464380336833
 10
10.180890189235
 20
10.29464509872944
 97
        0
 92
        2
 72
     1
 73
     1
 93
        2
 10
10.18052748812388
 20
10.29428239761562
 42
0.4152420500431994
 10
10.180890189235
 20
10.29464509872944
 42
0.0
 97
        0
 92
        2
 72
     1
 73
     1
 93
        2
 10
10.18089018925018
 20
10.29464509872942
 42
0.4152421667422426
 10
10.18052748812389
 20
10.29500779984055
 42
0.0
 97
        0
 75
     0
 76
     1
 98
        1
 10
0.0
 20
0.0
450
        0
451
        0
460
0.0
461
0.0
452
        0
462
0.0
453
        0
470

  0
HATCH
  5
2A3
330
1F
100
AcDbEntity
  8
PDF_Solid Fills
440
 33554559
100
AcDbHatch
 10
0.0
 20
0.0
 30
0.0
210
0.0
220
0.0
230
1.0
  2
SOLID
 70
     1
 71
     0
 91
        1
 92
        3
 72
     0
 73
     1
 93
        7
 10
10.65067750804055
 20
7.462753840201668
 10
10.49645829095722
 20
7.462753840201668
 10
10.49645829095722
 20
7.462753840201668
 10
10.49646088167944
 20
7.045190299951668
 10
10.49646088167944
 20
7.045190299951668
 10
10.65068009876277
 20
7.045191595312779
 10
10.65068009876277
 20
7.045191595312779
 97
        0
 75
     0
 76
     1
 98
        1
 10
0.0
 20
0.0
450
        0
451
        0
460
0.0
461
0.0
452
        0
462
0.0
453
        0
470

  0
HATCH
  5
2A4
330
1F
100
AcDbEntity
  8
PDF_Solid Fills
440
 33554559
100
AcDbHatch
 10
0.0
 20
0.0
 30
0.0
210
0.0
220
0.0
230
1.0
  2
SOLID
 70
     1
 71
     0
 91
        1
 92
        3
 72
     0
 73
     1
 93
        7
 10
8.517256618873888
 20
8.182089886340557
 10
8.517256618873888
 20
8.336309103423889
 10
8.517256618873888
 20
8.336309103423889
 10
8.099694373984998
 20
8.336309103423889
 10
8.099694373984998
 20
8.336309103423889
 10
8.099694373984998
 20
8.182089886340557
 10
8.099694373984998
 20
8.182089886340557
 97
        0
 75
     0
 76
     1
 98
        1
 10
0.0
 20
0.0
450
        0
451
        0
460
0.0
461
0.0
452
        0
462
0.0
453
        0
470

  0
HATCH
  5
2A5
330
1F
100
AcDbEntity
  8
PDF_Solid Fills
 62
     7
440
 33554559
100
AcDbHatch
 10
0.0
 20
0.0
 30
0.0
210
0.0
220
0.0
230
1.0
  2
SOLID
 70
     1
 71
     0
 91
        3
 92
        2
 72
     0
 73
     1
 93
        2
 10
9.723985236679444
 20
8.160058384562779
 10
9.724353119234999
 20
8.160058384562779
 97
        0
 92
        2
 72
     1
 73
     1
 93
        2
 10
9.723990418123925
 20
8.159695683472733
 42
0.4152420735717147
 10
9.724353119234999
 20
8.160058384562779
 42
0.0
 97
        0
 92
        2
 72
     1
 73
     1
 93
        2
 10
9.724353119208641
 20
8.160058384562825
 42
0.4152421338270801
 10
9.723990418123888
 20
8.16042108567389
 42
0.0
 97
        0
 75
     0
 76
     1
 98
        1
 10
0.0
 20
0.0
450
        0
451
        0
460
0.0
461
0.0
452
        0
462
0.0
453
        0
470

  0
HATCH
  5
2A6
330
1F
100
AcDbEntity
  8
PDF_Solid Fills
440
 33554559
100
AcDbHatch
 10
0.0
 20
0.0
 30
0.0
210
0.0
220
0.0
230
1.0
  2
SOLID
 70
     1
 71
     0
 91
        1
 92
        3
 72
     0
 73
     1
 93
        7
 10
10.20033226415166
 20
8.858672539007223
 10
10.20033226415166
 20
9.012891756090557
 10
10.20033226415166
 20
9.012891756090557
 10
9.87614482959611
 20
9.012891756090557
 10
9.87614482959611
 20
9.012891756090557
 10
9.87614482959611
 20
8.858672539007223
 10
9.87614482959611
 20
8.858672539007223
 97
        0
 75
     0
 76
     1
 98
        1
 10
0.0
 20
0.0
450
        0
451
        0
460
0.0
461
0.0
452
        0
462
0.0
453
        0
470

  0
HATCH
  5
2A7
330
1F
100
AcDbEntity
  8
PDF_Solid Fills
 62
     7
440
 33554559
100
AcDbHatch
 10
0.0
 20
0.0
 30
0.0
210
0.0
220
0.0
230
1.0
  2
SOLID
 70
     1
 71
     0
 91
        3
 92
        2
 72
     0
 73
     1
 93
        2
 10
9.767436829790554
 20
8.836641037229446
 10
9.767799530901665
 20
8.836638446507222
 97
        0
 92
        2
 72
     1
 73
     1
 93
        2
 10
9.767436829790604
 20
8.836275745424392
 42
0.4152421433044667
 10
9.767799530901665
 20
8.836638446507222
 42
0.0
 97
        0
 92
        2
 72
     1
 73
     1
 93
        2
 10
9.767074128653307
 20
8.836638446507269
 42
0.4152420322408739
 10
9.767436829790554
 20
8.836275745396111
 42
0.0
 97
        0
 75
     0
 76
     1
 98
        1
 10
0.0
 20
0.0
450
        0
451
        0
460
0.0
461
0.0
452
        0
462
0.0
453
        0
470

  0
HATCH
  5
2A8
330
1F
100
AcDbEntity
  8
PDF_Solid Fills
 62
     7
440
 33554559
100
AcDbHatch
 10
0.0
 20
0.0
 30
0.0
210
0.0
220
0.0
230
1.0
  2
SOLID
 70
     1
 71
     0
 91
        3
 92
        2
 72
     0
 73
     1
 93
        2
 10
10.30904026395722
 20
8.836641037229446
 10
10.30940296506833
 20
8.836638446507222
 97
        0
 92
        2
 72
     1
 73
     1
 93
        2
 10
10.30904026395729
 20
8.836275745434218
 42
0.415242062758937
 10
10.30940296506833
 20
8.836638446507222
 42
0.0
 97
        0
 92
        2
 72
     1
 73
     1
 93
        2
 10
10.30867756282112
 20
8.836638446507267
 42
0.4152421294650911
 10
10.30904026395722
 20
8.836275745396111
 42
0.0
 97
        0
 75
     0
 76
     1
 98
        1
 10
0.0
 20
0.0
450
        0
451
        0
460
0.0
461
0.0
452
        0
462
0.0
453
        0
470

  0
HATCH
  5
2A9
330
1F
100
AcDbEntity
  8
PDF_Solid Fills
440
 33554559
100
AcDbHatch
 10
0.0
 20
0.0
 30
0.0
210
0.0
220
0.0
230
1.0
  2
SOLID
 70
     1
 71
     0
 91
        1
 92
        3
 72
     0
 73
     1
 93
        7
 10
7.222300955790554
 20
8.858672539007223
 10
7.222300955790554
 20
9.012891756090557
 10
7.222300955790554
 20
9.012891756090557
 10
6.804737415540556
 20
9.012891756090557
 10
6.804737415540556
 20
9.012891756090557
 10
6.804737415540556
 20
8.858672539007223
 10
6.804737415540556
 20
8.858672539007223
 97
        0
 75
     0
 76
     1
 98
        1
 10
0.0
 20
0.0
450
        0
451
        0
460
0.0
461
0.0
452
        0
462
0.0
453
        0
470

  0
HATCH
  5
2AA
330
1F
100
AcDbEntity
  8
PDF_Solid Fills
 62
     7
440
 33554559
100
AcDbHatch
 10
0.0
 20
0.0
 30
0.0
210
0.0
220
0.0
230
1.0
  2
SOLID
 70
     1
 71
     0
 91
        3
 92
        2
 72
     0
 73
     1
 93
        2
 10
4.259601541540555
 20
8.836641037229446
 10
4.259962947290556
 20
8.836638446507222
 97
        0
 92
        2
 72
     1
 73
     1
 93
        2
 10
4.25960024617945
 20
8.836275745399836
 42
0.4152421007167341
 10
4.259962947290556
 20
8.836638446507222
 42
0.0
 97
        0
 92
        2
 72
     1
 73
     1
 93
        2
 10
4.259237545049494
 20
8.836638446507256
 42
0.4152420851206099
 10
4.259600246179444
 20
8.836275745396111
 42
0.0
 97
        0
 75
     0
 76
     1
 98
        1
 10
0.0
 20
0.0
450
        0
451
        0
460
0.0
461
0.0
452
        0
462
0.0
453
        0
470

  0
HATCH
  5
2AB
330
1F
100
AcDbEntity
  8
PDF_Solid Fills
 62
     7
440
 33554559
100
AcDbHatch
 10
0.0
 20
0.0
 30
0.0
210
0.0
220
0.0
230
1.0
  2
SOLID
 70
     1
 71
     0
 91
        3
 92
        2
 72
     0
 73
     1
 93
        2
 10
9.767436829790554
 20
8.836641037229446
 10
9.767799530901665
 20
8.836638446507222
 97
        0
 92
        2
 72
     1
 73
     1
 93
        2
 10
9.767436829790604
 20
8.836275745424392
 42
0.4152421433044667
 10
9.767799530901665
 20
8.836638446507222
 42
0.0
 97
        0
 92
        2
 72
     1
 73
     1
 93
        2
 10
9.767074128653307
 20
8.836638446507269
 42
0.4152420322408739
 10
9.767436829790554
 20
8.836275745396111
 42
0.0
 97
        0
 75
     0
 76
     1
 98
        1
 10
0.0
 20
0.0
450
        0
451
        0
460
0.0
461
0.0
452
        0
462
0.0
453
        0
470

  0
HATCH
  5
2AC
330
1F
100
AcDbEntity
  8
PDF_Solid Fills
440
 33554559
100
AcDbHatch
 10
0.0
 20
0.0
 30
0.0
210
0.0
220
0.0
230
1.0
  2
SOLID
 70
     1
 71
     0
 91
        1
 92
        3
 72
     0
 73
     1
 93
        7
 10
3.762462672873889
 20
8.858672539007223
 10
3.762462672873889
 20
9.012891756090557
 10
3.762462672873889
 20
9.012891756090557
 10
3.344900427985
 20
9.012891756090557
 10
3.344900427985
 20
9.012891756090557
 10
3.344900427985
 20
8.858672539007223
 10
3.344900427985
 20
8.858672539007223
 97
        0
 75
     0
 76
     1
 98
        1
 10
0.0
 20
0.0
450
        0
451
        0
460
0.0
461
0.0
452
        0
462
0.0
453
        0
470

  0
HATCH
  5
2AD
330
1F
100
AcDbEntity
  8
PDF_Solid Fills
 62
     7
440
 33554559
100
AcDbHatch
 10
0.0
 20
0.0
 30
0.0
210
0.0
220
0.0
230
1.0
  2
SOLID
 70
     1
 71
     0
 91
        3
 92
        2
 72
     0
 73
     1
 93
        2
 10
2.847760263957222
 20
8.836641037229446
 10
2.848122965068333
 20
8.836638446507222
 97
        0
 92
        2
 72
     1
 73
     1
 93
        2
 10
2.847760263957228
 20
8.836275745399753
 42
0.41524209307173
 10
2.848122965068333
 20
8.836638446507222
 42
0.0
 97
        0
 92
        2
 72
     1
 73
     1
 93
        2
 10
2.847397562845537
 20
8.836638446507224
 42
0.4152421006918846
 10
2.847760263957222
 20
8.836275745396111
 42
0.0
 97
        0
 75
     0
 76
     1
 98
        1
 10
0.0
 20
0.0
450
        0
451
        0
460
0.0
461
0.0
452
        0
462
0.0
453
        0
470

  0
HATCH
  5
2AE
330
1F
100
AcDbEntity
  8
PDF_Solid Fills
 62
     7
440
 33554559
100
AcDbHatch
 10
0.0
 20
0.0
 30
0.0
210
0.0
220
0.0
230
1.0
  2
SOLID
 70
     1
 71
     0
 91
        3
 92
        2
 72
     0
 73
     1
 93
        2
 10
4.259601541540555
 20
8.836641037229446
 10
4.259962947290556
 20
8.836638446507222
 97
        0
 92
        2
 72
     1
 73
     1
 93
        2
 10
4.25960024617945
 20
8.836275745399836
 42
0.4152421007167341
 10
4.259962947290556
 20
8.836638446507222
 42
0.0
 97
        0
 92
        2
 72
     1
 73
     1
 93
        2
 10
4.259237545049494
 20
8.836638446507256
 42
0.4152420851206099
 10
4.259600246179444
 20
8.836275745396111
 42
0.0
 97
        0
 75
     0
 76
     1
 98
        1
 10
0.0
 20
0.0
450
        0
451
        0
460
0.0
461
0.0
452
        0
462
0.0
453
        0
470

  0
HATCH
  5
2AF
330
1F
100
AcDbEntity
  8
PDF_Solid Fills
440
 33554559
100
AcDbHatch
 10
0.0
 20
0.0
 30
0.0
210
0.0
220
0.0
230
1.0
  2
SOLID
 70
     1
 71
     0
 91
        1
 92
        3
 72
     0
 73
     1
 93
        7
 10
10.20033226415166
 20
5.242677178785001
 10
10.20033226415166
 20
5.396896395868335
 10
10.20033226415166
 20
5.396896395868335
 10
9.87614482959611
 20
5.396896395868335
 10
9.87614482959611
 20
5.396896395868335
 10
9.87614482959611
 20
5.242677178785001
 10
9.87614482959611
 20
5.242677178785001
 97
        0
 75
     0
 76
     1
 98
        1
 10
0.0
 20
0.0
450
        0
451
        0
460
0.0
461
0.0
452
        0
462
0.0
453
        0
470

  0
HATCH
  5
2B0
330
1F
100
AcDbEntity
  8
PDF_Solid Fills
 62
     7
440
 33554559
100
AcDbHatch
 10
0.0
 20
0.0
 30
0.0
210
0.0
220
0.0
230
1.0
  2
SOLID
 70
     1
 71
     0
 91
        3
 92
        2
 72
     0
 73
     1
 93
        2
 10
9.767436829790554
 20
5.220645677007223
 10
9.767799530901665
 20
5.220650858451667
 97
        0
 92
        2
 72
     1
 73
     1
 93
        2
 10
9.76743682979052
 20
5.221013559543486
 42
0.4152420887623238
 10
9.767074128679444
 20
5.220650858451667
 42
0.0
 97
        0
 92
        2
 72
     1
 73
     1
 93
        2
 10
9.767799530903475
 20
5.220650858451664
 42
0.4152420855405298
 10
9.767436829790554
 20
5.221013559562779
 42
0.0
 97
        0
 75
     0
 76
     1
 98
        1
 10
0.0
 20
0.0
450
        0
451
        0
460
0.0
461
0.0
452
        0
462
0.0
453
        0
470

  0
HATCH
  5
2B1
330
1F
100
AcDbEntity
  8
PDF_Solid Fills
 62
     7
440
 33554559
100
AcDbHatch
 10
0.0
 20
0.0
 30
0.0
210
0.0
220
0.0
230
1.0
  2
SOLID
 70
     1
 71
     0
 91
        3
 92
        2
 72
     0
 73
     1
 93
        2
 10
10.30904026395722
 20
5.220645677007223
 10
10.30940296506833
 20
5.220650858451667
 97
        0
 92
        2
 72
     1
 73
     1
 93
        2
 10
10.3090402639572
 20
5.221013559550627
 42
0.4152421212928448
 10
10.30867756284611
 20
5.220650858451667
 42
0.0
 97
        0
 92
        2
 72
     1
 73
     1
 93
        2
 10
10.30940296507398
 20
5.220650858451658
 42
0.4152420933605606
 10
10.30904026395722
 20
5.221013559562779
 42
0.0
 97
        0
 75
     0
 76
     1
 98
        1
 10
0.0
 20
0.0
450
        0
451
        0
460
0.0
461
0.0
452
        0
462
0.0
453
        0
470

  0
HATCH
  5
2B2
330
1F
100
AcDbEntity
  8
PDF_Solid Fills
440
 33554559
100
AcDbHatch
 10
0.0
 20
0.0
 30
0.0
210
0.0
220
0.0
230
1.0
  2
SOLID
 70
     1
 71
     0
 91
        1
 92
        3
 72
     0
 73
     1
 93
        7
 10
7.222300955790554
 20
5.242677178785001
 10
7.222300955790554
 20
5.396896395868335
 10
7.222300955790554
 20
5.396896395868335
 10
6.804737415540556
 20
5.396896395868335
 10
6.804737415540556
 20
5.396896395868335
 10
6.804737415540556
 20
5.242677178785001
 10
6.804737415540556
 20
5.242677178785001
 97
        0
 75
     0
 76
     1
 98
        1
 10
0.0
 20
0.0
450
        0
451
        0
460
0.0
461
0.0
452
        0
462
0.0
453
        0
470

  0
HATCH
  5
2B3
330
1F
100
AcDbEntity
  8
PDF_Solid Fills
 62
     7
440
 33554559
100
AcDbHatch
 10
0.0
 20
0.0
 30
0.0
210
0.0
220
0.0
230
1.0
  2
SOLID
 70
     1
 71
     0
 91
        3
 92
        2
 72
     0
 73
     1
 93
        2
 10
4.259601541540555
 20
5.220645677007223
 10
4.259962947290556
 20
5.220650858451667
 97
        0
 92
        2
 72
     1
 73
     1
 93
        2
 10
4.259600246179439
 20
5.221013559559956
 42
0.4152420974005869
 10
4.259237545068334
 20
5.220650858451667
 42
0.0
 97
        0
 92
        2
 72
     1
 73
     1
 93
        2
 10
4.259962947287439
 20
5.220650858451673
 42
0.415242094865216
 10
4.259600246179444
 20
5.221013559562779
 42
0.0
 97
        0
 75
     0
 76
     1
 98
        1
 10
0.0
 20
0.0
450
        0
451
        0
460
0.0
461
0.0
452
        0
462
0.0
453
        0
470

  0
HATCH
  5
2B4
330
1F
100
AcDbEntity
  8
PDF_Solid Fills
 62
     7
440
 33554559
100
AcDbHatch
 10
0.0
 20
0.0
 30
0.0
210
0.0
220
0.0
230
1.0
  2
SOLID
 70
     1
 71
     0
 91
        3
 92
        2
 72
     0
 73
     1
 93
        2
 10
9.767436829790554
 20
5.220645677007223
 10
9.767799530901665
 20
5.220650858451667
 97
        0
 92
        2
 72
     1
 73
     1
 93
        2
 10
9.76743682979052
 20
5.221013559543486
 42
0.4152420887623238
 10
9.767074128679444
 20
5.220650858451667
 42
0.0
 97
        0
 92
        2
 72
     1
 73
     1
 93
        2
 10
9.767799530903475
 20
5.220650858451664
 42
0.4152420855405298
 10
9.767436829790554
 20
5.221013559562779
 42
0.0
 97
        0
 75
     0
 76
     1
 98
        1
 10
0.0
 20
0.0
450
        0
451
        0
460
0.0
461
0.0
452
        0
462
0.0
453
        0
470

  0
HATCH
  5
2B5
330
1F
100
AcDbEntity
  8
PDF_Solid Fills
440
 33554559
100
AcDbHatch
 10
0.0
 20
0.0
 30
0.0
210
0.0
220
0.0
230
1.0
  2
SOLID
 70
     1
 71
     0
 91
        1
 92
        3
 72
     0
 73
     1
 93
        7
 10
3.70584506829028
 20
2.593200602011943
 10
3.551625851206947
 20
2.593200602011943
 10
3.551625851206947
 20
2.593200602011943
 10
3.551627146568058
 20
2.362387977789722
 10
3.551627146568058
 20
2.362387977789722
 10
3.70584636365139
 20
2.362389273150835
 10
3.70584636365139
 20
2.362389273150835
 97
        0
 75
     0
 76
     1
 98
        1
 10
0.0
 20
0.0
450
        0
451
        0
460
0.0
461
0.0
452
        0
462
0.0
453
        0
470

  0
HATCH
  5
2B6
330
1F
100
AcDbEntity
  8
PDF_Solid Fills
 62
     7
440
 33554559
100
AcDbHatch
 10
0.0
 20
0.0
 30
0.0
210
0.0
220
0.0
230
1.0
  2
SOLID
 70
     1
 71
     0
 91
        3
 92
        2
 72
     0
 73
     1
 93
        2
 10
3.727876570068056
 20
2.430672938761944
 10
3.7282431572625
 20
2.430672938761944
 97
        0
 92
        2
 72
     1
 73
     1
 93
        2
 10
3.727880456151385
 20
2.430310237647669
 42
0.4152420953686912
 10
3.7282431572625
 20
2.430672938761944
 42
0.0
 97
        0
 92
        2
 72
     1
 73
     1
 93
        2
 10
3.72824315725809
 20
2.430672938761951
 42
0.4152420947575372
 10
3.727880456151391
 20
2.431035639873055
 42
0.0
 97
        0
 75
     0
 76
     1
 98
        1
 10
0.0
 20
0.0
450
        0
451
        0
460
0.0
461
0.0
452
        0
462
0.0
453
        0
470

  0
HATCH
  5
2B7
330
1F
100
AcDbEntity
  8
PDF_Solid Fills
 62
     7
440
 33554559
100
AcDbHatch
 10
0.0
 20
0.0
 30
0.0
210
0.0
220
0.0
230
1.0
  2
SOLID
 70
     1
 71
     0
 91
        2
 92
        2
 72
     0
 73
     1
 93
        2
 10
3.727876570068056
 20
2.524916936400831
 10
3.7282431572625
 20
2.524923413206391
 97
        0
 92
        2
 72
     1
 73
     1
 93
        2
 10
3.727504801429661
 20
2.524923413206391
 42
0.4137930995358338
 10
3.727880456151391
 20
2.524547758484168
 42
0.0
 97
        0
 75
     0
 76
     1
 98
        1
 10
0.0
 20
0.0
450
        0
451
        0
460
0.0
461
0.0
452
        0
462
0.0
453
        0
470

  0
HATCH
  5
2B8
330
1F
100
AcDbEntity
  8
PDF_Solid Fills
440
 33554559
100
AcDbHatch
 10
0.0
 20
0.0
 30
0.0
210
0.0
220
0.0
230
1.0
  2
SOLID
 70
     1
 71
     0
 91
        1
 92
        3
 72
     0
 73
     1
 93
        7
 10
10.76987149490139
 20
3.11929597295639
 10
10.61565227781805
 20
3.11929597295639
 10
10.61565227781805
 20
3.11929597295639
 10
10.61565357317916
 20
2.795107243039726
 10
10.61565357317916
 20
2.795107243039726
 10
10.7698727902625
 20
2.795107243039726
 10
10.7698727902625
 20
2.795107243039726
 97
        0
 75
     0
 76
     1
 98
        1
 10
0.0
 20
0.0
450
        0
451
        0
460
0.0
461
0.0
452
        0
462
0.0
453
        0
470

  0
HATCH
  5
2B9
330
1F
100
AcDbEntity
  8
PDF_Solid Fills
 62
     7
440
 33554559
100
AcDbHatch
 10
0.0
 20
0.0
 30
0.0
210
0.0
220
0.0
230
1.0
  2
SOLID
 70
     1
 71
     0
 91
        3
 92
        2
 72
     0
 73
     1
 93
        2
 10
10.79190429204028
 20
2.531037517650833
 10
10.79227476531805
 20
2.531037517650833
 97
        0
 92
        2
 72
     1
 73
     1
 93
        2
 10
10.79153640948241
 20
2.531037517650837
 42
0.4152421039752606
 10
10.79189911059583
 20
2.530674816539722
 42
0.0
 97
        0
 92
        2
 72
     1
 73
     1
 93
        2
 10
10.79189911059582
 20
2.531400218756798
 42
0.4152420987784724
 10
10.79153640948472
 20
2.531037517650833
 42
0.0
 97
        0
 75
     0
 76
     1
 98
        1
 10
0.0
 20
0.0
450
        0
451
        0
460
0.0
461
0.0
452
        0
462
0.0
453
        0
470

  0
HATCH
  5
2BA
330
1F
100
AcDbEntity
  8
PDF_Solid Fills
 62
     7
440
 33554559
100
AcDbHatch
 10
0.0
 20
0.0
 30
0.0
210
0.0
220
0.0
230
1.0
  2
SOLID
 70
     1
 71
     0
 91
        2
 92
        2
 72
     0
 73
     1
 93
        2
 10
10.79190429204028
 20
2.77582967898417
 10
10.79227476531805
 20
2.775834860428613
 97
        0
 92
        2
 72
     1
 73
     1
 93
        2
 10
10.79189911059583
 20
2.775459205709776
 42
0.4137930801144044
 10
10.79227476531805
 20
2.775834860428613
 42
0.0
 97
        0
 75
     0
 76
     1
 98
        1
 10
0.0
 20
0.0
450
        0
451
        0
460
0.0
461
0.0
452
        0
462
0.0
453
        0
470

  0
HATCH
  5
2BB
330
1F
100
AcDbEntity
  8
PDF_Solid Fills
440
 33554559
100
AcDbHatch
 10
0.0
 20
0.0
 30
0.0
210
0.0
220
0.0
230
1.0
  2
SOLID
 70
     1
 71
     0
 91
        1
 92
        3
 72
     0
 73
     1
 93
        7
 10
6.6025030870125
 20
3.309961470261946
 10
6.6025030870125
 20
3.401758530761945
 10
6.6025030870125
 20
3.401758530761945
 10
5.818954695234723
 20
3.401758530761945
 10
5.818954695234723
 20
3.401758530761945
 10
5.818954695234723
 20
3.309961470261946
 10
5.818954695234723
 20
3.309961470261946
 97
        0
 75
     0
 76
     1
 98
        1
 10
0.0
 20
0.0
450
        0
451
        0
460
0.0
461
0.0
452
        0
462
0.0
453
        0
470

  0
HATCH
  5
2BC
330
1F
100
AcDbEntity
  8
PDF_Solid Fills
440
 33554559
100
AcDbHatch
 10
0.0
 20
0.0
 30
0.0
210
0.0
220
0.0
230
1.0
  2
SOLID
 70
     1
 71
     0
 91
        1
 92
        3
 72
     0
 73
     1
 93
        7
 10
6.6025030870125
 20
3.309961470261946
 10
6.6025030870125
 20
3.401758530761945
 10
6.6025030870125
 20
3.401758530761945
 10
5.818954695234723
 20
3.401758530761945
 10
5.818954695234723
 20
3.401758530761945
 10
5.818954695234723
 20
3.309961470261946
 10
5.818954695234723
 20
3.309961470261946
 97
        0
 75
     0
 76
     1
 98
        1
 10
0.0
 20
0.0
450
        0
451
        0
460
0.0
461
0.0
452
        0
462
0.0
453
        0
470

  0
HATCH
  5
2BD
330
1F
100
AcDbEntity
  8
PDF_Solid Fills
440
 33554559
100
AcDbHatch
 10
0.0
 20
0.0
 30
0.0
210
0.0
220
0.0
230
1.0
  2
SOLID
 70
     1
 71
     0
 91
        1
 92
        3
 72
     0
 73
     1
 93
        7
 10
6.186233612512499
 20
3.190625032539724
 10
6.186233612512499
 20
3.282422093039723
 10
6.186233612512499
 20
3.282422093039723
 10
5.818954695234723
 20
3.282422093039723
 10
5.818954695234723
 20
3.282422093039723
 10
5.818954695234723
 20
3.190625032539724
 10
5.818954695234723
 20
3.190625032539724
 97
        0
 75
     0
 76
     1
 98
        1
 10
0.0
 20
0.0
450
        0
451
        0
460
0.0
461
0.0
452
        0
462
0.0
453
        0
470

  0
HATCH
  5
2BE
330
1F
100
AcDbEntity
  8
PDF_Solid Fills
440
 33554559
100
AcDbHatch
 10
0.0
 20
0.0
 30
0.0
210
0.0
220
0.0
230
1.0
  2
SOLID
 70
     1
 71
     0
 91
        1
 92
        3
 72
     0
 73
     1
 93
        7
 10
6.186233612512499
 20
3.190625032539724
 10
6.186233612512499
 20
3.282422093039723
 10
6.186233612512499
 20
3.282422093039723
 10
5.818954695234723
 20
3.282422093039723
 10
5.818954695234723
 20
3.282422093039723
 10
5.818954695234723
 20
3.190625032539724
 10
5.818954695234723
 20
3.190625032539724
 97
        0
 75
     0
 76
     1
 98
        1
 10
0.0
 20
0.0
450
        0
451
        0
460
0.0
461
0.0
452
        0
462
0.0
453
        0
470

  0
HATCH
  5
2BF
330
1F
100
AcDbEntity
  8
PDF_Solid Fills
440
 33554559
100
AcDbHatch
 10
0.0
 20
0.0
 30
0.0
210
0.0
220
0.0
230
1.0
  2
SOLID
 70
     1
 71
     0
 91
        1
 92
        3
 72
     0
 73
     1
 93
        7
 10
10.76987149490139
 20
2.325717600095281
 10
10.61565227781805
 20
2.325717600095281
 10
10.61565227781805
 20
2.325717600095281
 10
10.61565357317916
 20
2.001530165539723
 10
10.61565357317916
 20
2.001530165539723
 10
10.7698727902625
 20
2.001530165539723
 10
10.7698727902625
 20
2.001530165539723
 97
        0
 75
     0
 76
     1
 98
        1
 10
0.0
 20
0.0
450
        0
451
        0
460
0.0
461
0.0
452
        0
462
0.0
453
        0
470

  0
HATCH
  5
2C0
330
1F
100
AcDbEntity
  8
PDF_Solid Fills
 62
     7
440
 33554559
100
AcDbHatch
 10
0.0
 20
0.0
 30
0.0
210
0.0
220
0.0
230
1.0
  2
SOLID
 70
     1
 71
     0
 91
        3
 92
        2
 72
     0
 73
     1
 93
        2
 10
10.79190429204028
 20
2.344996459511946
 10
10.79227476531805
 20
2.344997754873059
 97
        0
 92
        2
 72
     1
 73
     1
 93
        2
 10
10.79153640948555
 20
2.344997754873058
 42
0.4152420833879865
 10
10.79189911059583
 20
2.344635053761948
 42
0.0
 97
        0
 92
        2
 72
     1
 73
     1
 93
        2
 10
10.79189911059583
 20
2.34536045598401
 42
0.4152421099200545
 10
10.79153640948472
 20
2.344997754873059
 42
0.0
 97
        0
 75
     0
 76
     1
 98
        1
 10
0.0
 20
0.0
450
        0
451
        0
460
0.0
461
0.0
452
        0
462
0.0
453
        0
470

  0
HATCH
  5
2C1
330
1F
100
AcDbEntity
  8
PDF_Solid Fills
 62
     7
440
 33554559
100
AcDbHatch
 10
0.0
 20
0.0
 30
0.0
210
0.0
220
0.0
230
1.0
  2
SOLID
 70
     1
 71
     0
 91
        3
 92
        2
 72
     0
 73
     1
 93
        2
 10
10.79190429204028
 20
2.531037517650833
 10
10.79227476531805
 20
2.531037517650833
 97
        0
 92
        2
 72
     1
 73
     1
 93
        2
 10
10.79153640948241
 20
2.531037517650837
 42
0.4152421039752606
 10
10.79189911059583
 20
2.530674816539722
 42
0.0
 97
        0
 92
        2
 72
     1
 73
     1
 93
        2
 10
10.79189911059582
 20
2.531400218756798
 42
0.4152420987784724
 10
10.79153640948472
 20
2.531037517650833
 42
0.0
 97
        0
 75
     0
 76
     1
 98
        1
 10
0.0
 20
0.0
450
        0
451
        0
460
0.0
461
0.0
452
        0
462
0.0
453
        0
470

  0
HATCH
  5
2C2
330
1F
100
AcDbEntity
  8
PDF_Solid Fills
440
 33554559
100
AcDbHatch
 10
0.0
 20
0.0
 30
0.0
210
0.0
220
0.0
230
1.0
  2
SOLID
 70
     1
 71
     0
 91
        1
 92
        3
 72
     0
 73
     1
 93
        7
 10
7.165209249040279
 20
3.017134728206389
 10
7.165209249040279
 20
3.108933084067501
 10
7.165209249040279
 20
3.108933084067501
 10
6.324869635429166
 20
3.108933084067501
 10
6.324869635429166
 20
3.108933084067501
 10
6.324869635429166
 20
3.017134728206389
 10
6.324869635429166
 20
3.017134728206389
 97
        0
 75
     0
 76
     1
 98
        1
 10
0.0
 20
0.0
450
        0
451
        0
460
0.0
461
0.0
452
        0
462
0.0
453
        0
470

  0
HATCH
  5
2C3
330
1F
100
AcDbEntity
  8
PDF_Solid Fills
440
 33554559
100
AcDbHatch
 10
0.0
 20
0.0
 30
0.0
210
0.0
220
0.0
230
1.0
  2
SOLID
 70
     1
 71
     0
 91
        1
 92
        3
 72
     0
 73
     1
 93
        7
 10
7.165209249040279
 20
3.017134728206389
 10
7.165209249040279
 20
3.108933084067501
 10
7.165209249040279
 20
3.108933084067501
 10
6.324869635429166
 20
3.108933084067501
 10
6.324869635429166
 20
3.108933084067501
 10
6.324869635429166
 20
3.017134728206389
 10
6.324869635429166
 20
3.017134728206389
 97
        0
 75
     0
 76
     1
 98
        1
 10
0.0
 20
0.0
450
        0
451
        0
460
0.0
461
0.0
452
        0
462
0.0
453
        0
470

  0
HATCH
  5
2C4
330
1F
100
AcDbEntity
  8
PDF_Solid Fills
440
 33554559
100
AcDbHatch
 10
0.0
 20
0.0
 30
0.0
210
0.0
220
0.0
230
1.0
  2
SOLID
 70
     1
 71
     0
 91
        1
 92
        3
 72
     0
 73
     1
 93
        7
 10
6.610481216095834
 20
2.897798290484168
 10
6.610481216095834
 20
2.98959664634528
 10
6.610481216095834
 20
2.98959664634528
 10
6.324869635429166
 20
2.98959664634528
 10
6.324869635429166
 20
2.98959664634528
 10
6.324869635429166
 20
2.897798290484168
 10
6.324869635429166
 20
2.897798290484168
 97
        0
 75
     0
 76
     1
 98
        1
 10
0.0
 20
0.0
450
        0
451
        0
460
0.0
461
0.0
452
        0
462
0.0
453
        0
470

  0
HATCH
  5
2C5
330
1F
100
AcDbEntity
  8
PDF_Solid Fills
440
 33554559
100
AcDbHatch
 10
0.0
 20
0.0
 30
0.0
210
0.0
220
0.0
230
1.0
  2
SOLID
 70
     1
 71
     0
 91
        1
 92
        3
 72
     0
 73
     1
 93
        7
 10
6.610481216095834
 20
2.897798290484168
 10
6.610481216095834
 20
2.98959664634528
 10
6.610481216095834
 20
2.98959664634528
 10
6.324869635429166
 20
2.98959664634528
 10
6.324869635429166
 20
2.98959664634528
 10
6.324869635429166
 20
2.897798290484168
 10
6.324869635429166
 20
2.897798290484168
 97
        0
 75
     0
 76
     1
 98
        1
 10
0.0
 20
0.0
450
        0
451
        0
460
0.0
461
0.0
452
        0
462
0.0
453
        0
470

  0
HATCH
  5
2C6
330
1F
100
AcDbEntity
  8
PDF_Solid Fills
440
 33554559
100
AcDbHatch
 10
0.0
 20
0.0
 30
0.0
210
0.0
220
0.0
230
1.0
  2
SOLID
 70
     1
 71
     0
 91
        1
 92
        3
 72
     0
 73
     1
 93
        7
 10
6.012994608234723
 20
1.839433857539724
 10
6.012994608234723
 20
1.993654369984167
 10
6.012994608234723
 20
1.993654369984167
 10
5.688805878318055
 20
1.993654369984167
 10
5.688805878318055
 20
1.993654369984167
 10
5.688805878318055
 20
1.839433857539724
 10
5.688805878318055
 20
1.839433857539724
 97
        0
 75
     0
 76
     1
 98
        1
 10
0.0
 20
0.0
450
        0
451
        0
460
0.0
461
0.0
452
        0
462
0.0
453
        0
470

  0
HATCH
  5
2C7
330
1F
100
AcDbEntity
  8
PDF_Solid Fills
 62
     7
440
 33554559
100
AcDbHatch
 10
0.0
 20
0.0
 30
0.0
210
0.0
220
0.0
230
1.0
  2
SOLID
 70
     1
 71
     0
 91
        2
 92
        2
 72
     0
 73
     1
 93
        2
 10
5.513697667956946
 20
1.817402355761945
 10
5.514066845873611
 20
1.817397174317502
 97
        0
 92
        2
 72
     1
 73
     1
 93
        2
 10
5.513704144762502
 20
1.817772829038313
 42
0.413793100307672
 10
5.513328490040279
 20
1.817397174317502
 42
0.0
 97
        0
 75
     0
 76
     1
 98
        1
 10
0.0
 20
0.0
450
        0
451
        0
460
0.0
461
0.0
452
        0
462
0.0
453
        0
470

  0
HATCH
  5
2C8
330
1F
100
AcDbEntity
  8
PDF_Solid Fills
 62
     7
440
 33554559
100
AcDbHatch
 10
0.0
 20
0.0
 30
0.0
210
0.0
220
0.0
230
1.0
  2
SOLID
 70
     1
 71
     0
 91
        2
 92
        2
 72
     0
 73
     1
 93
        2
 10
6.188102818595834
 20
1.817402355761945
 10
6.188470701151389
 20
1.817397174317502
 97
        0
 92
        2
 72
     1
 73
     1
 93
        2
 10
6.188108000040275
 20
1.817772829043438
 42
0.4137931053712839
 10
6.187732345318056
 20
1.817397174317502
 42
0.0
 97
        0
 75
     0
 76
     1
 98
        1
 10
0.0
 20
0.0
450
        0
451
        0
460
0.0
461
0.0
452
        0
462
0.0
453
        0
470

  0
HATCH
  5
2C9
330
1F
100
AcDbEntity
  8
PDF_Solid Fills
440
 33554559
100
AcDbHatch
 10
0.0
 20
0.0
 30
0.0
210
0.0
220
0.0
230
1.0
  2
SOLID
 70
     1
 71
     0
 91
        1
 92
        3
 72
     0
 73
     1
 93
        7
 10
9.574038159401389
 20
3.106615683039724
 10
9.574038159401389
 20
3.198412743539719
 10
9.574038159401389
 20
3.198412743539719
 10
8.839033425262499
 20
3.198412743539719
 10
8.839033425262499
 20
3.198412743539719
 10
8.839033425262499
 20
3.106615683039724
 10
8.839033425262499
 20
3.106615683039724
 97
        0
 75
     0
 76
     1
 98
        1
 10
0.0
 20
0.0
450
        0
451
        0
460
0.0
461
0.0
452
        0
462
0.0
453
        0
470

  0
HATCH
  5
2CA
330
1F
100
AcDbEntity
  8
PDF_Solid Fills
440
 33554559
100
AcDbHatch
 10
0.0
 20
0.0
 30
0.0
210
0.0
220
0.0
230
1.0
  2
SOLID
 70
     1
 71
     0
 91
        1
 92
        3
 72
     0
 73
     1
 93
        7
 10
9.574038159401389
 20
3.106615683039724
 10
9.574038159401389
 20
3.198412743539719
 10
9.574038159401389
 20
3.198412743539719
 10
8.839033425262499
 20
3.198412743539719
 10
8.839033425262499
 20
3.198412743539719
 10
8.839033425262499
 20
3.106615683039724
 10
8.839033425262499
 20
3.106615683039724
 97
        0
 75
     0
 76
     1
 98
        1
 10
0.0
 20
0.0
450
        0
451
        0
460
0.0
461
0.0
452
        0
462
0.0
453
        0
470

  0
HATCH
  5
2CB
330
1F
100
AcDbEntity
  8
PDF_Solid Fills
440
 33554559
100
AcDbHatch
 10
0.0
 20
0.0
 30
0.0
210
0.0
220
0.0
230
1.0
  2
SOLID
 70
     1
 71
     0
 91
        1
 92
        3
 72
     0
 73
     1
 93
        7
 10
9.124645005929167
 20
2.987279245317498
 10
9.124645005929167
 20
3.079076305817505
 10
9.124645005929167
 20
3.079076305817505
 10
8.839033425262499
 20
3.079076305817505
 10
8.839033425262499
 20
3.079076305817505
 10
8.839033425262499
 20
2.987279245317498
 10
8.839033425262499
 20
2.987279245317498
 97
        0
 75
     0
 76
     1
 98
        1
 10
0.0
 20
0.0
450
        0
451
        0
460
0.0
461
0.0
452
        0
462
0.0
453
        0
470

  0
HATCH
  5
2CC
330
1F
100
AcDbEntity
  8
PDF_Solid Fills
440
 33554559
100
AcDbHatch
 10
0.0
 20
0.0
 30
0.0
210
0.0
220
0.0
230
1.0
  2
SOLID
 70
     1
 71
     0
 91
        1
 92
        3
 72
     0
 73
     1
 93
        7
 10
9.124645005929167
 20
2.987279245317498
 10
9.124645005929167
 20
3.079076305817505
 10
9.124645005929167
 20
3.079076305817505
 10
8.839033425262499
 20
3.079076305817505
 10
8.839033425262499
 20
3.079076305817505
 10
8.839033425262499
 20
2.987279245317498
 10
8.839033425262499
 20
2.987279245317498
 97
        0
 75
     0
 76
     1
 98
        1
 10
0.0
 20
0.0
450
        0
451
        0
460
0.0
461
0.0
452
        0
462
0.0
453
        0
470

  0
HATCH
  5
2CD
330
1F
100
AcDbEntity
  8
PDF_Solid Fills
440
 33554559
100
AcDbHatch
 10
0.0
 20
0.0
 30
0.0
210
0.0
220
0.0
230
1.0
  2
SOLID
 70
     1
 71
     0
 91
        1
 92
        3
 72
     0
 73
     1
 93
        7
 10
3.994407481568056
 20
3.301358977123058
 10
3.994407481568056
 20
3.393156037623054
 10
3.994407481568056
 20
3.393156037623054
 10
3.3476129530125
 20
3.393156037623054
 10
3.3476129530125
 20
3.393156037623054
 10
3.3476129530125
 20
3.301358977123058
 10
3.3476129530125
 20
3.301358977123058
 97
        0
 75
     0
 76
     1
 98
        1
 10
0.0
 20
0.0
450
        0
451
        0
460
0.0
461
0.0
452
        0
462
0.0
453
        0
470

  0
HATCH
  5
2CE
330
1F
100
AcDbEntity
  8
PDF_Solid Fills
440
 33554559
100
AcDbHatch
 10
0.0
 20
0.0
 30
0.0
210
0.0
220
0.0
230
1.0
  2
SOLID
 70
     1
 71
     0
 91
        1
 92
        3
 72
     0
 73
     1
 93
        7
 10
3.994407481568056
 20
3.301358977123058
 10
3.994407481568056
 20
3.393156037623054
 10
3.994407481568056
 20
3.393156037623054
 10
3.3476129530125
 20
3.393156037623054
 10
3.3476129530125
 20
3.393156037623054
 10
3.3476129530125
 20
3.301358977123058
 10
3.3476129530125
 20
3.301358977123058
 97
        0
 75
     0
 76
     1
 98
        1
 10
0.0
 20
0.0
450
        0
451
        0
460
0.0
461
0.0
452
        0
462
0.0
453
        0
470

  0
HATCH
  5
2CF
330
1F
100
AcDbEntity
  8
PDF_Solid Fills
440
 33554559
100
AcDbHatch
 10
0.0
 20
0.0
 30
0.0
210
0.0
220
0.0
230
1.0
  2
SOLID
 70
     1
 71
     0
 91
        1
 92
        3
 72
     0
 73
     1
 93
        7
 10
3.701310009040279
 20
3.182022539400833
 10
3.701310009040279
 20
3.273819599900836
 10
3.701310009040279
 20
3.273819599900836
 10
3.3476129530125
 20
3.273819599900836
 10
3.3476129530125
 20
3.273819599900836
 10
3.3476129530125
 20
3.182022539400833
 10
3.3476129530125
 20
3.182022539400833
 97
        0
 75
     0
 76
     1
 98
        1
 10
0.0
 20
0.0
450
        0
451
        0
460
0.0
461
0.0
452
        0
462
0.0
453
        0
470

  0
HATCH
  5
2D0
330
1F
100
AcDbEntity
  8
PDF_Solid Fills
440
 33554559
100
AcDbHatch
 10
0.0
 20
0.0
 30
0.0
210
0.0
220
0.0
230
1.0
  2
SOLID
 70
     1
 71
     0
 91
        1
 92
        3
 72
     0
 73
     1
 93
        7
 10
3.701310009040279
 20
3.182022539400833
 10
3.701310009040279
 20
3.273819599900836
 10
3.701310009040279
 20
3.273819599900836
 10
3.3476129530125
 20
3.273819599900836
 10
3.3476129530125
 20
3.273819599900836
 10
3.3476129530125
 20
3.182022539400833
 10
3.3476129530125
 20
3.182022539400833
 97
        0
 75
     0
 76
     1
 98
        1
 10
0.0
 20
0.0
450
        0
451
        0
460
0.0
461
0.0
452
        0
462
0.0
453
        0
470

  0
HATCH
  5
2D1
330
1F
100
AcDbEntity
  8
PDF_Solid Fills
440
 33554559
100
AcDbHatch
 10
0.0
 20
0.0
 30
0.0
210
0.0
220
0.0
230
1.0
  2
SOLID
 70
     1
 71
     0
 91
        1
 92
        3
 72
     0
 73
     1
 93
        7
 10
3.904127288929167
 20
2.687751600234165
 10
3.749908071845834
 20
2.687751600234165
 10
3.749908071845834
 20
2.687751600234165
 10
3.749908071845834
 20
2.550313786345277
 10
3.749908071845834
 20
2.550313786345277
 10
3.904127288929167
 20
2.550313786345277
 10
3.904127288929167
 20
2.550313786345277
 97
        0
 75
     0
 76
     1
 98
        1
 10
0.0
 20
0.0
450
        0
451
        0
460
0.0
461
0.0
452
        0
462
0.0
453
        0
470

  0
HATCH
  5
2D2
330
1F
100
AcDbEntity
  8
PDF_Solid Fills
 62
     7
440
 33554559
100
AcDbHatch
 10
0.0
 20
0.0
 30
0.0
210
0.0
220
0.0
230
1.0
  2
SOLID
 70
     1
 71
     0
 91
        2
 92
        2
 72
     0
 73
     1
 93
        2
 10
3.727876570068056
 20
2.524916936400831
 10
3.7282431572625
 20
2.524923413206391
 97
        0
 92
        2
 72
     1
 73
     1
 93
        2
 10
3.727504801429661
 20
2.524923413206391
 42
0.4137930995358338
 10
3.727880456151391
 20
2.524547758484168
 42
0.0
 97
        0
 75
     0
 76
     1
 98
        1
 10
0.0
 20
0.0
450
        0
451
        0
460
0.0
461
0.0
452
        0
462
0.0
453
        0
470

  0
HATCH
  5
2D3
330
1F
100
AcDbEntity
  8
PDF_Solid Fills
 62
     7
440
 33554559
100
AcDbHatch
 10
0.0
 20
0.0
 30
0.0
210
0.0
220
0.0
230
1.0
  2
SOLID
 70
     1
 71
     0
 91
        3
 92
        2
 72
     0
 73
     1
 93
        2
 10
3.727876570068056
 20
2.531037517650833
 10
3.7282431572625
 20
2.531037517650833
 97
        0
 92
        2
 72
     1
 73
     1
 93
        2
 10
3.72788045615139
 20
2.530674816539423
 42
0.4152421031228169
 10
3.7282431572625
 20
2.531037517650833
 42
0.0
 97
        0
 92
        2
 72
     1
 73
     1
 93
        2
 10
3.728243157265036
 20
2.531037517650829
 42
0.4152421030054118
 10
3.727880456151391
 20
2.531400218761945
 42
0.0
 97
        0
 75
     0
 76
     1
 98
        1
 10
0.0
 20
0.0
450
        0
451
        0
460
0.0
461
0.0
452
        0
462
0.0
453
        0
470

  0
HATCH
  5
2D4
330
1F
100
AcDbEntity
  8
PDF_Solid Fills
440
 33554559
100
AcDbHatch
 10
0.0
 20
0.0
 30
0.0
210
0.0
220
0.0
230
1.0
  2
SOLID
 70
     1
 71
     0
 91
        1
 92
        3
 72
     0
 73
     1
 93
        7
 10
8.247011945929166
 20
3.104743886234167
 10
8.247011945929166
 20
3.19654094673417
 10
8.247011945929166
 20
3.19654094673417
 10
7.600217417373611
 20
3.19654094673417
 10
7.600217417373611
 20
3.19654094673417
 10
7.600217417373611
 20
3.104743886234167
 10
7.600217417373611
 20
3.104743886234167
 97
        0
 75
     0
 76
     1
 98
        1
 10
0.0
 20
0.0
450
        0
451
        0
460
0.0
461
0.0
452
        0
462
0.0
453
        0
470

  0
HATCH
  5
2D5
330
1F
100
AcDbEntity
  8
PDF_Solid Fills
440
 33554559
100
AcDbHatch
 10
0.0
 20
0.0
 30
0.0
210
0.0
220
0.0
230
1.0
  2
SOLID
 70
     1
 71
     0
 91
        1
 92
        3
 72
     0
 73
     1
 93
        7
 10
8.247011945929166
 20
3.104743886234167
 10
8.247011945929166
 20
3.19654094673417
 10
8.247011945929166
 20
3.19654094673417
 10
7.600217417373611
 20
3.19654094673417
 10
7.600217417373611
 20
3.19654094673417
 10
7.600217417373611
 20
3.104743886234167
 10
7.600217417373611
 20
3.104743886234167
 97
        0
 75
     0
 76
     1
 98
        1
 10
0.0
 20
0.0
450
        0
451
        0
460
0.0
461
0.0
452
        0
462
0.0
453
        0
470

  0
HATCH
  5
2D6
330
1F
100
AcDbEntity
  8
PDF_Solid Fills
440
 33554559
100
AcDbHatch
 10
0.0
 20
0.0
 30
0.0
210
0.0
220
0.0
230
1.0
  2
SOLID
 70
     1
 71
     0
 91
        1
 92
        3
 72
     0
 73
     1
 93
        7
 10
7.9539157687625
 20
2.985407448511946
 10
7.9539157687625
 20
3.077204509011945
 10
7.9539157687625
 20
3.077204509011945
 10
7.600217417373611
 20
3.077204509011945
 10
7.600217417373611
 20
3.077204509011945
 10
7.600217417373611
 20
2.985407448511946
 10
7.600217417373611
 20
2.985407448511946
 97
        0
 75
     0
 76
     1
 98
        1
 10
0.0
 20
0.0
450
        0
451
        0
460
0.0
461
0.0
452
        0
462
0.0
453
        0
470

  0
HATCH
  5
2D7
330
1F
100
AcDbEntity
  8
PDF_Solid Fills
440
 33554559
100
AcDbHatch
 10
0.0
 20
0.0
 30
0.0
210
0.0
220
0.0
230
1.0
  2
SOLID
 70
     1
 71
     0
 91
        1
 92
        3
 72
     0
 73
     1
 93
        7
 10
7.9539157687625
 20
2.985407448511946
 10
7.9539157687625
 20
3.077204509011945
 10
7.9539157687625
 20
3.077204509011945
 10
7.600217417373611
 20
3.077204509011945
 10
7.600217417373611
 20
3.077204509011945
 10
7.600217417373611
 20
2.985407448511946
 10
7.600217417373611
 20
2.985407448511946
 97
        0
 75
     0
 76
     1
 98
        1
 10
0.0
 20
0.0
450
        0
451
        0
460
0.0
461
0.0
452
        0
462
0.0
453
        0
470

  0
HATCH
  5
2D8
330
1F
100
AcDbEntity
  8
PDF_Solid Fills
440
 33554559
100
AcDbHatch
 10
0.0
 20
0.0
 30
0.0
210
0.0
220
0.0
230
1.0
  2
SOLID
 70
     1
 71
     0
 91
        1
 92
        3
 72
     0
 73
     1
 93
        7
 10
3.175995740845833
 20
2.93424457070639
 10
3.175995740845833
 20
3.026041631206389
 10
3.175995740845833
 20
3.026041631206389
 10
3.079627350984723
 20
3.026041631206389
 10
3.079627350984723
 20
3.026041631206389
 10
3.079627350984723
 20
2.93424457070639
 10
3.079627350984723
 20
2.93424457070639
 97
        0
 75
     0
 76
     1
 98
        1
 10
0.0
 20
0.0
450
        0
451
        0
460
0.0
461
0.0
452
        0
462
0.0
453
        0
470

  0
HATCH
  5
2D9
330
1F
100
AcDbEntity
  8
PDF_Solid Fills
440
 33554559
100
AcDbHatch
 10
0.0
 20
0.0
 30
0.0
210
0.0
220
0.0
230
1.0
  2
SOLID
 70
     1
 71
     0
 91
        1
 92
        3
 72
     0
 73
     1
 93
        7
 10
3.175995740845833
 20
2.93424457070639
 10
3.175995740845833
 20
3.026041631206389
 10
3.175995740845833
 20
3.026041631206389
 10
3.079627350984723
 20
3.026041631206389
 10
3.079627350984723
 20
3.026041631206389
 10
3.079627350984723
 20
2.93424457070639
 10
3.079627350984723
 20
2.93424457070639
 97
        0
 75
     0
 76
     1
 98
        1
 10
0.0
 20
0.0
450
        0
451
        0
460
0.0
461
0.0
452
        0
462
0.0
453
        0
470

  0
HATCH
  5
2DA
330
1F
100
AcDbEntity
  8
PDF_Solid Fills
440
 33554559
100
AcDbHatch
 10
0.0
 20
0.0
 30
0.0
210
0.0
220
0.0
230
1.0
  2
SOLID
 70
     1
 71
     0
 91
        1
 92
        3
 72
     0
 73
     1
 93
        7
 10
3.359159801956943
 20
2.93424457070639
 10
3.359159801956943
 20
3.026041631206389
 10
3.359159801956943
 20
3.026041631206389
 10
3.203535118068056
 20
3.026041631206389
 10
3.203535118068056
 20
3.026041631206389
 10
3.203535118068056
 20
2.93424457070639
 10
3.203535118068056
 20
2.93424457070639
 97
        0
 75
     0
 76
     1
 98
        1
 10
0.0
 20
0.0
450
        0
451
        0
460
0.0
461
0.0
452
        0
462
0.0
453
        0
470

  0
HATCH
  5
2DB
330
1F
100
AcDbEntity
  8
PDF_Solid Fills
440
 33554559
100
AcDbHatch
 10
0.0
 20
0.0
 30
0.0
210
0.0
220
0.0
230
1.0
  2
SOLID
 70
     1
 71
     0
 91
        1
 92
        3
 72
     0
 73
     1
 93
        7
 10
3.359159801956943
 20
2.93424457070639
 10
3.359159801956943
 20
3.026041631206389
 10
3.359159801956943
 20
3.026041631206389
 10
3.203535118068056
 20
3.026041631206389
 10
3.203535118068056
 20
3.026041631206389
 10
3.203535118068056
 20
2.93424457070639
 10
3.203535118068056
 20
2.93424457070639
 97
        0
 75
     0
 76
     1
 98
        1
 10
0.0
 20
0.0
450
        0
451
        0
460
0.0
461
0.0
452
        0
462
0.0
453
        0
470

  0
HATCH
  5
2DC
330
1F
100
AcDbEntity
  8
PDF_Solid Fills
440
 33554559
100
AcDbHatch
 10
0.0
 20
0.0
 30
0.0
210
0.0
220
0.0
230
1.0
  2
SOLID
 70
     1
 71
     0
 91
        1
 92
        3
 72
     0
 73
     1
 93
        7
 10
3.459133181790278
 20
2.93424457070639
 10
3.459133181790278
 20
3.026041631206389
 10
3.459133181790278
 20
3.026041631206389
 10
3.386699179179166
 20
3.026041631206389
 10
3.386699179179166
 20
3.026041631206389
 10
3.386699179179166
 20
2.93424457070639
 10
3.386699179179166
 20
2.93424457070639
 97
        0
 75
     0
 76
     1
 98
        1
 10
0.0
 20
0.0
450
        0
451
        0
460
0.0
461
0.0
452
        0
462
0.0
453
        0
470

  0
HATCH
  5
2DD
330
1F
100
AcDbEntity
  8
PDF_Solid Fills
440
 33554559
100
AcDbHatch
 10
0.0
 20
0.0
 30
0.0
210
0.0
220
0.0
230
1.0
  2
SOLID
 70
     1
 71
     0
 91
        1
 92
        3
 72
     0
 73
     1
 93
        7
 10
3.459133181790278
 20
2.93424457070639
 10
3.459133181790278
 20
3.026041631206389
 10
3.459133181790278
 20
3.026041631206389
 10
3.386699179179166
 20
3.026041631206389
 10
3.386699179179166
 20
3.026041631206389
 10
3.386699179179166
 20
2.93424457070639
 10
3.386699179179166
 20
2.93424457070639
 97
        0
 75
     0
 76
     1
 98
        1
 10
0.0
 20
0.0
450
        0
451
        0
460
0.0
461
0.0
452
        0
462
0.0
453
        0
470

  0
HATCH
  5
2DE
330
1F
100
AcDbEntity
  8
PDF_Solid Fills
440
 33554559
100
AcDbHatch
 10
0.0
 20
0.0
 30
0.0
210
0.0
220
0.0
230
1.0
  2
SOLID
 70
     1
 71
     0
 91
        1
 92
        3
 72
     0
 73
     1
 93
        7
 10
3.564484900956945
 20
2.93424457070639
 10
3.564484900956945
 20
3.026041631206389
 10
3.564484900956945
 20
3.026041631206389
 10
3.486672559012502
 20
3.026041631206389
 10
3.486672559012502
 20
3.026041631206389
 10
3.486672559012502
 20
2.93424457070639
 10
3.486672559012502
 20
2.93424457070639
 97
        0
 75
     0
 76
     1
 98
        1
 10
0.0
 20
0.0
450
        0
451
        0
460
0.0
461
0.0
452
        0
462
0.0
453
        0
470

  0
HATCH
  5
2DF
330
1F
100
AcDbEntity
  8
PDF_Solid Fills
440
 33554559
100
AcDbHatch
 10
0.0
 20
0.0
 30
0.0
210
0.0
220
0.0
230
1.0
  2
SOLID
 70
     1
 71
     0
 91
        1
 92
        3
 72
     0
 73
     1
 93
        7
 10
3.564484900956945
 20
2.93424457070639
 10
3.564484900956945
 20
3.026041631206389
 10
3.564484900956945
 20
3.026041631206389
 10
3.486672559012502
 20
3.026041631206389
 10
3.486672559012502
 20
3.026041631206389
 10
3.486672559012502
 20
2.93424457070639
 10
3.486672559012502
 20
2.93424457070639
 97
        0
 75
     0
 76
     1
 98
        1
 10
0.0
 20
0.0
450
        0
451
        0
460
0.0
461
0.0
452
        0
462
0.0
453
        0
470

  0
HATCH
  5
2E0
330
1F
100
AcDbEntity
  8
PDF_Solid Fills
440
 33554559
100
AcDbHatch
 10
0.0
 20
0.0
 30
0.0
210
0.0
220
0.0
230
1.0
  2
SOLID
 70
     1
 71
     0
 91
        1
 92
        3
 72
     0
 73
     1
 93
        7
 10
3.97185265390139
 20
2.93424457070639
 10
3.97185265390139
 20
3.026041631206389
 10
3.97185265390139
 20
3.026041631206389
 10
3.592024278179168
 20
3.026041631206389
 10
3.592024278179168
 20
3.026041631206389
 10
3.592024278179168
 20
2.93424457070639
 10
3.592024278179168
 20
2.93424457070639
 97
        0
 75
     0
 76
     1
 98
        1
 10
0.0
 20
0.0
450
        0
451
        0
460
0.0
461
0.0
452
        0
462
0.0
453
        0
470

  0
HATCH
  5
2E1
330
1F
100
AcDbEntity
  8
PDF_Solid Fills
440
 33554559
100
AcDbHatch
 10
0.0
 20
0.0
 30
0.0
210
0.0
220
0.0
230
1.0
  2
SOLID
 70
     1
 71
     0
 91
        1
 92
        3
 72
     0
 73
     1
 93
        7
 10
3.97185265390139
 20
2.93424457070639
 10
3.97185265390139
 20
3.026041631206389
 10
3.97185265390139
 20
3.026041631206389
 10
3.592024278179168
 20
3.026041631206389
 10
3.592024278179168
 20
3.026041631206389
 10
3.592024278179168
 20
2.93424457070639
 10
3.592024278179168
 20
2.93424457070639
 97
        0
 75
     0
 76
     1
 98
        1
 10
0.0
 20
0.0
450
        0
451
        0
460
0.0
461
0.0
452
        0
462
0.0
453
        0
470

  0
HATCH
  5
2E2
330
1F
100
AcDbEntity
  8
PDF_Solid Fills
440
 33554559
100
AcDbHatch
 10
0.0
 20
0.0
 30
0.0
210
0.0
220
0.0
230
1.0
  2
SOLID
 70
     1
 71
     0
 91
        1
 92
        3
 72
     0
 73
     1
 93
        7
 10
5.289812634956945
 20
3.442045556678611
 10
5.289812634956945
 20
3.533842617178613
 10
5.289812634956945
 20
3.533842617178613
 10
4.543512351929167
 20
3.533842617178613
 10
4.543512351929167
 20
3.533842617178613
 10
4.543512351929167
 20
3.442045556678611
 10
4.543512351929167
 20
3.442045556678611
 97
        0
 75
     0
 76
     1
 98
        1
 10
0.0
 20
0.0
450
        0
451
        0
460
0.0
461
0.0
452
        0
462
0.0
453
        0
470

  0
HATCH
  5
2E3
330
1F
100
AcDbEntity
  8
PDF_Solid Fills
440
 33554559
100
AcDbHatch
 10
0.0
 20
0.0
 30
0.0
210
0.0
220
0.0
230
1.0
  2
SOLID
 70
     1
 71
     0
 91
        1
 92
        3
 72
     0
 73
     1
 93
        7
 10
5.289812634956945
 20
3.442045556678611
 10
5.289812634956945
 20
3.533842617178613
 10
5.289812634956945
 20
3.533842617178613
 10
4.543512351929167
 20
3.533842617178613
 10
4.543512351929167
 20
3.533842617178613
 10
4.543512351929167
 20
3.442045556678611
 10
4.543512351929167
 20
3.442045556678611
 97
        0
 75
     0
 76
     1
 98
        1
 10
0.0
 20
0.0
450
        0
451
        0
460
0.0
461
0.0
452
        0
462
0.0
453
        0
470

  0
HATCH
  5
2E4
330
1F
100
AcDbEntity
  8
PDF_Solid Fills
440
 33554559
100
AcDbHatch
 10
0.0
 20
0.0
 30
0.0
210
0.0
220
0.0
230
1.0
  2
SOLID
 70
     1
 71
     0
 91
        1
 92
        3
 72
     0
 73
     1
 93
        7
 10
4.890486483790279
 20
3.322709118956392
 10
4.890486483790279
 20
3.414506179456388
 10
4.890486483790279
 20
3.414506179456388
 10
4.543512351929167
 20
3.414506179456388
 10
4.543512351929167
 20
3.414506179456388
 10
4.543512351929167
 20
3.322709118956392
 10
4.543512351929167
 20
3.322709118956392
 97
        0
 75
     0
 76
     1
 98
        1
 10
0.0
 20
0.0
450
        0
451
        0
460
0.0
461
0.0
452
        0
462
0.0
453
        0
470

  0
HATCH
  5
2E5
330
1F
100
AcDbEntity
  8
PDF_Solid Fills
440
 33554559
100
AcDbHatch
 10
0.0
 20
0.0
 30
0.0
210
0.0
220
0.0
230
1.0
  2
SOLID
 70
     1
 71
     0
 91
        1
 92
        3
 72
     0
 73
     1
 93
        7
 10
4.890486483790279
 20
3.322709118956392
 10
4.890486483790279
 20
3.414506179456388
 10
4.890486483790279
 20
3.414506179456388
 10
4.543512351929167
 20
3.414506179456388
 10
4.543512351929167
 20
3.414506179456388
 10
4.543512351929167
 20
3.322709118956392
 10
4.543512351929167
 20
3.322709118956392
 97
        0
 75
     0
 76
     1
 98
        1
 10
0.0
 20
0.0
450
        0
451
        0
460
0.0
461
0.0
452
        0
462
0.0
453
        0
470

  0
HATCH
  5
2E6
330
1F
100
AcDbEntity
  8
PDF_Solid Fills
440
 33554559
100
AcDbHatch
 10
0.0
 20
0.0
 30
0.0
210
0.0
220
0.0
230
1.0
  2
SOLID
 70
     1
 71
     0
 91
        1
 92
        3
 72
     0
 73
     1
 93
        7
 10
5.303302525568057
 20
3.059022820456391
 10
5.303302525568057
 20
3.15081988095639
 10
5.303302525568057
 20
3.15081988095639
 10
4.519752838429167
 20
3.15081988095639
 10
4.519752838429167
 20
3.15081988095639
 10
4.519752838429167
 20
3.059022820456391
 10
4.519752838429167
 20
3.059022820456391
 97
        0
 75
     0
 76
     1
 98
        1
 10
0.0
 20
0.0
450
        0
451
        0
460
0.0
461
0.0
452
        0
462
0.0
453
        0
470

  0
HATCH
  5
2E7
330
1F
100
AcDbEntity
  8
PDF_Solid Fills
440
 33554559
100
AcDbHatch
 10
0.0
 20
0.0
 30
0.0
210
0.0
220
0.0
230
1.0
  2
SOLID
 70
     1
 71
     0
 91
        1
 92
        3
 72
     0
 73
     1
 93
        7
 10
5.303302525568057
 20
3.059022820456391
 10
5.303302525568057
 20
3.15081988095639
 10
5.303302525568057
 20
3.15081988095639
 10
4.519752838429167
 20
3.15081988095639
 10
4.519752838429167
 20
3.15081988095639
 10
4.519752838429167
 20
3.059022820456391
 10
4.519752838429167
 20
3.059022820456391
 97
        0
 75
     0
 76
     1
 98
        1
 10
0.0
 20
0.0
450
        0
451
        0
460
0.0
461
0.0
452
        0
462
0.0
453
        0
470

  0
HATCH
  5
2E8
330
1F
100
AcDbEntity
  8
PDF_Solid Fills
440
 33554559
100
AcDbHatch
 10
0.0
 20
0.0
 30
0.0
210
0.0
220
0.0
230
1.0
  2
SOLID
 70
     1
 71
     0
 91
        1
 92
        3
 72
     0
 73
     1
 93
        7
 10
4.887031755706945
 20
2.939686382734166
 10
4.887031755706945
 20
3.031483443234169
 10
4.887031755706945
 20
3.031483443234169
 10
4.519752838429167
 20
3.031483443234169
 10
4.519752838429167
 20
3.031483443234169
 10
4.519752838429167
 20
2.939686382734166
 10
4.519752838429167
 20
2.939686382734166
 97
        0
 75
     0
 76
     1
 98
        1
 10
0.0
 20
0.0
450
        0
451
        0
460
0.0
461
0.0
452
        0
462
0.0
453
        0
470

  0
HATCH
  5
2E9
330
1F
100
AcDbEntity
  8
PDF_Solid Fills
440
 33554559
100
AcDbHatch
 10
0.0
 20
0.0
 30
0.0
210
0.0
220
0.0
230
1.0
  2
SOLID
 70
     1
 71
     0
 91
        1
 92
        3
 72
     0
 73
     1
 93
        7
 10
4.887031755706945
 20
2.939686382734166
 10
4.887031755706945
 20
3.031483443234169
 10
4.887031755706945
 20
3.031483443234169
 10
4.519752838429167
 20
3.031483443234169
 10
4.519752838429167
 20
3.031483443234169
 10
4.519752838429167
 20
2.939686382734166
 10
4.519752838429167
 20
2.939686382734166
 97
        0
 75
     0
 76
     1
 98
        1
 10
0.0
 20
0.0
450
        0
451
        0
460
0.0
461
0.0
452
        0
462
0.0
453
        0
470

  0
HATCH
  5
2EA
330
1F
100
AcDbEntity
  8
PDF_Solid Fills
440
 33554559
100
AcDbHatch
 10
0.0
 20
0.0
 30
0.0
210
0.0
220
0.0
230
1.0
  2
SOLID
 70
     1
 71
     0
 91
        1
 92
        3
 72
     0
 73
     1
 93
        7
 10
2.362907934290278
 20
3.003017882817502
 10
2.208688717206944
 20
3.003017882817502
 10
2.208688717206944
 20
3.003017882817502
 10
2.208690012568055
 20
2.678830448261944
 10
2.208690012568055
 20
2.678830448261944
 10
2.362909229651387
 20
2.678830448261944
 10
2.362909229651387
 20
2.678830448261944
 97
        0
 75
     0
 76
     1
 98
        1
 10
0.0
 20
0.0
450
        0
451
        0
460
0.0
461
0.0
452
        0
462
0.0
453
        0
470

  0
HATCH
  5
2EB
330
1F
100
AcDbEntity
  8
PDF_Solid Fills
 62
     7
440
 33554559
100
AcDbHatch
 10
0.0
 20
0.0
 30
0.0
210
0.0
220
0.0
230
1.0
  2
SOLID
 70
     1
 71
     0
 91
        3
 92
        2
 72
     0
 73
     1
 93
        2
 10
2.384940731429167
 20
2.6595541795675
 10
2.385303432540278
 20
2.659550293484166
 97
        0
 92
        2
 72
     1
 73
     1
 93
        2
 10
2.384940731429169
 20
2.659187592374659
 42
0.4152420968535365
 10
2.385303432540278
 20
2.659550293484166
 42
0.0
 97
        0
 92
        2
 72
     1
 73
     1
 93
        2
 10
2.384578030320955
 20
2.659550293484161
 42
0.4152421000393173
 10
2.384940731429167
 20
2.659187592373054
 42
0.0
 97
        0
 75
     0
 76
     1
 98
        1
 10
0.0
 20
0.0
450
        0
451
        0
460
0.0
461
0.0
452
        0
462
0.0
453
        0
470

  0
HATCH
  5
2EC
330
1F
100
AcDbEntity
  8
PDF_Solid Fills
440
 33554559
100
AcDbHatch
 10
0.0
 20
0.0
 30
0.0
210
0.0
220
0.0
230
1.0
  2
SOLID
 70
     1
 71
     0
 91
        1
 92
        3
 72
     0
 73
     1
 93
        7
 10
10.72731240559583
 20
3.668601624289724
 10
10.72731240559583
 20
3.822822136734167
 10
10.72731240559583
 20
3.822822136734167
 10
10.40312497104028
 20
3.822822136734167
 10
10.40312497104028
 20
3.822822136734167
 10
10.40312497104028
 20
3.668601624289724
 10
10.40312497104028
 20
3.668601624289724
 97
        0
 75
     0
 76
     1
 98
        1
 10
0.0
 20
0.0
450
        0
451
        0
460
0.0
461
0.0
452
        0
462
0.0
453
        0
470

  0
HATCH
  5
2ED
330
1F
100
AcDbEntity
  8
PDF_Solid Fills
 62
     7
440
 33554559
100
AcDbHatch
 10
0.0
 20
0.0
 30
0.0
210
0.0
220
0.0
230
1.0
  2
SOLID
 70
     1
 71
     0
 91
        2
 92
        2
 72
     0
 73
     1
 93
        2
 10
10.25533074506805
 20
3.646571417873058
 10
10.2556973322625
 20
3.646576599317501
 97
        0
 92
        2
 72
     1
 73
     1
 93
        2
 10
10.25495897642735
 20
3.6465765993175
 42
0.4137930858815884
 10
10.25533463115139
 20
3.646200944595278
 42
0.0
 97
        0
 75
     0
 76
     1
 98
        1
 10
0.0
 20
0.0
450
        0
451
        0
460
0.0
461
0.0
452
        0
462
0.0
453
        0
470

  0
HATCH
  5
2EE
330
1F
100
AcDbEntity
  8
PDF_Solid Fills
 62
     7
440
 33554559
100
AcDbHatch
 10
0.0
 20
0.0
 30
0.0
210
0.0
220
0.0
230
1.0
  2
SOLID
 70
     1
 71
     0
 91
        3
 92
        2
 72
     0
 73
     1
 93
        2
 10
10.38384740698472
 20
3.646571417873058
 10
10.38421010809583
 20
3.646576599317501
 97
        0
 92
        2
 72
     1
 73
     1
 93
        2
 10
10.3838474069847
 20
3.646939300417852
 42
0.4152421023089028
 10
10.38348470587361
 20
3.646576599317501
 42
0.0
 97
        0
 92
        2
 72
     1
 73
     1
 93
        2
 10
10.38421010810532
 20
3.646576599317485
 42
0.415242088245164
 10
10.38384740698472
 20
3.646939300428613
 42
0.0
 97
        0
 75
     0
 76
     1
 98
        1
 10
0.0
 20
0.0
450
        0
451
        0
460
0.0
461
0.0
452
        0
462
0.0
453
        0
470

  0
HATCH
  5
2EF
330
1F
100
AcDbEntity
  8
PDF_Solid Fills
440
 33554559
100
AcDbHatch
 10
0.0
 20
0.0
 30
0.0
210
0.0
220
0.0
230
1.0
  2
SOLID
 70
     1
 71
     0
 91
        1
 92
        3
 72
     0
 73
     1
 93
        7
 10
6.797730846151389
 20
3.668601624289724
 10
6.797730846151389
 20
3.822822136734167
 10
6.797730846151389
 20
3.822822136734167
 10
6.3801686012625
 20
3.822822136734167
 10
6.3801686012625
 20
3.822822136734167
 10
6.3801686012625
 20
3.668601624289724
 10
6.3801686012625
 20
3.668601624289724
 97
        0
 75
     0
 76
     1
 98
        1
 10
0.0
 20
0.0
450
        0
451
        0
460
0.0
461
0.0
452
        0
462
0.0
453
        0
470

  0
HATCH
  5
2F0
330
1F
100
AcDbEntity
  8
PDF_Solid Fills
 62
     7
440
 33554559
100
AcDbHatch
 10
0.0
 20
0.0
 30
0.0
210
0.0
220
0.0
230
1.0
  2
SOLID
 70
     1
 71
     0
 91
        3
 92
        2
 72
     0
 73
     1
 93
        2
 10
2.922567406984723
 20
3.646571417873058
 10
2.922930108095834
 20
3.646576599317501
 97
        0
 92
        2
 72
     1
 73
     1
 93
        2
 10
2.922567406984721
 20
3.646939300427545
 42
0.4152421027799632
 10
2.922204705873611
 20
3.646576599317501
 42
0.0
 97
        0
 92
        2
 72
     1
 73
     1
 93
        2
 10
2.92293010810029
 20
3.646576599317493
 42
0.4152421011049627
 10
2.922567406984723
 20
3.646939300428613
 42
0.0
 97
        0
 75
     0
 76
     1
 98
        1
 10
0.0
 20
0.0
450
        0
451
        0
460
0.0
461
0.0
452
        0
462
0.0
453
        0
470

  0
HATCH
  5
2F1
330
1F
100
AcDbEntity
  8
PDF_Solid Fills
 62
     7
440
 33554559
100
AcDbHatch
 10
0.0
 20
0.0
 30
0.0
210
0.0
220
0.0
230
1.0
  2
SOLID
 70
     1
 71
     0
 91
        2
 92
        2
 72
     0
 73
     1
 93
        2
 10
10.25533074506805
 20
3.646571417873058
 10
10.2556973322625
 20
3.646576599317501
 97
        0
 92
        2
 72
     1
 73
     1
 93
        2
 10
10.25495897642735
 20
3.6465765993175
 42
0.4137930858815884
 10
10.25533463115139
 20
3.646200944595278
 42
0.0
 97
        0
 75
     0
 76
     1
 98
        1
 10
0.0
 20
0.0
450
        0
451
        0
460
0.0
461
0.0
452
        0
462
0.0
453
        0
470

  0
HATCH
  5
2F2
330
1F
100
AcDbEntity
  8
PDF_Solid Fills
440
 33554559
100
AcDbHatch
 10
0.0
 20
0.0
 30
0.0
210
0.0
220
0.0
230
1.0
  2
SOLID
 70
     1
 71
     0
 91
        1
 92
        3
 72
     0
 73
     1
 93
        7
 10
10.18570897142916
 20
1.839433857539724
 10
10.18570897142916
 20
1.993654369984167
 10
10.18570897142916
 20
1.993654369984167
 10
9.861521536873611
 20
1.993654369984167
 10
9.861521536873611
 20
1.993654369984167
 10
9.861521536873611
 20
1.839433857539724
 10
9.861521536873611
 20
1.839433857539724
 97
        0
 75
     0
 76
     1
 98
        1
 10
0.0
 20
0.0
450
        0
451
        0
460
0.0
461
0.0
452
        0
462
0.0
453
        0
470

  0
HATCH
  5
2F3
330
1F
100
AcDbEntity
  8
PDF_Solid Fills
 62
     7
440
 33554559
100
AcDbHatch
 10
0.0
 20
0.0
 30
0.0
210
0.0
220
0.0
230
1.0
  2
SOLID
 70
     1
 71
     0
 91
        2
 92
        2
 72
     0
 73
     1
 93
        2
 10
9.560732210068055
 20
1.817402355761945
 10
9.5610987972625
 20
1.817397174317502
 97
        0
 92
        2
 72
     1
 73
     1
 93
        2
 10
9.560736096151394
 20
1.817772829031428
 42
0.4137930994487301
 10
9.560360441429166
 20
1.817397174317502
 42
0.0
 97
        0
 75
     0
 76
     1
 98
        1
 10
0.0
 20
0.0
450
        0
451
        0
460
0.0
461
0.0
452
        0
462
0.0
453
        0
470

  0
HATCH
  5
2F4
330
1F
100
AcDbEntity
  8
PDF_Solid Fills
 62
     7
440
 33554559
100
AcDbHatch
 10
0.0
 20
0.0
 30
0.0
210
0.0
220
0.0
230
1.0
  2
SOLID
 70
     1
 71
     0
 91
        3
 92
        2
 72
     0
 73
     1
 93
        2
 10
9.842243972818055
 20
1.817402355761945
 10
9.842606673929166
 20
1.817397174317502
 97
        0
 92
        2
 72
     1
 73
     1
 93
        2
 10
9.842243972818033
 20
1.817034473193867
 42
0.4152420988125054
 10
9.842606673929166
 20
1.817397174317502
 42
0.0
 97
        0
 92
        2
 72
     1
 73
     1
 93
        2
 10
9.841881271717392
 20
1.817397174317483
 42
0.4152420950242193
 10
9.842243972818055
 20
1.81703447320639
 42
0.0
 97
        0
 75
     0
 76
     1
 98
        1
 10
0.0
 20
0.0
450
        0
451
        0
460
0.0
461
0.0
452
        0
462
0.0
453
        0
470

  0
HATCH
  5
2F5
330
1F
100
AcDbEntity
  8
PDF_Solid Fills
440
 33554559
100
AcDbHatch
 10
0.0
 20
0.0
 30
0.0
210
0.0
220
0.0
230
1.0
  2
SOLID
 70
     1
 71
     0
 91
        1
 92
        3
 72
     0
 73
     1
 93
        7
 10
9.331157951068055
 20
1.839433857539724
 10
9.331157951068055
 20
1.993654369984167
 10
9.331157951068055
 20
1.993654369984167
 10
9.006970516512501
 20
1.993654369984167
 10
9.006970516512501
 20
1.993654369984167
 10
9.006970516512501
 20
1.839433857539724
 10
9.006970516512501
 20
1.839433857539724
 97
        0
 75
     0
 76
     1
 98
        1
 10
0.0
 20
0.0
450
        0
451
        0
460
0.0
461
0.0
452
        0
462
0.0
453
        0
470

  0
HATCH
  5
2F6
330
1F
100
AcDbEntity
  8
PDF_Solid Fills
 62
     7
440
 33554559
100
AcDbHatch
 10
0.0
 20
0.0
 30
0.0
210
0.0
220
0.0
230
1.0
  2
SOLID
 70
     1
 71
     0
 91
        2
 92
        2
 72
     0
 73
     1
 93
        2
 10
8.777396257512499
 20
1.817402355761945
 10
8.777768026151388
 20
1.817397174317502
 97
        0
 92
        2
 72
     1
 73
     1
 93
        2
 10
8.777768026150386
 20
1.817397174317501
 42
0.4137931154720657
 10
8.777392371429167
 20
1.817772829039725
 42
0.0
 97
        0
 75
     0
 76
     1
 98
        1
 10
0.0
 20
0.0
450
        0
451
        0
460
0.0
461
0.0
452
        0
462
0.0
453
        0
470

  0
HATCH
  5
2F7
330
1F
100
AcDbEntity
  8
PDF_Solid Fills
 62
     7
440
 33554559
100
AcDbHatch
 10
0.0
 20
0.0
 30
0.0
210
0.0
220
0.0
230
1.0
  2
SOLID
 70
     1
 71
     0
 91
        2
 92
        2
 72
     0
 73
     1
 93
        2
 10
9.560732210068055
 20
1.817402355761945
 10
9.5610987972625
 20
1.817397174317502
 97
        0
 92
        2
 72
     1
 73
     1
 93
        2
 10
9.560736096151394
 20
1.817772829031428
 42
0.4137930994487301
 10
9.560360441429166
 20
1.817397174317502
 42
0.0
 97
        0
 75
     0
 76
     1
 98
        1
 10
0.0
 20
0.0
450
        0
451
        0
460
0.0
461
0.0
452
        0
462
0.0
453
        0
470

  0
HATCH
  5
2F8
330
1F
100
AcDbEntity
  8
PDF_Solid Fills
440
 33554559
100
AcDbHatch
 10
0.0
 20
0.0
 30
0.0
210
0.0
220
0.0
230
1.0
  2
SOLID
 70
     1
 71
     0
 91
        1
 92
        3
 72
     0
 73
     1
 93
        7
 10
8.545373766012501
 20
1.839433857539724
 10
8.545373766012501
 20
1.993654369984167
 10
8.545373766012501
 20
1.993654369984167
 10
8.221185036095834
 20
1.993654369984167
 10
8.221185036095834
 20
1.993654369984167
 10
8.221185036095834
 20
1.839433857539724
 10
8.221185036095834
 20
1.839433857539724
 97
        0
 75
     0
 76
     1
 98
        1
 10
0.0
 20
0.0
450
        0
451
        0
460
0.0
461
0.0
452
        0
462
0.0
453
        0
470

  0
HATCH
  5
2F9
330
1F
100
AcDbEntity
  8
PDF_Solid Fills
 62
     7
440
 33554559
100
AcDbHatch
 10
0.0
 20
0.0
 30
0.0
210
0.0
220
0.0
230
1.0
  2
SOLID
 70
     1
 71
     0
 91
        3
 92
        2
 72
     0
 73
     1
 93
        2
 10
7.989163839956944
 20
1.817402355761945
 10
7.989527836429166
 20
1.817397174317502
 97
        0
 92
        2
 72
     1
 73
     1
 93
        2
 10
7.989165135318056
 20
1.817034473206425
 42
0.4152421030788793
 10
7.989527836429166
 20
1.817397174317502
 42
0.0
 97
        0
 92
        2
 72
     1
 73
     1
 93
        2
 10
7.988802434206218
 20
1.817397174317503
 42
0.4152420980401902
 10
7.989165135318056
 20
1.81703447320639
 42
0.0
 97
        0
 75
     0
 76
     1
 98
        1
 10
0.0
 20
0.0
450
        0
451
        0
460
0.0
461
0.0
452
        0
462
0.0
453
        0
470

  0
HATCH
  5
2FA
330
1F
100
AcDbEntity
  8
PDF_Solid Fills
 62
     7
440
 33554559
100
AcDbHatch
 10
0.0
 20
0.0
 30
0.0
210
0.0
220
0.0
230
1.0
  2
SOLID
 70
     1
 71
     0
 91
        2
 92
        2
 72
     0
 73
     1
 93
        2
 10
8.777396257512499
 20
1.817402355761945
 10
8.777768026151388
 20
1.817397174317502
 97
        0
 92
        2
 72
     1
 73
     1
 93
        2
 10
8.777768026150386
 20
1.817397174317501
 42
0.4137931154720657
 10
8.777392371429167
 20
1.817772829039725
 42
0.0
 97
        0
 75
     0
 76
     1
 98
        1
 10
0.0
 20
0.0
450
        0
451
        0
460
0.0
461
0.0
452
        0
462
0.0
453
        0
470

  0
HATCH
  5
2FB
330
1F
100
AcDbEntity
  8
PDF_Solid Fills
440
 33554559
100
AcDbHatch
 10
0.0
 20
0.0
 30
0.0
210
0.0
220
0.0
230
1.0
  2
SOLID
 70
     1
 71
     0
 91
        1
 92
        3
 72
     0
 73
     1
 93
        7
 10
7.759588285595834
 20
1.839433857539724
 10
7.759588285595834
 20
1.993654369984167
 10
7.759588285595834
 20
1.993654369984167
 10
7.435400851040278
 20
1.993654369984167
 10
7.435400851040278
 20
1.993654369984167
 10
7.435400851040278
 20
1.839433857539724
 10
7.435400851040278
 20
1.839433857539724
 97
        0
 75
     0
 76
     1
 98
        1
 10
0.0
 20
0.0
450
        0
451
        0
460
0.0
461
0.0
452
        0
462
0.0
453
        0
470

  0
HATCH
  5
2FC
330
1F
100
AcDbEntity
  8
PDF_Solid Fills
 62
     7
440
 33554559
100
AcDbHatch
 10
0.0
 20
0.0
 30
0.0
210
0.0
220
0.0
230
1.0
  2
SOLID
 70
     1
 71
     0
 91
        2
 92
        2
 72
     0
 73
     1
 93
        2
 10
7.205826592040278
 20
1.817402355761945
 10
7.206197065318056
 20
1.817397174317502
 97
        0
 92
        2
 72
     1
 73
     1
 93
        2
 10
7.206197065315047
 20
1.8173971743175
 42
0.4137931110193918
 10
7.205821410595834
 20
1.817772829039725
 42
0.0
 97
        0
 75
     0
 76
     1
 98
        1
 10
0.0
 20
0.0
450
        0
451
        0
460
0.0
461
0.0
452
        0
462
0.0
453
        0
470

  0
HATCH
  5
2FD
330
1F
100
AcDbEntity
  8
PDF_Solid Fills
 62
     7
440
 33554559
100
AcDbHatch
 10
0.0
 20
0.0
 30
0.0
210
0.0
220
0.0
230
1.0
  2
SOLID
 70
     1
 71
     0
 91
        3
 92
        2
 72
     0
 73
     1
 93
        2
 10
7.989163839956944
 20
1.817402355761945
 10
7.989527836429166
 20
1.817397174317502
 97
        0
 92
        2
 72
     1
 73
     1
 93
        2
 10
7.989165135318056
 20
1.817034473206425
 42
0.4152421030788793
 10
7.989527836429166
 20
1.817397174317502
 42
0.0
 97
        0
 92
        2
 72
     1
 73
     1
 93
        2
 10
7.988802434206218
 20
1.817397174317503
 42
0.4152420980401902
 10
7.989165135318056
 20
1.81703447320639
 42
0.0
 97
        0
 75
     0
 76
     1
 98
        1
 10
0.0
 20
0.0
450
        0
451
        0
460
0.0
461
0.0
452
        0
462
0.0
453
        0
470

  0
HATCH
  5
2FE
330
1F
100
AcDbEntity
  8
PDF_Solid Fills
440
 33554559
100
AcDbHatch
 10
0.0
 20
0.0
 30
0.0
210
0.0
220
0.0
230
1.0
  2
SOLID
 70
     1
 71
     0
 91
        1
 92
        3
 72
     0
 73
     1
 93
        7
 10
7.189528358540278
 20
1.839433857539724
 10
7.189528358540278
 20
1.993654369984167
 10
7.189528358540278
 20
1.993654369984167
 10
6.865340923984723
 20
1.993654369984167
 10
6.865340923984723
 20
1.993654369984167
 10
6.865340923984723
 20
1.839433857539724
 10
6.865340923984723
 20
1.839433857539724
 97
        0
 75
     0
 76
     1
 98
        1
 10
0.0
 20
0.0
450
        0
451
        0
460
0.0
461
0.0
452
        0
462
0.0
453
        0
470

  0
HATCH
  5
2FF
330
1F
100
AcDbEntity
  8
PDF_Solid Fills
 62
     7
440
 33554559
100
AcDbHatch
 10
0.0
 20
0.0
 30
0.0
210
0.0
220
0.0
230
1.0
  2
SOLID
 70
     1
 71
     0
 91
        2
 92
        2
 72
     0
 73
     1
 93
        2
 10
6.849042690484722
 20
1.817402355761945
 10
6.849415754484722
 20
1.817397174317502
 97
        0
 92
        2
 72
     1
 73
     1
 93
        2
 10
6.849415754484438
 20
1.817397174317502
 42
0.4137930943125305
 10
6.8490400997625
 20
1.817772829039725
 42
0.0
 97
        0
 75
     0
 76
     1
 98
        1
 10
0.0
 20
0.0
450
        0
451
        0
460
0.0
461
0.0
452
        0
462
0.0
453
        0
470

  0
HATCH
  5
300
330
1F
100
AcDbEntity
  8
PDF_Solid Fills
 62
     7
440
 33554559
100
AcDbHatch
 10
0.0
 20
0.0
 30
0.0
210
0.0
220
0.0
230
1.0
  2
SOLID
 70
     1
 71
     0
 91
        2
 92
        2
 72
     0
 73
     1
 93
        2
 10
7.205826592040278
 20
1.817402355761945
 10
7.206197065318056
 20
1.817397174317502
 97
        0
 92
        2
 72
     1
 73
     1
 93
        2
 10
7.206197065315047
 20
1.8173971743175
 42
0.4137931110193918
 10
7.205821410595834
 20
1.817772829039725
 42
0.0
 97
        0
 75
     0
 76
     1
 98
        1
 10
0.0
 20
0.0
450
        0
451
        0
460
0.0
461
0.0
452
        0
462
0.0
453
        0
470

  0
HATCH
  5
301
330
1F
100
AcDbEntity
  8
PDF_Solid Fills
440
 33554559
100
AcDbHatch
 10
0.0
 20
0.0
 30
0.0
210
0.0
220
0.0
230
1.0
  2
SOLID
 70
     1
 71
     0
 91
        1
 92
        3
 72
     0
 73
     1
 93
        7
 10
6.680666471818056
 20
1.839433857539724
 10
6.680666471818056
 20
1.993654369984167
 10
6.680666471818056
 20
1.993654369984167
 10
6.3564790372625
 20
1.993654369984167
 10
6.3564790372625
 20
1.993654369984167
 10
6.3564790372625
 20
1.839433857539724
 10
6.3564790372625
 20
1.839433857539724
 97
        0
 75
     0
 76
     1
 98
        1
 10
0.0
 20
0.0
450
        0
451
        0
460
0.0
461
0.0
452
        0
462
0.0
453
        0
470

  0
HATCH
  5
302
330
1F
100
AcDbEntity
  8
PDF_Solid Fills
 62
     7
440
 33554559
100
AcDbHatch
 10
0.0
 20
0.0
 30
0.0
210
0.0
220
0.0
230
1.0
  2
SOLID
 70
     1
 71
     0
 91
        2
 92
        2
 72
     0
 73
     1
 93
        2
 10
6.188102818595834
 20
1.817402355761945
 10
6.188470701151389
 20
1.817397174317502
 97
        0
 92
        2
 72
     1
 73
     1
 93
        2
 10
6.188108000040275
 20
1.817772829043438
 42
0.4137931053712839
 10
6.187732345318056
 20
1.817397174317502
 42
0.0
 97
        0
 75
     0
 76
     1
 98
        1
 10
0.0
 20
0.0
450
        0
451
        0
460
0.0
461
0.0
452
        0
462
0.0
453
        0
470

  0
HATCH
  5
303
330
1F
100
AcDbEntity
  8
PDF_Solid Fills
 62
     7
440
 33554559
100
AcDbHatch
 10
0.0
 20
0.0
 30
0.0
210
0.0
220
0.0
230
1.0
  2
SOLID
 70
     1
 71
     0
 91
        2
 92
        2
 72
     0
 73
     1
 93
        2
 10
6.849042690484722
 20
1.817402355761945
 10
6.849415754484722
 20
1.817397174317502
 97
        0
 92
        2
 72
     1
 73
     1
 93
        2
 10
6.849415754484438
 20
1.817397174317502
 42
0.4137930943125305
 10
6.8490400997625
 20
1.817772829039725
 42
0.0
 97
        0
 75
     0
 76
     1
 98
        1
 10
0.0
 20
0.0
450
        0
451
        0
460
0.0
461
0.0
452
        0
462
0.0
453
        0
470

  0
HATCH
  5
304
330
1F
100
AcDbEntity
  8
PDF_Solid Fills
440
 33554559
100
AcDbHatch
 10
0.0
 20
0.0
 30
0.0
210
0.0
220
0.0
230
1.0
  2
SOLID
 70
     1
 71
     0
 91
        1
 92
        3
 72
     0
 73
     1
 93
        7
 10
5.345321449290278
 20
1.839433857539724
 10
5.345321449290278
 20
1.993654369984167
 10
5.345321449290278
 20
1.993654369984167
 10
5.021134014734723
 20
1.993654369984167
 10
5.021134014734723
 20
1.993654369984167
 10
5.021134014734723
 20
1.839433857539724
 10
5.021134014734723
 20
1.839433857539724
 97
        0
 75
     0
 76
     1
 98
        1
 10
0.0
 20
0.0
450
        0
451
        0
460
0.0
461
0.0
452
        0
462
0.0
453
        0
470

  0
HATCH
  5
305
330
1F
100
AcDbEntity
  8
PDF_Solid Fills
 62
     7
440
 33554559
100
AcDbHatch
 10
0.0
 20
0.0
 30
0.0
210
0.0
220
0.0
230
1.0
  2
SOLID
 70
     1
 71
     0
 91
        3
 92
        2
 72
     0
 73
     1
 93
        2
 10
4.852757796068057
 20
1.817402355761945
 10
4.853121792540278
 20
1.817397174317502
 97
        0
 92
        2
 72
     1
 73
     1
 93
        2
 10
4.85275909142916
 20
1.817034473201903
 42
0.4152421048838894
 10
4.853121792540278
 20
1.817397174317502
 42
0.0
 97
        0
 92
        2
 72
     1
 73
     1
 93
        2
 10
4.8523963903205
 20
1.817397174317498
 42
0.4152420896970594
 10
4.852759091429168
 20
1.81703447320639
 42
0.0
 97
        0
 75
     0
 76
     1
 98
        1
 10
0.0
 20
0.0
450
        0
451
        0
460
0.0
461
0.0
452
        0
462
0.0
453
        0
470

  0
HATCH
  5
306
330
1F
100
AcDbEntity
  8
PDF_Solid Fills
 62
     7
440
 33554559
100
AcDbHatch
 10
0.0
 20
0.0
 30
0.0
210
0.0
220
0.0
230
1.0
  2
SOLID
 70
     1
 71
     0
 91
        2
 92
        2
 72
     0
 73
     1
 93
        2
 10
5.513697667956946
 20
1.817402355761945
 10
5.514066845873611
 20
1.817397174317502
 97
        0
 92
        2
 72
     1
 73
     1
 93
        2
 10
5.513704144762502
 20
1.817772829038313
 42
0.413793100307672
 10
5.513328490040279
 20
1.817397174317502
 42
0.0
 97
        0
 75
     0
 76
     1
 98
        1
 10
0.0
 20
0.0
450
        0
451
        0
460
0.0
461
0.0
452
        0
462
0.0
453
        0
470

  0
HATCH
  5
307
330
1F
100
AcDbEntity
  8
PDF_Solid Fills
440
 33554559
100
AcDbHatch
 10
0.0
 20
0.0
 30
0.0
210
0.0
220
0.0
230
1.0
  2
SOLID
 70
     1
 71
     0
 91
        1
 92
        3
 72
     0
 73
     1
 93
        7
 10
4.832174508012501
 20
1.839433857539724
 10
4.832174508012501
 20
1.993654369984167
 10
4.832174508012501
 20
1.993654369984167
 10
4.507987073456944
 20
1.993654369984167
 10
4.507987073456944
 20
1.993654369984167
 10
4.507987073456944
 20
1.839433857539724
 10
4.507987073456944
 20
1.839433857539724
 97
        0
 75
     0
 76
     1
 98
        1
 10
0.0
 20
0.0
450
        0
451
        0
460
0.0
461
0.0
452
        0
462
0.0
453
        0
470

  0
HATCH
  5
308
330
1F
100
AcDbEntity
  8
PDF_Solid Fills
 62
     7
440
 33554559
100
AcDbHatch
 10
0.0
 20
0.0
 30
0.0
210
0.0
220
0.0
230
1.0
  2
SOLID
 70
     1
 71
     0
 91
        2
 92
        2
 72
     0
 73
     1
 93
        2
 10
4.4874050807625
 20
1.817402355761945
 10
4.487778144762501
 20
1.817397174317502
 97
        0
 92
        2
 72
     1
 73
     1
 93
        2
 10
4.487778144765428
 20
1.817397174317504
 42
0.4137931005428874
 10
4.487402490040278
 20
1.817772829039725
 42
0.0
 97
        0
 75
     0
 76
     1
 98
        1
 10
0.0
 20
0.0
450
        0
451
        0
460
0.0
461
0.0
452
        0
462
0.0
453
        0
470

  0
HATCH
  5
309
330
1F
100
AcDbEntity
  8
PDF_Solid Fills
 62
     7
440
 33554559
100
AcDbHatch
 10
0.0
 20
0.0
 30
0.0
210
0.0
220
0.0
230
1.0
  2
SOLID
 70
     1
 71
     0
 91
        3
 92
        2
 72
     0
 73
     1
 93
        2
 10
4.852757796068057
 20
1.817402355761945
 10
4.853121792540278
 20
1.817397174317502
 97
        0
 92
        2
 72
     1
 73
     1
 93
        2
 10
4.85275909142916
 20
1.817034473201903
 42
0.4152421048838894
 10
4.853121792540278
 20
1.817397174317502
 42
0.0
 97
        0
 92
        2
 72
     1
 73
     1
 93
        2
 10
4.8523963903205
 20
1.817397174317498
 42
0.4152420896970594
 10
4.852759091429168
 20
1.81703447320639
 42
0.0
 97
        0
 75
     0
 76
     1
 98
        1
 10
0.0
 20
0.0
450
        0
451
        0
460
0.0
461
0.0
452
        0
462
0.0
453
        0
470

  0
HATCH
  5
30A
330
1F
100
AcDbEntity
  8
PDF_Solid Fills
440
 33554559
100
AcDbHatch
 10
0.0
 20
0.0
 30
0.0
210
0.0
220
0.0
230
1.0
  2
SOLID
 70
     1
 71
     0
 91
        1
 92
        3
 72
     0
 73
     1
 93
        7
 10
4.315132415873613
 20
1.839433857539724
 10
4.315132415873613
 20
1.993654369984167
 10
4.315132415873613
 20
1.993654369984167
 10
3.990943685956945
 20
1.993654369984167
 10
3.990943685956945
 20
1.993654369984167
 10
3.990943685956945
 20
1.839433857539724
 10
3.990943685956945
 20
1.839433857539724
 97
        0
 75
     0
 76
     1
 98
        1
 10
0.0
 20
0.0
450
        0
451
        0
460
0.0
461
0.0
452
        0
462
0.0
453
        0
470

  0
HATCH
  5
30B
330
1F
100
AcDbEntity
  8
PDF_Solid Fills
 62
     7
440
 33554559
100
AcDbHatch
 10
0.0
 20
0.0
 30
0.0
210
0.0
220
0.0
230
1.0
  2
SOLID
 70
     1
 71
     0
 91
        3
 92
        2
 72
     0
 73
     1
 93
        2
 10
4.334408684568056
 20
1.817402355761945
 10
4.334770090318056
 20
1.817397174317502
 97
        0
 92
        2
 72
     1
 73
     1
 93
        2
 10
4.334407389206944
 20
1.817034473206109
 42
0.4152421000780297
 10
4.334770090318056
 20
1.817397174317502
 42
0.0
 97
        0
 92
        2
 72
     1
 73
     1
 93
        2
 10
4.334044688098041
 20
1.817397174317498
 42
0.4152421012650449
 10
4.334407389206945
 20
1.81703447320639
 42
0.0
 97
        0
 75
     0
 76
     1
 98
        1
 10
0.0
 20
0.0
450
        0
451
        0
460
0.0
461
0.0
452
        0
462
0.0
453
        0
470

  0
HATCH
  5
30C
330
1F
100
AcDbEntity
  8
PDF_Solid Fills
 62
     7
440
 33554559
100
AcDbHatch
 10
0.0
 20
0.0
 30
0.0
210
0.0
220
0.0
230
1.0
  2
SOLID
 70
     1
 71
     0
 91
        2
 92
        2
 72
     0
 73
     1
 93
        2
 10
4.4874050807625
 20
1.817402355761945
 10
4.487778144762501
 20
1.817397174317502
 97
        0
 92
        2
 72
     1
 73
     1
 93
        2
 10
4.487778144765428
 20
1.817397174317504
 42
0.4137931005428874
 10
4.487402490040278
 20
1.817772829039725
 42
0.0
 97
        0
 75
     0
 76
     1
 98
        1
 10
0.0
 20
0.0
450
        0
451
        0
460
0.0
461
0.0
452
        0
462
0.0
453
        0
470

  0
HATCH
  5
30D
330
1F
100
AcDbEntity
  8
PDF_Solid Fills
440
 33554559
100
AcDbHatch
 10
0.0
 20
0.0
 30
0.0
210
0.0
220
0.0
230
1.0
  2
SOLID
 70
     1
 71
     0
 91
        1
 92
        3
 72
     0
 73
     1
 93
        7
 10
10.27513940717917
 20
1.314338505373054
 10
10.27513940717917
 20
1.468559017817501
 10
10.27513940717917
 20
1.468559017817501
 10
9.950951972623611
 20
1.468559017817501
 10
9.950951972623611
 20
1.468559017817501
 10
9.950951972623611
 20
1.314338505373054
 10
9.950951972623611
 20
1.314338505373054
 97
        0
 75
     0
 76
     1
 98
        1
 10
0.0
 20
0.0
450
        0
451
        0
460
0.0
461
0.0
452
        0
462
0.0
453
        0
470

  0
HATCH
  5
30E
330
1F
100
AcDbEntity
  8
PDF_Solid Fills
440
 33554559
100
AcDbHatch
 10
0.0
 20
0.0
 30
0.0
210
0.0
220
0.0
230
1.0
  2
SOLID
 70
     1
 71
     0
 91
        1
 92
        3
 72
     0
 73
     1
 93
        7
 10
7.297108098818055
 20
1.314338505373054
 10
7.297108098818055
 20
1.468559017817501
 10
7.297108098818055
 20
1.468559017817501
 10
6.879544558568056
 20
1.468559017817501
 10
6.879544558568056
 20
1.468559017817501
 10
6.879544558568056
 20
1.314338505373054
 10
6.879544558568056
 20
1.314338505373054
 97
        0
 75
     0
 76
     1
 98
        1
 10
0.0
 20
0.0
450
        0
451
        0
460
0.0
461
0.0
452
        0
462
0.0
453
        0
470

  0
HATCH
  5
30F
330
1F
100
AcDbEntity
  8
PDF_Solid Fills
440
 33554559
100
AcDbHatch
 10
0.0
 20
0.0
 30
0.0
210
0.0
220
0.0
230
1.0
  2
SOLID
 70
     1
 71
     0
 91
        1
 92
        3
 72
     0
 73
     1
 93
        7
 10
3.83726981590139
 20
1.314338505373054
 10
3.83726981590139
 20
1.468559017817501
 10
3.83726981590139
 20
1.468559017817501
 10
3.419707571012501
 20
1.468559017817501
 10
3.419707571012501
 20
1.468559017817501
 10
3.419707571012501
 20
1.314338505373054
 10
3.419707571012501
 20
1.314338505373054
 97
        0
 75
     0
 76
     1
 98
        1
 10
0.0
 20
0.0
450
        0
451
        0
460
0.0
461
0.0
452
        0
462
0.0
453
        0
470

  0
HATCH
  5
310
330
1F
100
AcDbEntity
  8
PDF_Solid Fills
440
 33554559
100
AcDbHatch
 10
0.0
 20
0.0
 30
0.0
210
0.0
220
0.0
230
1.0
  2
SOLID
 70
     1
 71
     0
 91
        1
 92
        3
 72
     0
 73
     1
 93
        7
 10
3.70584506829028
 20
2.325717600095281
 10
3.551625851206947
 20
2.325717600095281
 10
3.551625851206947
 20
2.325717600095281
 10
3.551627146568058
 20
2.094904975873056
 10
3.551627146568058
 20
2.094904975873056
 10
3.70584636365139
 20
2.094904975873056
 10
3.70584636365139
 20
2.094904975873056
 97
        0
 75
     0
 76
     1
 98
        1
 10
0.0
 20
0.0
450
        0
451
        0
460
0.0
461
0.0
452
        0
462
0.0
453
        0
470

  0
HATCH
  5
311
330
1F
100
AcDbEntity
  8
PDF_Solid Fills
 62
     7
440
 33554559
100
AcDbHatch
 10
0.0
 20
0.0
 30
0.0
210
0.0
220
0.0
230
1.0
  2
SOLID
 70
     1
 71
     0
 91
        3
 92
        2
 72
     0
 73
     1
 93
        2
 10
3.727876570068056
 20
2.344996459511946
 10
3.7282431572625
 20
2.344997754873059
 97
        0
 92
        2
 72
     1
 73
     1
 93
        2
 10
3.72788045615139
 20
2.344635053761725
 42
0.4152421042929048
 10
3.7282431572625
 20
2.344997754873059
 42
0.0
 97
        0
 92
        2
 72
     1
 73
     1
 93
        2
 10
3.72824315726496
 20
2.344997754873054
 42
0.4152420926042739
 10
3.727880456151391
 20
2.34536045598417
 42
0.0
 97
        0
 75
     0
 76
     1
 98
        1
 10
0.0
 20
0.0
450
        0
451
        0
460
0.0
461
0.0
452
        0
462
0.0
453
        0
470

  0
HATCH
  5
312
330
1F
100
AcDbEntity
  8
PDF_Solid Fills
 62
     7
440
 33554559
100
AcDbHatch
 10
0.0
 20
0.0
 30
0.0
210
0.0
220
0.0
230
1.0
  2
SOLID
 70
     1
 71
     0
 91
        3
 92
        2
 72
     0
 73
     1
 93
        2
 10
3.727876570068056
 20
2.430672938761944
 10
3.7282431572625
 20
2.430672938761944
 97
        0
 92
        2
 72
     1
 73
     1
 93
        2
 10
3.727880456151385
 20
2.430310237647669
 42
0.4152420953686912
 10
3.7282431572625
 20
2.430672938761944
 42
0.0
 97
        0
 92
        2
 72
     1
 73
     1
 93
        2
 10
3.72824315725809
 20
2.430672938761951
 42
0.4152420947575372
 10
3.727880456151391
 20
2.431035639873055
 42
0.0
 97
        0
 75
     0
 76
     1
 98
        1
 10
0.0
 20
0.0
450
        0
451
        0
460
0.0
461
0.0
452
        0
462
0.0
453
        0
470

  0
HATCH
  5
313
330
1F
100
AcDbEntity
  8
PDF_Solid Fills
440
 33554559
100
AcDbHatch
 10
0.0
 20
0.0
 30
0.0
210
0.0
220
0.0
230
1.0
  2
SOLID
 70
     1
 71
     0
 91
        1
 92
        3
 72
     0
 73
     1
 93
        7
 10
13.90948162745222
 20
10.43830318485944
 10
13.90948162745222
 20
10.59252240194277
 10
13.90948162745222
 20
10.59252240194277
 10
13.67866770786889
 20
10.59252240194277
 10
13.67866770786889
 20
10.59252240194277
 10
13.67866770786889
 20
10.43830318485944
 10
13.67866770786889
 20
10.43830318485944
 97
        0
 75
     0
 76
     1
 98
        1
 10
0.0
 20
0.0
450
        0
451
        0
460
0.0
461
0.0
452
        0
462
0.0
453
        0
470

  0
HATCH
  5
314
330
1F
100
AcDbEntity
  8
PDF_Solid Fills
 62
     7
440
 33554559
100
AcDbHatch
 10
0.0
 20
0.0
 30
0.0
210
0.0
220
0.0
230
1.0
  2
SOLID
 70
     1
 71
     0
 91
        3
 92
        2
 72
     0
 73
     1
 93
        2
 10
13.53087348189666
 20
10.41627168308166
 10
13.53123618300777
 20
10.41626650163722
 97
        0
 92
        2
 72
     1
 73
     1
 93
        2
 10
13.53087348189675
 20
10.41590380057645
 42
0.4152420814774508
 10
13.53123618300777
 20
10.41626650163722
 42
0.0
 97
        0
 92
        2
 72
     1
 73
     1
 93
        2
 10
13.5305107808251
 20
10.41626650163715
 42
0.4152421701289797
 10
13.53087348189666
 20
10.41590380052611
 42
0.0
 97
        0
 75
     0
 76
     1
 98
        1
 10
0.0
 20
0.0
450
        0
451
        0
460
0.0
461
0.0
452
        0
462
0.0
453
        0
470

  0
HATCH
  5
315
330
1F
100
AcDbEntity
  8
PDF_Solid Fills
 62
     7
440
 33554559
100
AcDbHatch
 10
0.0
 20
0.0
 30
0.0
210
0.0
220
0.0
230
1.0
  2
SOLID
 70
     1
 71
     0
 91
        2
 92
        2
 72
     0
 73
     1
 93
        2
 10
13.65939014381333
 20
10.41627168308166
 10
13.65976191245222
 20
10.41626650163722
 97
        0
 92
        2
 72
     1
 73
     1
 93
        2
 10
13.65976191242091
 20
10.4162665016372
 42
0.4137931143410961
 10
13.65938625772999
 20
10.41664215635944
 42
0.0
 97
        0
 75
     0
 76
     1
 98
        1
 10
0.0
 20
0.0
450
        0
451
        0
460
0.0
461
0.0
452
        0
462
0.0
453
        0
470

  0
HATCH
  5
316
330
1F
100
AcDbEntity
  8
PDF_Solid Fills
440
 33554559
100
AcDbHatch
 10
0.0
 20
0.0
 30
0.0
210
0.0
220
0.0
230
1.0
  2
SOLID
 70
     1
 71
     0
 91
        1
 92
        3
 72
     0
 73
     1
 93
        7
 10
13.23464382620222
 20
8.816792167109444
 10
13.23464382620222
 20
8.908589227609443
 10
13.23464382620222
 20
8.908589227609443
 10
12.48834354317444
 20
8.908589227609443
 10
12.48834354317444
 20
8.908589227609443
 10
12.48834354317444
 20
8.816792167109444
 10
12.48834354317444
 20
8.816792167109444
 97
        0
 75
     0
 76
     1
 98
        1
 10
0.0
 20
0.0
450
        0
451
        0
460
0.0
461
0.0
452
        0
462
0.0
453
        0
470

  0
HATCH
  5
317
330
1F
100
AcDbEntity
  8
PDF_Solid Fills
440
 33554559
100
AcDbHatch
 10
0.0
 20
0.0
 30
0.0
210
0.0
220
0.0
230
1.0
  2
SOLID
 70
     1
 71
     0
 91
        1
 92
        3
 72
     0
 73
     1
 93
        7
 10
13.23464382620222
 20
8.816792167109444
 10
13.23464382620222
 20
8.908589227609443
 10
13.23464382620222
 20
8.908589227609443
 10
12.48834354317444
 20
8.908589227609443
 10
12.48834354317444
 20
8.908589227609443
 10
12.48834354317444
 20
8.816792167109444
 10
12.48834354317444
 20
8.816792167109444
 97
        0
 75
     0
 76
     1
 98
        1
 10
0.0
 20
0.0
450
        0
451
        0
460
0.0
461
0.0
452
        0
462
0.0
453
        0
470

  0
HATCH
  5
318
330
1F
100
AcDbEntity
  8
PDF_Solid Fills
440
 33554559
100
AcDbHatch
 10
0.0
 20
0.0
 30
0.0
210
0.0
220
0.0
230
1.0
  2
SOLID
 70
     1
 71
     0
 91
        1
 92
        3
 72
     0
 73
     1
 93
        7
 10
12.83531637967444
 20
8.697455729387222
 10
12.83531637967444
 20
8.789252789887221
 10
12.83531637967444
 20
8.789252789887221
 10
12.48834354317444
 20
8.789252789887221
 10
12.48834354317444
 20
8.789252789887221
 10
12.48834354317444
 20
8.697455729387222
 10
12.48834354317444
 20
8.697455729387222
 97
        0
 75
     0
 76
     1
 98
        1
 10
0.0
 20
0.0
450
        0
451
        0
460
0.0
461
0.0
452
        0
462
0.0
453
        0
470

  0
HATCH
  5
319
330
1F
100
AcDbEntity
  8
PDF_Solid Fills
440
 33554559
100
AcDbHatch
 10
0.0
 20
0.0
 30
0.0
210
0.0
220
0.0
230
1.0
  2
SOLID
 70
     1
 71
     0
 91
        1
 92
        3
 72
     0
 73
     1
 93
        7
 10
12.83531637967444
 20
8.697455729387222
 10
12.83531637967444
 20
8.789252789887221
 10
12.83531637967444
 20
8.789252789887221
 10
12.48834354317444
 20
8.789252789887221
 10
12.48834354317444
 20
8.789252789887221
 10
12.48834354317444
 20
8.697455729387222
 10
12.48834354317444
 20
8.697455729387222
 97
        0
 75
     0
 76
     1
 98
        1
 10
0.0
 20
0.0
450
        0
451
        0
460
0.0
461
0.0
452
        0
462
0.0
453
        0
470

  0
HATCH
  5
31A
330
1F
100
AcDbEntity
  8
PDF_Solid Fills
440
 33554559
100
AcDbHatch
 10
0.0
 20
0.0
 30
0.0
210
0.0
220
0.0
230
1.0
  2
SOLID
 70
     1
 71
     0
 91
        1
 92
        3
 72
     0
 73
     1
 93
        7
 10
13.11150679897999
 20
5.799390948498333
 10
13.11150679897999
 20
5.891188008998332
 10
13.11150679897999
 20
5.891188008998332
 10
12.24579753800777
 20
5.891188008998332
 10
12.24579753800777
 20
5.891188008998332
 10
12.24579753800777
 20
5.799390948498333
 10
12.24579753800777
 20
5.799390948498333
 97
        0
 75
     0
 76
     1
 98
        1
 10
0.0
 20
0.0
450
        0
451
        0
460
0.0
461
0.0
452
        0
462
0.0
453
        0
470

  0
HATCH
  5
31B
330
1F
100
AcDbEntity
  8
PDF_Solid Fills
440
 33554559
100
AcDbHatch
 10
0.0
 20
0.0
 30
0.0
210
0.0
220
0.0
230
1.0
  2
SOLID
 70
     1
 71
     0
 91
        1
 92
        3
 72
     0
 73
     1
 93
        7
 10
13.11150679897999
 20
5.799390948498333
 10
13.11150679897999
 20
5.891188008998332
 10
13.11150679897999
 20
5.891188008998332
 10
12.24579753800777
 20
5.891188008998332
 10
12.24579753800777
 20
5.891188008998332
 10
12.24579753800777
 20
5.799390948498333
 10
12.24579753800777
 20
5.799390948498333
 97
        0
 75
     0
 76
     1
 98
        1
 10
0.0
 20
0.0
450
        0
451
        0
460
0.0
461
0.0
452
        0
462
0.0
453
        0
470

  0
HATCH
  5
31C
330
1F
100
AcDbEntity
  8
PDF_Solid Fills
440
 33554559
100
AcDbHatch
 10
0.0
 20
0.0
 30
0.0
210
0.0
220
0.0
230
1.0
  2
SOLID
 70
     1
 71
     0
 91
        1
 92
        3
 72
     0
 73
     1
 93
        7
 10
12.52468489914666
 20
5.68005451077611
 10
12.52468489914666
 20
5.77185157127611
 10
12.52468489914666
 20
5.77185157127611
 10
12.24579753800777
 20
5.77185157127611
 10
12.24579753800777
 20
5.77185157127611
 10
12.24579753800777
 20
5.68005451077611
 10
12.24579753800777
 20
5.68005451077611
 97
        0
 75
     0
 76
     1
 98
        1
 10
0.0
 20
0.0
450
        0
451
        0
460
0.0
461
0.0
452
        0
462
0.0
453
        0
470

  0
HATCH
  5
31D
330
1F
100
AcDbEntity
  8
PDF_Solid Fills
440
 33554559
100
AcDbHatch
 10
0.0
 20
0.0
 30
0.0
210
0.0
220
0.0
230
1.0
  2
SOLID
 70
     1
 71
     0
 91
        1
 92
        3
 72
     0
 73
     1
 93
        7
 10
12.52468489914666
 20
5.68005451077611
 10
12.52468489914666
 20
5.77185157127611
 10
12.52468489914666
 20
5.77185157127611
 10
12.24579753800777
 20
5.77185157127611
 10
12.24579753800777
 20
5.77185157127611
 10
12.24579753800777
 20
5.68005451077611
 10
12.24579753800777
 20
5.68005451077611
 97
        0
 75
     0
 76
     1
 98
        1
 10
0.0
 20
0.0
450
        0
451
        0
460
0.0
461
0.0
452
        0
462
0.0
453
        0
470

  0
HATCH
  5
31E
330
1F
100
AcDbEntity
  8
PDF_Solid Fills
440
 33554559
100
AcDbHatch
 10
0.0
 20
0.0
 30
0.0
210
0.0
220
0.0
230
1.0
  2
SOLID
 70
     1
 71
     0
 91
        1
 92
        3
 72
     0
 73
     1
 93
        7
 10
14.31742711145221
 20
6.245172635192776
 10
14.31742711145221
 20
6.336969695692777
 10
14.31742711145221
 20
6.336969695692777
 10
14.00214398917444
 20
6.336969695692777
 10
14.00214398917444
 20
6.336969695692777
 10
14.00214398917444
 20
6.245172635192776
 10
14.00214398917444
 20
6.245172635192776
 97
        0
 75
     0
 76
     1
 98
        1
 10
0.0
 20
0.0
450
        0
451
        0
460
0.0
461
0.0
452
        0
462
0.0
453
        0
470

  0
HATCH
  5
31F
330
1F
100
AcDbEntity
  8
PDF_Solid Fills
440
 33554559
100
AcDbHatch
 10
0.0
 20
0.0
 30
0.0
210
0.0
220
0.0
230
1.0
  2
SOLID
 70
     1
 71
     0
 91
        1
 92
        3
 72
     0
 73
     1
 93
        7
 10
14.31742711145221
 20
6.245172635192776
 10
14.31742711145221
 20
6.336969695692777
 10
14.31742711145221
 20
6.336969695692777
 10
14.00214398917444
 20
6.336969695692777
 10
14.00214398917444
 20
6.336969695692777
 10
14.00214398917444
 20
6.245172635192776
 10
14.00214398917444
 20
6.245172635192776
 97
        0
 75
     0
 76
     1
 98
        1
 10
0.0
 20
0.0
450
        0
451
        0
460
0.0
461
0.0
452
        0
462
0.0
453
        0
470

  0
HATCH
  5
320
330
1F
100
AcDbEntity
  8
PDF_Solid Fills
440
 33554559
100
AcDbHatch
 10
0.0
 20
0.0
 30
0.0
210
0.0
220
0.0
230
1.0
  2
SOLID
 70
     1
 71
     0
 91
        1
 92
        3
 72
     0
 73
     1
 93
        7
 10
14.27412837095221
 20
6.125836197470555
 10
14.27412837095221
 20
6.217633257970555
 10
14.27412837095221
 20
6.217633257970555
 10
14.00214398917444
 20
6.217633257970555
 10
14.00214398917444
 20
6.217633257970555
 10
14.00214398917444
 20
6.125836197470555
 10
14.00214398917444
 20
6.125836197470555
 97
        0
 75
     0
 76
     1
 98
        1
 10
0.0
 20
0.0
450
        0
451
        0
460
0.0
461
0.0
452
        0
462
0.0
453
        0
470

  0
HATCH
  5
321
330
1F
100
AcDbEntity
  8
PDF_Solid Fills
440
 33554559
100
AcDbHatch
 10
0.0
 20
0.0
 30
0.0
210
0.0
220
0.0
230
1.0
  2
SOLID
 70
     1
 71
     0
 91
        1
 92
        3
 72
     0
 73
     1
 93
        7
 10
14.27412837095221
 20
6.125836197470555
 10
14.27412837095221
 20
6.217633257970555
 10
14.27412837095221
 20
6.217633257970555
 10
14.00214398917444
 20
6.217633257970555
 10
14.00214398917444
 20
6.217633257970555
 10
14.00214398917444
 20
6.125836197470555
 10
14.00214398917444
 20
6.125836197470555
 97
        0
 75
     0
 76
     1
 98
        1
 10
0.0
 20
0.0
450
        0
451
        0
460
0.0
461
0.0
452
        0
462
0.0
453
        0
470

  0
HATCH
  5
322
330
1F
100
AcDbEntity
  8
PDF_Solid Fills
440
 33554559
100
AcDbHatch
 10
0.0
 20
0.0
 30
0.0
210
0.0
220
0.0
230
1.0
  2
SOLID
 70
     1
 71
     0
 91
        1
 92
        3
 72
     0
 73
     1
 93
        7
 10
14.19870337953555
 20
9.290425413053887
 10
14.19870337953555
 20
9.382222473553888
 10
14.19870337953555
 20
9.382222473553888
 10
13.88341896189666
 20
9.382222473553888
 10
13.88341896189666
 20
9.382222473553888
 10
13.88341896189666
 20
9.290425413053887
 10
13.88341896189666
 20
9.290425413053887
 97
        0
 75
     0
 76
     1
 98
        1
 10
0.0
 20
0.0
450
        0
451
        0
460
0.0
461
0.0
452
        0
462
0.0
453
        0
470

  0
HATCH
  5
323
330
1F
100
AcDbEntity
  8
PDF_Solid Fills
440
 33554559
100
AcDbHatch
 10
0.0
 20
0.0
 30
0.0
210
0.0
220
0.0
230
1.0
  2
SOLID
 70
     1
 71
     0
 91
        1
 92
        3
 72
     0
 73
     1
 93
        7
 10
14.19870337953555
 20
9.290425413053887
 10
14.19870337953555
 20
9.382222473553888
 10
14.19870337953555
 20
9.382222473553888
 10
13.88341896189666
 20
9.382222473553888
 10
13.88341896189666
 20
9.382222473553888
 10
13.88341896189666
 20
9.290425413053887
 10
13.88341896189666
 20
9.290425413053887
 97
        0
 75
     0
 76
     1
 98
        1
 10
0.0
 20
0.0
450
        0
451
        0
460
0.0
461
0.0
452
        0
462
0.0
453
        0
470

  0
HATCH
  5
324
330
1F
100
AcDbEntity
  8
PDF_Solid Fills
440
 33554559
100
AcDbHatch
 10
0.0
 20
0.0
 30
0.0
210
0.0
220
0.0
230
1.0
  2
SOLID
 70
     1
 71
     0
 91
        1
 92
        3
 72
     0
 73
     1
 93
        7
 10
14.15540463903555
 20
9.171088975331665
 10
14.15540463903555
 20
9.262886035831666
 10
14.15540463903555
 20
9.262886035831666
 10
13.88341896189666
 20
9.262886035831666
 10
13.88341896189666
 20
9.262886035831666
 10
13.88341896189666
 20
9.171088975331665
 10
13.88341896189666
 20
9.171088975331665
 97
        0
 75
     0
 76
     1
 98
        1
 10
0.0
 20
0.0
450
        0
451
        0
460
0.0
461
0.0
452
        0
462
0.0
453
        0
470

  0
HATCH
  5
325
330
1F
100
AcDbEntity
  8
PDF_Solid Fills
440
 33554559
100
AcDbHatch
 10
0.0
 20
0.0
 30
0.0
210
0.0
220
0.0
230
1.0
  2
SOLID
 70
     1
 71
     0
 91
        1
 92
        3
 72
     0
 73
     1
 93
        7
 10
14.15540463903555
 20
9.171088975331665
 10
14.15540463903555
 20
9.262886035831666
 10
14.15540463903555
 20
9.262886035831666
 10
13.88341896189666
 20
9.262886035831666
 10
13.88341896189666
 20
9.262886035831666
 10
13.88341896189666
 20
9.171088975331665
 10
13.88341896189666
 20
9.171088975331665
 97
        0
 75
     0
 76
     1
 98
        1
 10
0.0
 20
0.0
450
        0
451
        0
460
0.0
461
0.0
452
        0
462
0.0
453
        0
470

  0
HATCH
  5
326
330
1F
100
AcDbEntity
  8
PDF_Solid Fills
440
 33554559
100
AcDbHatch
 10
0.0
 20
0.0
 30
0.0
210
0.0
220
0.0
230
1.0
  2
SOLID
 70
     1
 71
     0
 91
        1
 92
        3
 72
     0
 73
     1
 93
        7
 10
15.26571175717444
 20
5.203930285414999
 10
15.26571175717444
 20
5.295727345914999
 10
15.26571175717444
 20
5.295727345914999
 10
14.02824162948
 20
5.295727345914999
 10
14.02824162948
 20
5.295727345914999
 10
14.02824162948
 20
5.203930285414999
 10
14.02824162948
 20
5.203930285414999
 97
        0
 75
     0
 76
     1
 98
        1
 10
0.0
 20
0.0
450
        0
451
        0
460
0.0
461
0.0
452
        0
462
0.0
453
        0
470

  0
HATCH
  5
327
330
1F
100
AcDbEntity
  8
PDF_Solid Fills
440
 33554559
100
AcDbHatch
 10
0.0
 20
0.0
 30
0.0
210
0.0
220
0.0
230
1.0
  2
SOLID
 70
     1
 71
     0
 91
        1
 92
        3
 72
     0
 73
     1
 93
        7
 10
15.26571175717444
 20
5.203930285414999
 10
15.26571175717444
 20
5.295727345914999
 10
15.26571175717444
 20
5.295727345914999
 10
14.02824162948
 20
5.295727345914999
 10
14.02824162948
 20
5.295727345914999
 10
14.02824162948
 20
5.203930285414999
 10
14.02824162948
 20
5.203930285414999
 97
        0
 75
     0
 76
     1
 98
        1
 10
0.0
 20
0.0
450
        0
451
        0
460
0.0
461
0.0
452
        0
462
0.0
453
        0
470

  0
HATCH
  5
328
330
1F
100
AcDbEntity
  8
PDF_Solid Fills
440
 33554559
100
AcDbHatch
 10
0.0
 20
0.0
 30
0.0
210
0.0
220
0.0
230
1.0
  2
SOLID
 70
     1
 71
     0
 91
        1
 92
        3
 72
     0
 73
     1
 93
        7
 10
14.39552054675778
 20
5.084593847692777
 10
14.39552054675778
 20
5.176390908192777
 10
14.39552054675778
 20
5.176390908192777
 10
14.02824162948
 20
5.176390908192777
 10
14.02824162948
 20
5.176390908192777
 10
14.02824162948
 20
5.084593847692777
 10
14.02824162948
 20
5.084593847692777
 97
        0
 75
     0
 76
     1
 98
        1
 10
0.0
 20
0.0
450
        0
451
        0
460
0.0
461
0.0
452
        0
462
0.0
453
        0
470

  0
HATCH
  5
329
330
1F
100
AcDbEntity
  8
PDF_Solid Fills
440
 33554559
100
AcDbHatch
 10
0.0
 20
0.0
 30
0.0
210
0.0
220
0.0
230
1.0
  2
SOLID
 70
     1
 71
     0
 91
        1
 92
        3
 72
     0
 73
     1
 93
        7
 10
14.39552054675778
 20
5.084593847692777
 10
14.39552054675778
 20
5.176390908192777
 10
14.39552054675778
 20
5.176390908192777
 10
14.02824162948
 20
5.176390908192777
 10
14.02824162948
 20
5.176390908192777
 10
14.02824162948
 20
5.084593847692777
 10
14.02824162948
 20
5.084593847692777
 97
        0
 75
     0
 76
     1
 98
        1
 10
0.0
 20
0.0
450
        0
451
        0
460
0.0
461
0.0
452
        0
462
0.0
453
        0
470

  0
HATCH
  5
32A
330
1F
100
AcDbEntity
  8
PDF_Solid Fills
440
 33554559
100
AcDbHatch
 10
0.0
 20
0.0
 30
0.0
210
0.0
220
0.0
230
1.0
  2
SOLID
 70
     1
 71
     0
 91
        1
 92
        3
 72
     0
 73
     1
 93
        7
 10
14.65435442253555
 20
10.09259850688722
 10
14.65435442253555
 20
10.18439556738722
 10
14.65435442253555
 20
10.18439556738722
 10
13.91934839303555
 20
10.18439556738722
 10
13.91934839303555
 20
10.18439556738722
 10
13.91934839303555
 20
10.09259850688722
 10
13.91934839303555
 20
10.09259850688722
 97
        0
 75
     0
 76
     1
 98
        1
 10
0.0
 20
0.0
450
        0
451
        0
460
0.0
461
0.0
452
        0
462
0.0
453
        0
470

  0
HATCH
  5
32B
330
1F
100
AcDbEntity
  8
PDF_Solid Fills
440
 33554559
100
AcDbHatch
 10
0.0
 20
0.0
 30
0.0
210
0.0
220
0.0
230
1.0
  2
SOLID
 70
     1
 71
     0
 91
        1
 92
        3
 72
     0
 73
     1
 93
        7
 10
14.65435442253555
 20
10.09259850688722
 10
14.65435442253555
 20
10.18439556738722
 10
14.65435442253555
 20
10.18439556738722
 10
13.91934839303555
 20
10.18439556738722
 10
13.91934839303555
 20
10.18439556738722
 10
13.91934839303555
 20
10.09259850688722
 10
13.91934839303555
 20
10.09259850688722
 97
        0
 75
     0
 76
     1
 98
        1
 10
0.0
 20
0.0
450
        0
451
        0
460
0.0
461
0.0
452
        0
462
0.0
453
        0
470

  0
HATCH
  5
32C
330
1F
100
AcDbEntity
  8
PDF_Solid Fills
440
 33554559
100
AcDbHatch
 10
0.0
 20
0.0
 30
0.0
210
0.0
220
0.0
230
1.0
  2
SOLID
 70
     1
 71
     0
 91
        1
 92
        3
 72
     0
 73
     1
 93
        7
 10
14.20495997370221
 20
9.973262069164999
 10
14.20495997370221
 20
10.065059129665
 10
14.20495997370221
 20
10.065059129665
 10
13.91934839303555
 20
10.065059129665
 10
13.91934839303555
 20
10.065059129665
 10
13.91934839303555
 20
9.973262069164999
 10
13.91934839303555
 20
9.973262069164999
 97
        0
 75
     0
 76
     1
 98
        1
 10
0.0
 20
0.0
450
        0
451
        0
460
0.0
461
0.0
452
        0
462
0.0
453
        0
470

  0
HATCH
  5
32D
330
1F
100
AcDbEntity
  8
PDF_Solid Fills
440
 33554559
100
AcDbHatch
 10
0.0
 20
0.0
 30
0.0
210
0.0
220
0.0
230
1.0
  2
SOLID
 70
     1
 71
     0
 91
        1
 92
        3
 72
     0
 73
     1
 93
        7
 10
14.20495997370221
 20
9.973262069164999
 10
14.20495997370221
 20
10.065059129665
 10
14.20495997370221
 20
10.065059129665
 10
13.91934839303555
 20
10.065059129665
 10
13.91934839303555
 20
10.065059129665
 10
13.91934839303555
 20
9.973262069164999
 10
13.91934839303555
 20
9.973262069164999
 97
        0
 75
     0
 76
     1
 98
        1
 10
0.0
 20
0.0
450
        0
451
        0
460
0.0
461
0.0
452
        0
462
0.0
453
        0
470

  0
HATCH
  5
32E
330
1F
100
AcDbEntity
  8
PDF_Solid Fills
440
 33554559
100
AcDbHatch
 10
0.0
 20
0.0
 30
0.0
210
0.0
220
0.0
230
1.0
  2
SOLID
 70
     1
 71
     0
 91
        1
 92
        3
 72
     0
 73
     1
 93
        7
 10
13.30922424217444
 20
7.505710553553888
 10
13.30922424217444
 20
7.597507614053887
 10
13.30922424217444
 20
7.597507614053887
 10
12.31420167220221
 20
7.597507614053887
 10
12.31420167220221
 20
7.597507614053887
 10
12.31420167220221
 20
7.505710553553888
 10
12.31420167220221
 20
7.505710553553888
 97
        0
 75
     0
 76
     1
 98
        1
 10
0.0
 20
0.0
450
        0
451
        0
460
0.0
461
0.0
452
        0
462
0.0
453
        0
470

  0
HATCH
  5
32F
330
1F
100
AcDbEntity
  8
PDF_Solid Fills
440
 33554559
100
AcDbHatch
 10
0.0
 20
0.0
 30
0.0
210
0.0
220
0.0
230
1.0
  2
SOLID
 70
     1
 71
     0
 91
        1
 92
        3
 72
     0
 73
     1
 93
        7
 10
13.30922424217444
 20
7.505710553553888
 10
13.30922424217444
 20
7.597507614053887
 10
13.30922424217444
 20
7.597507614053887
 10
12.31420167220221
 20
7.597507614053887
 10
12.31420167220221
 20
7.597507614053887
 10
12.31420167220221
 20
7.505710553553888
 10
12.31420167220221
 20
7.505710553553888
 97
        0
 75
     0
 76
     1
 98
        1
 10
0.0
 20
0.0
450
        0
451
        0
460
0.0
461
0.0
452
        0
462
0.0
453
        0
470

  0
HATCH
  5
330
330
1F
100
AcDbEntity
  8
PDF_Solid Fills
440
 33554559
100
AcDbHatch
 10
0.0
 20
0.0
 30
0.0
210
0.0
220
0.0
230
1.0
  2
SOLID
 70
     1
 71
     0
 91
        1
 92
        3
 72
     0
 73
     1
 93
        7
 10
13.18240320795221
 20
6.254915046109443
 10
13.18240320795221
 20
6.346712106609444
 10
13.18240320795221
 20
6.346712106609444
 10
12.75824368892444
 20
6.346712106609444
 10
12.75824368892444
 20
6.346712106609444
 10
12.75824368892444
 20
6.254915046109443
 10
12.75824368892444
 20
6.254915046109443
 97
        0
 75
     0
 76
     1
 98
        1
 10
0.0
 20
0.0
450
        0
451
        0
460
0.0
461
0.0
452
        0
462
0.0
453
        0
470

  0
HATCH
  5
331
330
1F
100
AcDbEntity
  8
PDF_Solid Fills
440
 33554559
100
AcDbHatch
 10
0.0
 20
0.0
 30
0.0
210
0.0
220
0.0
230
1.0
  2
SOLID
 70
     1
 71
     0
 91
        1
 92
        3
 72
     0
 73
     1
 93
        7
 10
13.18240320795221
 20
6.254915046109443
 10
13.18240320795221
 20
6.346712106609444
 10
13.18240320795221
 20
6.346712106609444
 10
12.75824368892444
 20
6.346712106609444
 10
12.75824368892444
 20
6.346712106609444
 10
12.75824368892444
 20
6.254915046109443
 10
12.75824368892444
 20
6.254915046109443
 97
        0
 75
     0
 76
     1
 98
        1
 10
0.0
 20
0.0
450
        0
451
        0
460
0.0
461
0.0
452
        0
462
0.0
453
        0
470

  0
HATCH
  5
332
330
1F
100
AcDbEntity
  8
PDF_Solid Fills
440
 33554559
100
AcDbHatch
 10
0.0
 20
0.0
 30
0.0
210
0.0
220
0.0
230
1.0
  2
SOLID
 70
     1
 71
     0
 91
        1
 92
        3
 72
     0
 73
     1
 93
        7
 10
13.11194074495222
 20
6.135578608387221
 10
13.11194074495222
 20
6.227375668887221
 10
13.11194074495222
 20
6.227375668887221
 10
12.75824368892444
 20
6.227375668887221
 10
12.75824368892444
 20
6.227375668887221
 10
12.75824368892444
 20
6.135578608387221
 10
12.75824368892444
 20
6.135578608387221
 97
        0
 75
     0
 76
     1
 98
        1
 10
0.0
 20
0.0
450
        0
451
        0
460
0.0
461
0.0
452
        0
462
0.0
453
        0
470

  0
HATCH
  5
333
330
1F
100
AcDbEntity
  8
PDF_Solid Fills
440
 33554559
100
AcDbHatch
 10
0.0
 20
0.0
 30
0.0
210
0.0
220
0.0
230
1.0
  2
SOLID
 70
     1
 71
     0
 91
        1
 92
        3
 72
     0
 73
     1
 93
        7
 10
13.11194074495222
 20
6.135578608387221
 10
13.11194074495222
 20
6.227375668887221
 10
13.11194074495222
 20
6.227375668887221
 10
12.75824368892444
 20
6.227375668887221
 10
12.75824368892444
 20
6.227375668887221
 10
12.75824368892444
 20
6.135578608387221
 10
12.75824368892444
 20
6.135578608387221
 97
        0
 75
     0
 76
     1
 98
        1
 10
0.0
 20
0.0
450
        0
451
        0
460
0.0
461
0.0
452
        0
462
0.0
453
        0
470

  0
HATCH
  5
334
330
1F
100
AcDbEntity
  8
PDF_Solid Fills
440
 33554559
100
AcDbHatch
 10
0.0
 20
0.0
 30
0.0
210
0.0
220
0.0
230
1.0
  2
SOLID
 70
     1
 71
     0
 91
        1
 92
        3
 72
     0
 73
     1
 93
        7
 10
12.72881956128554
 20
10.19409393602611
 10
12.72881956128554
 20
10.28589099652611
 10
12.72881956128554
 20
10.28589099652611
 10
11.94527116950777
 20
10.28589099652611
 10
11.94527116950777
 20
10.28589099652611
 10
11.94527116950777
 20
10.19409393602611
 10
11.94527116950777
 20
10.19409393602611
 97
        0
 75
     0
 76
     1
 98
        1
 10
0.0
 20
0.0
450
        0
451
        0
460
0.0
461
0.0
452
        0
462
0.0
453
        0
470

  0
HATCH
  5
335
330
1F
100
AcDbEntity
  8
PDF_Solid Fills
440
 33554559
100
AcDbHatch
 10
0.0
 20
0.0
 30
0.0
210
0.0
220
0.0
230
1.0
  2
SOLID
 70
     1
 71
     0
 91
        1
 92
        3
 72
     0
 73
     1
 93
        7
 10
12.72881956128554
 20
10.19409393602611
 10
12.72881956128554
 20
10.28589099652611
 10
12.72881956128554
 20
10.28589099652611
 10
11.94527116950777
 20
10.28589099652611
 10
11.94527116950777
 20
10.28589099652611
 10
11.94527116950777
 20
10.19409393602611
 10
11.94527116950777
 20
10.19409393602611
 97
        0
 75
     0
 76
     1
 98
        1
 10
0.0
 20
0.0
450
        0
451
        0
460
0.0
461
0.0
452
        0
462
0.0
453
        0
470

  0
HATCH
  5
336
330
1F
100
AcDbEntity
  8
PDF_Solid Fills
440
 33554559
100
AcDbHatch
 10
0.0
 20
0.0
 30
0.0
210
0.0
220
0.0
230
1.0
  2
SOLID
 70
     1
 71
     0
 91
        1
 92
        3
 72
     0
 73
     1
 93
        7
 10
12.31255008678555
 20
10.07475749830389
 10
12.31255008678555
 20
10.16655455880389
 10
12.31255008678555
 20
10.16655455880389
 10
11.94527116950777
 20
10.16655455880389
 10
11.94527116950777
 20
10.16655455880389
 10
11.94527116950777
 20
10.07475749830389
 10
11.94527116950777
 20
10.07475749830389
 97
        0
 75
     0
 76
     1
 98
        1
 10
0.0
 20
0.0
450
        0
451
        0
460
0.0
461
0.0
452
        0
462
0.0
453
        0
470

  0
HATCH
  5
337
330
1F
100
AcDbEntity
  8
PDF_Solid Fills
440
 33554559
100
AcDbHatch
 10
0.0
 20
0.0
 30
0.0
210
0.0
220
0.0
230
1.0
  2
SOLID
 70
     1
 71
     0
 91
        1
 92
        3
 72
     0
 73
     1
 93
        7
 10
12.31255008678555
 20
10.07475749830389
 10
12.31255008678555
 20
10.16655455880389
 10
12.31255008678555
 20
10.16655455880389
 10
11.94527116950777
 20
10.16655455880389
 10
11.94527116950777
 20
10.16655455880389
 10
11.94527116950777
 20
10.07475749830389
 10
11.94527116950777
 20
10.07475749830389
 97
        0
 75
     0
 76
     1
 98
        1
 10
0.0
 20
0.0
450
        0
451
        0
460
0.0
461
0.0
452
        0
462
0.0
453
        0
470

  0
HATCH
  5
338
330
1F
100
AcDbEntity
  8
PDF_Solid Fills
440
 33554559
100
AcDbHatch
 10
0.0
 20
0.0
 30
0.0
210
0.0
220
0.0
230
1.0
  2
SOLID
 70
     1
 71
     0
 91
        1
 92
        3
 72
     0
 73
     1
 93
        7
 10
12.65592441011888
 20
9.230244231192777
 10
12.65592441011888
 20
9.322041291692777
 10
12.65592441011888
 20
9.322041291692777
 10
12.55955472489666
 20
9.322041291692777
 10
12.55955472489666
 20
9.322041291692777
 10
12.55955472489666
 20
9.230244231192777
 10
12.55955472489666
 20
9.230244231192777
 97
        0
 75
     0
 76
     1
 98
        1
 10
0.0
 20
0.0
450
        0
451
        0
460
0.0
461
0.0
452
        0
462
0.0
453
        0
470

  0
HATCH
  5
339
330
1F
100
AcDbEntity
  8
PDF_Solid Fills
440
 33554559
100
AcDbHatch
 10
0.0
 20
0.0
 30
0.0
210
0.0
220
0.0
230
1.0
  2
SOLID
 70
     1
 71
     0
 91
        1
 92
        3
 72
     0
 73
     1
 93
        7
 10
12.65592441011888
 20
9.230244231192777
 10
12.65592441011888
 20
9.322041291692777
 10
12.65592441011888
 20
9.322041291692777
 10
12.55955472489666
 20
9.322041291692777
 10
12.55955472489666
 20
9.322041291692777
 10
12.55955472489666
 20
9.230244231192777
 10
12.55955472489666
 20
9.230244231192777
 97
        0
 75
     0
 76
     1
 98
        1
 10
0.0
 20
0.0
450
        0
451
        0
460
0.0
461
0.0
452
        0
462
0.0
453
        0
470

  0
HATCH
  5
33A
330
1F
100
AcDbEntity
  8
PDF_Solid Fills
440
 33554559
100
AcDbHatch
 10
0.0
 20
0.0
 30
0.0
210
0.0
220
0.0
230
1.0
  2
SOLID
 70
     1
 71
     0
 91
        1
 92
        3
 72
     0
 73
     1
 93
        7
 10
12.83908847122999
 20
9.230244231192777
 10
12.83908847122999
 20
9.322041291692777
 10
12.83908847122999
 20
9.322041291692777
 10
12.6834637873411
 20
9.322041291692777
 10
12.6834637873411
 20
9.322041291692777
 10
12.6834637873411
 20
9.230244231192777
 10
12.6834637873411
 20
9.230244231192777
 97
        0
 75
     0
 76
     1
 98
        1
 10
0.0
 20
0.0
450
        0
451
        0
460
0.0
461
0.0
452
        0
462
0.0
453
        0
470

  0
HATCH
  5
33B
330
1F
100
AcDbEntity
  8
PDF_Solid Fills
440
 33554559
100
AcDbHatch
 10
0.0
 20
0.0
 30
0.0
210
0.0
220
0.0
230
1.0
  2
SOLID
 70
     1
 71
     0
 91
        1
 92
        3
 72
     0
 73
     1
 93
        7
 10
12.83908847122999
 20
9.230244231192777
 10
12.83908847122999
 20
9.322041291692777
 10
12.83908847122999
 20
9.322041291692777
 10
12.6834637873411
 20
9.322041291692777
 10
12.6834637873411
 20
9.322041291692777
 10
12.6834637873411
 20
9.230244231192777
 10
12.6834637873411
 20
9.230244231192777
 97
        0
 75
     0
 76
     1
 98
        1
 10
0.0
 20
0.0
450
        0
451
        0
460
0.0
461
0.0
452
        0
462
0.0
453
        0
470

  0
HATCH
  5
33C
330
1F
100
AcDbEntity
  8
PDF_Solid Fills
440
 33554559
100
AcDbHatch
 10
0.0
 20
0.0
 30
0.0
210
0.0
220
0.0
230
1.0
  2
SOLID
 70
     1
 71
     0
 91
        1
 92
        3
 72
     0
 73
     1
 93
        7
 10
12.93906185106333
 20
9.230244231192777
 10
12.93906185106333
 20
9.322041291692777
 10
12.93906185106333
 20
9.322041291692777
 10
12.86662784845222
 20
9.322041291692777
 10
12.86662784845222
 20
9.322041291692777
 10
12.86662784845222
 20
9.230244231192777
 10
12.86662784845222
 20
9.230244231192777
 97
        0
 75
     0
 76
     1
 98
        1
 10
0.0
 20
0.0
450
        0
451
        0
460
0.0
461
0.0
452
        0
462
0.0
453
        0
470

  0
HATCH
  5
33D
330
1F
100
AcDbEntity
  8
PDF_Solid Fills
440
 33554559
100
AcDbHatch
 10
0.0
 20
0.0
 30
0.0
210
0.0
220
0.0
230
1.0
  2
SOLID
 70
     1
 71
     0
 91
        1
 92
        3
 72
     0
 73
     1
 93
        7
 10
12.93906185106333
 20
9.230244231192777
 10
12.93906185106333
 20
9.322041291692777
 10
12.93906185106333
 20
9.322041291692777
 10
12.86662784845222
 20
9.322041291692777
 10
12.86662784845222
 20
9.322041291692777
 10
12.86662784845222
 20
9.230244231192777
 10
12.86662784845222
 20
9.230244231192777
 97
        0
 75
     0
 76
     1
 98
        1
 10
0.0
 20
0.0
450
        0
451
        0
460
0.0
461
0.0
452
        0
462
0.0
453
        0
470

  0
HATCH
  5
33E
330
1F
100
AcDbEntity
  8
PDF_Solid Fills
440
 33554559
100
AcDbHatch
 10
0.0
 20
0.0
 30
0.0
210
0.0
220
0.0
230
1.0
  2
SOLID
 70
     1
 71
     0
 91
        1
 92
        3
 72
     0
 73
     1
 93
        7
 10
13.04441357022999
 20
9.230244231192777
 10
13.04441357022999
 20
9.322041291692777
 10
13.04441357022999
 20
9.322041291692777
 10
12.96660122828555
 20
9.322041291692777
 10
12.96660122828555
 20
9.322041291692777
 10
12.96660122828555
 20
9.230244231192777
 10
12.96660122828555
 20
9.230244231192777
 97
        0
 75
     0
 76
     1
 98
        1
 10
0.0
 20
0.0
450
        0
451
        0
460
0.0
461
0.0
452
        0
462
0.0
453
        0
470

  0
HATCH
  5
33F
330
1F
100
AcDbEntity
  8
PDF_Solid Fills
440
 33554559
100
AcDbHatch
 10
0.0
 20
0.0
 30
0.0
210
0.0
220
0.0
230
1.0
  2
SOLID
 70
     1
 71
     0
 91
        1
 92
        3
 72
     0
 73
     1
 93
        7
 10
13.04441357022999
 20
9.230244231192777
 10
13.04441357022999
 20
9.322041291692777
 10
13.04441357022999
 20
9.322041291692777
 10
12.96660122828555
 20
9.322041291692777
 10
12.96660122828555
 20
9.322041291692777
 10
12.96660122828555
 20
9.230244231192777
 10
12.96660122828555
 20
9.230244231192777
 97
        0
 75
     0
 76
     1
 98
        1
 10
0.0
 20
0.0
450
        0
451
        0
460
0.0
461
0.0
452
        0
462
0.0
453
        0
470

  0
HATCH
  5
340
330
1F
100
AcDbEntity
  8
PDF_Solid Fills
440
 33554559
100
AcDbHatch
 10
0.0
 20
0.0
 30
0.0
210
0.0
220
0.0
230
1.0
  2
SOLID
 70
     1
 71
     0
 91
        1
 92
        3
 72
     0
 73
     1
 93
        7
 10
13.57144030581333
 20
10.24002225958166
 10
13.57144030581333
 20
10.394241476665
 10
13.57144030581333
 20
10.394241476665
 10
13.34063027231333
 20
10.394241476665
 10
13.34063027231333
 20
10.394241476665
 10
13.34063027231333
 20
10.24002225958166
 10
13.34063027231333
 20
10.24002225958166
 97
        0
 75
     0
 76
     1
 98
        1
 10
0.0
 20
0.0
450
        0
451
        0
460
0.0
461
0.0
452
        0
462
0.0
453
        0
470

  0
HATCH
  5
341
330
1F
100
AcDbEntity
  8
PDF_Solid Fills
 62
     7
440
 33554559
100
AcDbHatch
 10
0.0
 20
0.0
 30
0.0
210
0.0
220
0.0
230
1.0
  2
SOLID
 70
     1
 71
     0
 91
        2
 92
        2
 72
     0
 73
     1
 93
        2
 10
13.38119709622999
 20
10.41627168308166
 10
13.38157016022999
 20
10.41626650163722
 97
        0
 92
        2
 72
     1
 73
     1
 93
        2
 10
13.38157016022484
 20
10.41626650163721
 42
0.4137931939431211
 10
13.38119450550777
 20
10.41664215635944
 42
0.0
 97
        0
 75
     0
 76
     1
 98
        1
 10
0.0
 20
0.0
450
        0
451
        0
460
0.0
461
0.0
452
        0
462
0.0
453
        0
470

  0
HATCH
  5
342
330
1F
100
AcDbEntity
  8
PDF_Solid Fills
 62
     7
440
 33554559
100
AcDbHatch
 10
0.0
 20
0.0
 30
0.0
210
0.0
220
0.0
230
1.0
  2
SOLID
 70
     1
 71
     0
 91
        3
 92
        2
 72
     0
 73
     1
 93
        2
 10
13.53087348189666
 20
10.41627168308166
 10
13.53123618300777
 20
10.41626650163722
 97
        0
 92
        2
 72
     1
 73
     1
 93
        2
 10
13.53087348189675
 20
10.41590380057645
 42
0.4152420814774508
 10
13.53123618300777
 20
10.41626650163722
 42
0.0
 97
        0
 92
        2
 72
     1
 73
     1
 93
        2
 10
13.5305107808251
 20
10.41626650163715
 42
0.4152421701289797
 10
13.53087348189666
 20
10.41590380052611
 42
0.0
 97
        0
 75
     0
 76
     1
 98
        1
 10
0.0
 20
0.0
450
        0
451
        0
460
0.0
461
0.0
452
        0
462
0.0
453
        0
470

  0
HATCH
  5
343
330
1F
100
AcDbEntity
  8
PDF_Solid Fills
440
 33554559
100
AcDbHatch
 10
0.0
 20
0.0
 30
0.0
210
0.0
220
0.0
230
1.0
  2
SOLID
 70
     1
 71
     0
 91
        1
 92
        3
 72
     0
 73
     1
 93
        7
 10
13.35926015581333
 20
10.43830318485944
 10
13.35926015581333
 20
10.59252240194277
 10
13.35926015581333
 20
10.59252240194277
 10
13.03507272125777
 20
10.59252240194277
 10
13.03507272125777
 20
10.59252240194277
 10
13.03507272125777
 20
10.43830318485944
 10
13.03507272125777
 20
10.43830318485944
 97
        0
 75
     0
 76
     1
 98
        1
 10
0.0
 20
0.0
450
        0
451
        0
460
0.0
461
0.0
452
        0
462
0.0
453
        0
470

  0
HATCH
  5
344
330
1F
100
AcDbEntity
  8
PDF_Solid Fills
 62
     7
440
 33554559
100
AcDbHatch
 10
0.0
 20
0.0
 30
0.0
210
0.0
220
0.0
230
1.0
  2
SOLID
 70
     1
 71
     0
 91
        2
 92
        2
 72
     0
 73
     1
 93
        2
 10
13.01313837156333
 20
10.41627168308166
 10
13.01350625411888
 20
10.41626650163722
 97
        0
 92
        2
 72
     1
 73
     1
 93
        2
 10
13.01314355300784
 20
10.41664215626665
 42
0.4137932044647283
 10
13.01276789828555
 20
10.41626650163722
 42
0.0
 97
        0
 75
     0
 76
     1
 98
        1
 10
0.0
 20
0.0
450
        0
451
        0
460
0.0
461
0.0
452
        0
462
0.0
453
        0
470

  0
HATCH
  5
345
330
1F
100
AcDbEntity
  8
PDF_Solid Fills
 62
     7
440
 33554559
100
AcDbHatch
 10
0.0
 20
0.0
 30
0.0
210
0.0
220
0.0
230
1.0
  2
SOLID
 70
     1
 71
     0
 91
        2
 92
        2
 72
     0
 73
     1
 93
        2
 10
13.38119709622999
 20
10.41627168308166
 10
13.38157016022999
 20
10.41626650163722
 97
        0
 92
        2
 72
     1
 73
     1
 93
        2
 10
13.38157016022484
 20
10.41626650163721
 42
0.4137931939431211
 10
13.38119450550777
 20
10.41664215635944
 42
0.0
 97
        0
 75
     0
 76
     1
 98
        1
 10
0.0
 20
0.0
450
        0
451
        0
460
0.0
461
0.0
452
        0
462
0.0
453
        0
470

  0
HATCH
  5
346
330
1F
100
AcDbEntity
  8
PDF_Solid Fills
440
 33554559
100
AcDbHatch
 10
0.0
 20
0.0
 30
0.0
210
0.0
220
0.0
230
1.0
  2
SOLID
 70
     1
 71
     0
 91
        1
 92
        3
 72
     0
 73
     1
 93
        7
 10
14.64249927764667
 20
7.881840673303887
 10
14.48828135592444
 20
7.881840673303887
 10
14.48828135592444
 20
7.881840673303887
 10
14.48828135592444
 20
7.464277133053888
 10
14.48828135592444
 20
7.464277133053888
 10
14.64250057300777
 20
7.464278428414999
 10
14.64250057300777
 20
7.464278428414999
 97
        0
 75
     0
 76
     1
 98
        1
 10
0.0
 20
0.0
450
        0
451
        0
460
0.0
461
0.0
452
        0
462
0.0
453
        0
470

  0
LWPOLYLINE
  5
34B
330
1F
100
AcDbEntity
  8
PDF_Geometry
370
     9
100
AcDbPolyline
 90
       22
 70
     1
 43
0.0
 10
2.713797942790278
 20
2.520208298761943
 10
2.713797942790278
 20
2.519376676928612
 10
2.724553326095833
 20
2.530457195873058
 10
2.797452363345833
 20
2.530457195873058
 10
2.802348828345832
 20
2.524336614623056
 10
2.842089211873611
 20
2.524336614623056
 10
2.846984381512501
 20
2.530457195873058
 10
2.919883418762501
 20
2.530457195873058
 10
2.960274073568055
 20
2.488843720178611
 10
2.990154168318055
 20
2.488843720178611
 10
3.030543527762501
 20
2.530457195873058
 10
3.040068318012501
 20
2.530457195873058
 10
3.040068318012501
 20
2.531037517650833
 10
3.030298704512499
 20
2.531037517650833
 10
2.989908049706945
 20
2.489422746595277
 10
2.960520192179167
 20
2.489422746595277
 10
2.920128242012498
 20
2.531037517650833
 10
2.846705878873613
 20
2.531037517650833
 10
2.841809413873611
 20
2.524916936400831
 10
2.802627330984723
 20
2.524916936400831
 10
2.797730865984724
 20
2.531037517650833
 10
2.724308502845834
 20
2.531037517650833
  0
LWPOLYLINE
  5
34C
330
1F
100
AcDbEntity
  8
PDF_Geometry
370
     9
100
AcDbPolyline
 90
       76
 70
     1
 43
0.0
 10
4.77818385690139
 20
2.791344219011943
 10
4.7787214317625
 20
2.791126598345275
 10
4.784217648956945
 20
2.804733071456389
 10
4.796463992901389
 20
2.817444450039722
 10
4.825853145790278
 20
2.817444450039722
 10
4.866243800595834
 20
2.77582967898417
 10
4.939667459095834
 20
2.77582967898417
 10
4.944562628734723
 20
2.781950260234168
 10
4.983746006984723
 20
2.781950260234168
 10
4.988641176623612
 20
2.77582967898417
 10
5.062064835123612
 20
2.77582967898417
 10
5.102455489929167
 20
2.817444450039722
 10
5.131844642818056
 20
2.817444450039722
 10
5.172235297623612
 20
2.77582967898417
 10
5.2456576607625
 20
2.77582967898417
 10
5.250554125762501
 20
2.781950260234168
 10
5.289736208651389
 20
2.781950260234168
 10
5.294632673651389
 20
2.77582967898417
 10
5.368055036790279
 20
2.77582967898417
 10
5.408445691595834
 20
2.817444450039722
 10
5.437834844484723
 20
2.817444450039722
 10
5.478225499290279
 20
2.77582967898417
 10
5.551649157790278
 20
2.77582967898417
 10
5.556545622790277
 20
2.781950260234168
 10
5.595726410318056
 20
2.781950260234168
 10
5.600622875318056
 20
2.77582967898417
 10
5.674046533818056
 20
2.77582967898417
 10
5.714437188623612
 20
2.817444450039722
 10
5.743825046151389
 20
2.817444450039722
 10
5.784216996318056
 20
2.77582967898417
 10
5.857639359456945
 20
2.77582967898417
 10
5.862535824456945
 20
2.781950260234168
 10
5.901717907345834
 20
2.781950260234168
 10
5.906614372345834
 20
2.77582967898417
 10
5.980036735484723
 20
2.77582967898417
 10
6.020427390290278
 20
2.817444450039722
 10
6.049816543179167
 20
2.817444450039722
 10
6.090207197984722
 20
2.77582967898417
 10
6.099975516123611
 20
2.77582967898417
 10
6.099975516123611
 20
2.776410000761945
 10
6.090452021234723
 20
2.776410000761945
 10
6.050061366429167
 20
2.818024771817501
 10
6.020182567040277
 20
2.818024771817501
 10
5.979791912234723
 20
2.776410000761945
 10
5.906892874984722
 20
2.776410000761945
 10
5.901996409984723
 20
2.782530582011943
 10
5.862257321818056
 20
2.782530582011943
 10
5.857360856818057
 20
2.776410000761945
 10
5.784461819568056
 20
2.776410000761945
 10
5.7440711647625
 20
2.818024771817501
 10
5.714192365373611
 20
2.818024771817501
 10
5.673801710568056
 20
2.776410000761945
 10
5.600901377956946
 20
2.776410000761945
 10
5.596006208318055
 20
2.782530582011943
 10
5.556265824790278
 20
2.782530582011943
 10
5.551370655151389
 20
2.776410000761945
 10
5.478470322540278
 20
2.776410000761945
 10
5.438079667734723
 20
2.818024771817501
 10
5.408200868345834
 20
2.818024771817501
 10
5.367810213540278
 20
2.776410000761945
 10
5.294909880929167
 20
2.776410000761945
 10
5.290014711290279
 20
2.782530582011943
 10
5.250275623123611
 20
2.782530582011943
 10
5.245379158123611
 20
2.776410000761945
 10
5.172480120873611
 20
2.776410000761945
 10
5.132089466068057
 20
2.818024771817501
 10
5.102210666679167
 20
2.818024771817501
 10
5.0618187165125
 20
2.776410000761945
 10
4.988919679262501
 20
2.776410000761945
 10
4.984024509623612
 20
2.782530582011943
 10
4.944284126095834
 20
2.782530582011943
 10
4.939388956456944
 20
2.776410000761945
 10
4.866488623845834
 20
2.776410000761945
 10
4.826097969040278
 20
2.818024771817501
 10
4.796217874290278
 20
2.818024771817501
 10
4.783722821012501
 20
2.805053025650835
  0
LWPOLYLINE
  5
34D
330
1F
100
AcDbEntity
  8
PDF_Geometry
370
     9
100
AcDbPolyline
 90
       76
 70
     1
 43
0.0
 10
3.431823083484723
 20
2.791344219011943
 10
3.432360658345833
 20
2.791126598345275
 10
3.437858170901389
 20
2.804733071456389
 10
3.450104514845833
 20
2.817444450039722
 10
3.479493667734724
 20
2.817444450039722
 10
3.519884322540278
 20
2.77582967898417
 10
3.593307981040277
 20
2.77582967898417
 10
3.598203150679168
 20
2.781950260234168
 10
3.637386528929169
 20
2.781950260234168
 10
3.642281698568057
 20
2.77582967898417
 10
3.715705357068054
 20
2.77582967898417
 10
3.75609601187361
 20
2.817444450039722
 10
3.7854851647625
 20
2.817444450039722
 10
3.825874524206946
 20
2.77582967898417
 10
3.899298182706945
 20
2.77582967898417
 10
3.904194647706945
 20
2.781950260234168
 10
3.943376730595834
 20
2.781950260234168
 10
3.948271900234723
 20
2.77582967898417
 10
4.021695558734722
 20
2.77582967898417
 10
4.062086213540278
 20
2.817444450039722
 10
4.091475366429167
 20
2.817444450039722
 10
4.131866021234722
 20
2.77582967898417
 10
4.205289679734723
 20
2.77582967898417
 10
4.210184849373612
 20
2.781950260234168
 10
4.249368227623611
 20
2.781950260234168
 10
4.254263397262501
 20
2.77582967898417
 10
4.327687055762501
 20
2.77582967898417
 10
4.368077710568057
 20
2.817444450039722
 10
4.397466863456944
 20
2.817444450039722
 10
4.437856222901389
 20
2.77582967898417
 10
4.511279881401389
 20
2.77582967898417
 10
4.516176346401389
 20
2.781950260234168
 10
4.555358429290278
 20
2.781950260234168
 10
4.560253598929167
 20
2.77582967898417
 10
4.633677257429167
 20
2.77582967898417
 10
4.674067912234724
 20
2.817444450039722
 10
4.703457065123611
 20
2.817444450039722
 10
4.743847719929167
 20
2.77582967898417
 10
4.753616038068056
 20
2.77582967898417
 10
4.753616038068056
 20
2.776410000761945
 10
4.744092543179167
 20
2.776410000761945
 10
4.703701888373612
 20
2.818024771817501
 10
4.673823088984722
 20
2.818024771817501
 10
4.633432434179168
 20
2.776410000761945
 10
4.560532101568056
 20
2.776410000761945
 10
4.555636931929167
 20
2.782530582011943
 10
4.515897843762501
 20
2.782530582011943
 10
4.5110013787625
 20
2.776410000761945
 10
4.4381023415125
 20
2.776410000761945
 10
4.397711686706945
 20
2.818024771817501
 10
4.367832887318056
 20
2.818024771817501
 10
4.327440937151389
 20
2.776410000761945
 10
4.254541899901389
 20
2.776410000761945
 10
4.2496467302625
 20
2.782530582011943
 10
4.209906346734722
 20
2.782530582011943
 10
4.205009881734723
 20
2.776410000761945
 10
4.132110844484722
 20
2.776410000761945
 10
4.091720189679167
 20
2.818024771817501
 10
4.061841390290278
 20
2.818024771817501
 10
4.021450735484722
 20
2.776410000761945
 10
3.948551698234723
 20
2.776410000761945
 10
3.943655233234723
 20
2.782530582011943
 10
3.903916145068056
 20
2.782530582011943
 10
3.899019680068056
 20
2.776410000761945
 10
3.826120642818056
 20
2.776410000761945
 10
3.785729988012501
 20
2.818024771817501
 10
3.7558498932625
 20
2.818024771817501
 10
3.715459238456944
 20
2.776410000761945
 10
3.642560201206946
 20
2.776410000761945
 10
3.637663736206945
 20
2.782530582011943
 10
3.597924648040279
 20
2.782530582011943
 10
3.593029478401389
 20
2.776410000761945
 10
3.52013044115139
 20
2.776410000761945
 10
3.479738490984724
 20
2.818024771817501
 10
3.449858396234721
 20
2.818024771817501
 10
3.437363342956945
 20
2.805053025650835
  0
LWPOLYLINE
  5
34E
330
1F
100
AcDbEntity
  8
PDF_Geometry
370
     9
100
AcDbPolyline
 90
       26
 70
     1
 43
0.0
 10
10.1018434070125
 20
3.165642698150836
 10
10.10101178517917
 20
3.165642698150836
 10
10.09686015281805
 20
3.161615420456392
 10
10.09686015281805
 20
3.131736621067499
 10
10.13847492387361
 20
3.091344670900831
 10
10.13847492387361
 20
3.018444338289725
 10
10.13235563798472
 20
3.013549168650833
 10
10.13235563798472
 20
2.973810080484167
 10
10.13847492387361
 20
2.968914910845278
 10
10.13847492387361
 20
2.896014578234169
 10
10.09686015281805
 20
2.8556226280675
 10
10.09686015281805
 20
2.825743828678611
 10
10.13847492387361
 20
2.785354469234167
 10
10.13847492387361
 20
2.77582967898417
 10
10.13905524565139
 20
2.77582967898417
 10
10.13905524565139
 20
2.785597997123058
 10
10.09744047459583
 20
2.825989947289723
 10
10.09744047459583
 20
2.855379100178613
 10
10.13905524565139
 20
2.895768459623059
 10
10.13905524565139
 20
2.969192118123057
 10
10.13293466440139
 20
2.974087287761946
 10
10.13293466440139
 20
3.013271961373057
 10
10.13905524565139
 20
3.018165835650837
 10
10.13905524565139
 20
3.091590789511943
 10
10.09744047459583
 20
3.13198014895639
 10
10.09744047459583
 20
3.16136800648417
  0
LWPOLYLINE
  5
34F
330
1F
100
AcDbEntity
  8
PDF_Geometry
370
     9
100
AcDbPolyline
 90
       76
 70
     1
 43
0.0
 10
2.942238760818056
 20
2.515522977623056
 10
2.947777724929167
 20
2.501812875623055
 10
2.960272778206944
 20
2.488843720178611
 10
2.990154168318055
 20
2.488843720178611
 10
3.030543527762501
 20
2.530457195873058
 10
3.103443860373613
 20
2.530457195873058
 10
3.108340325373612
 20
2.524336614623056
 10
3.148079413540277
 20
2.524336614623056
 10
3.152974583179167
 20
2.530457195873058
 10
3.225874915790278
 20
2.530457195873058
 10
3.266265570595836
 20
2.488843720178611
 10
3.296144369984723
 20
2.488843720178611
 10
3.336535024790279
 20
2.530457195873058
 10
3.409434062040279
 20
2.530457195873058
 10
3.414330527040279
 20
2.524336614623056
 10
3.454069615206945
 20
2.524336614623056
 10
3.458966080206944
 20
2.530457195873058
 10
3.531865117456946
 20
2.530457195873058
 10
3.572255772262502
 20
2.488843720178611
 10
3.602134571651389
 20
2.488843720178611
 10
3.642526521818057
 20
2.530457195873058
 10
3.715425559068056
 20
2.530457195873058
 10
3.720320728706946
 20
2.524336614623056
 10
3.760061112234723
 20
2.524336614623056
 10
3.764956281873612
 20
2.530457195873058
 10
3.837856614484723
 20
2.530457195873058
 10
3.878247269290278
 20
2.488843720178611
 10
3.908126068679168
 20
2.488843720178611
 10
3.948516723484723
 20
2.530457195873058
 10
4.021415760734723
 20
2.530457195873058
 10
4.026312225734723
 20
2.524336614623056
 10
4.06605131390139
 20
2.524336614623056
 10
4.070947778901389
 20
2.530457195873058
 10
4.143846816151389
 20
2.530457195873058
 10
4.184237470956944
 20
2.488843720178611
 10
4.214116270345834
 20
2.488843720178611
 10
4.254508220512501
 20
2.530457195873058
 10
4.264030420040278
 20
2.530457195873058
 10
4.264030420040278
 20
2.531037517650833
 10
4.25426210190139
 20
2.531037517650833
 10
4.213871447095834
 20
2.489422746595277
 10
4.184482294206945
 20
2.489422746595277
 10
4.14409163940139
 20
2.531037517650833
 10
4.0706692762625
 20
2.531037517650833
 10
4.0657728112625
 20
2.524916936400831
 10
4.026590728373612
 20
2.524916936400831
 10
4.021695558734722
 20
2.531037517650833
 10
3.948271900234723
 20
2.531037517650833
 10
3.907881245429168
 20
2.489422746595277
 10
3.878492092540278
 20
2.489422746595277
 10
3.838101437734723
 20
2.531037517650833
 10
3.764677779234723
 20
2.531037517650833
 10
3.759782609595833
 20
2.524916936400831
 10
3.720600526706944
 20
2.524916936400831
 10
3.715704061706944
 20
2.531037517650833
 10
3.642280403206946
 20
2.531037517650833
 10
3.60188974840139
 20
2.489422746595277
 10
3.572501890873613
 20
2.489422746595277
 10
3.532109940706946
 20
2.531037517650833
 10
3.458687577568056
 20
2.531037517650833
 10
3.453791112568056
 20
2.524916936400831
 10
3.414609029679168
 20
2.524916936400831
 10
3.409712564679167
 20
2.531037517650833
 10
3.33629020154028
 20
2.531037517650833
 10
3.295899546734721
 20
2.489422746595277
 10
3.266510393845834
 20
2.489422746595277
 10
3.22611973904028
 20
2.531037517650833
 10
3.152696080540278
 20
2.531037517650833
 10
3.14780091090139
 20
2.524916936400831
 10
3.108618828012502
 20
2.524916936400831
 10
3.103722363012501
 20
2.531037517650833
 10
3.030298704512499
 20
2.531037517650833
 10
2.989908049706945
 20
2.489422746595277
 10
2.960520192179167
 20
2.489422746595277
 10
2.948272552873612
 20
2.502134125178613
 10
2.942776335679168
 20
2.515739302928615
  0
LWPOLYLINE
  5
350
330
1F
100
AcDbEntity
  8
PDF_Geometry
370
     9
100
AcDbPolyline
 90
       81
 70
     1
 43
0.0
 10
4.630719948012501
 20
2.537107579817501
 10
4.631051560456945
 20
2.535870509956389
 10
4.631591726040277
 20
2.534708571039718
 10
4.632326195790279
 20
2.533660623900832
 10
4.633231653206945
 20
2.532755166484168
 10
4.634279600345834
 20
2.532021992095277
 10
4.635440243901389
 20
2.531479235789721
 10
4.63667601840139
 20
2.531150214067501
 10
4.637951949095834
 20
2.531037517650833
 10
4.708941624068056
 20
2.531037517650833
 10
4.71021625940139
 20
2.531150214067501
 10
4.7114533292625
 20
2.531479235789721
 10
4.712613972818056
 20
2.532021992095277
 10
4.713661919956946
 20
2.532755166484168
 10
4.714567377373611
 20
2.533660623900832
 10
4.715301847123612
 20
2.534708571039718
 10
4.715843308068056
 20
2.535870509956389
 10
4.71617362515139
 20
2.537107579817501
 10
4.716285026206945
 20
2.538382215150832
 10
4.716285026206945
 20
2.561636537817502
 10
4.7144494995125
 20
2.561636537817502
 10
4.7144494995125
 20
2.538382215150832
 10
4.714365301040277
 20
2.537424943289721
 10
4.714117887068056
 20
2.536497464734164
 10
4.713712439040278
 20
2.53562827742861
 10
4.713160615206945
 20
2.534840697873054
 10
4.712481845984723
 20
2.534161928650831
 10
4.711695561790278
 20
2.533611400178614
 10
4.710825079123612
 20
2.533204656789724
 10
4.709897600568056
 20
2.53295594745639
 10
4.708941624068056
 20
2.532873044345279
 10
4.637951949095834
 20
2.532873044345279
 10
4.63687679937361
 20
2.532979263956391
 10
4.635844396568057
 20
2.533292741345277
 10
4.63489230615139
 20
2.533801818261942
 10
4.634056798234722
 20
2.534487064289724
 10
4.633372847568057
 20
2.53532127684528
 10
4.632863770651389
 20
2.536273367261944
 10
4.632550293262501
 20
2.53730706542861
 10
4.632444073651389
 20
2.538382215150832
 10
4.632444073651389
 20
2.768487572206392
 10
4.632550293262501
 20
2.769560131206389
 10
4.632863770651389
 20
2.770593829373055
 10
4.633372847568057
 20
2.771545919789723
 10
4.634056798234722
 20
2.772380132345279
 10
4.63489230615139
 20
2.773065378373054
 10
4.635844396568057
 20
2.773574455289722
 10
4.63687679937361
 20
2.773887932678611
 10
4.637951949095834
 20
2.773994152289724
 10
4.708941624068056
 20
2.773994152289724
 10
4.709897600568056
 20
2.77391124917861
 10
4.710825079123612
 20
2.773662539845275
 10
4.711695561790278
 20
2.773255796456389
 10
4.712481845984723
 20
2.772705267984168
 10
4.713160615206945
 20
2.772026498761945
 10
4.713712439040278
 20
2.771238919206385
 10
4.714117887068056
 20
2.770369731900835
 10
4.714365301040277
 20
2.769442253345275
 10
4.7144494995125
 20
2.768487572206392
 10
4.7144494995125
 20
2.745230658817501
 10
4.716285026206945
 20
2.745230658817501
 10
4.716285026206945
 20
2.768487572206392
 10
4.71617362515139
 20
2.769762207539724
 10
4.715843308068056
 20
2.770996686678607
 10
4.715301847123612
 20
2.772158625595277
 10
4.714567377373611
 20
2.773206572734167
 10
4.713661919956946
 20
2.774112030150831
 10
4.712613972818056
 20
2.774845204539726
 10
4.7114533292625
 20
2.775387960845279
 10
4.71021625940139
 20
2.775719573289723
 10
4.708941624068056
 20
2.77582967898417
 10
4.637951949095834
 20
2.77582967898417
 10
4.636519279706945
 20
2.775689779984169
 10
4.635141015484723
 20
2.775271378345276
 10
4.633871561595833
 20
2.774592609123057
 10
4.632758846401389
 20
2.773679379539725
 10
4.631845616818056
 20
2.77256666434528
 10
4.631166847595834
 20
2.771297210456388
 10
4.630749741318056
 20
2.769918946234167
 10
4.630608546956945
 20
2.768487572206392
 10
4.630608546956945
 20
2.538382215150832
  0
LWPOLYLINE
  5
351
330
1F
100
AcDbEntity
  8
PDF_Geometry
370
     9
100
AcDbPolyline
 90
       81
 70
     1
 43
0.0
 10
3.3210787760125
 20
2.537107579817501
 10
3.321410388456944
 20
2.535870509956389
 10
3.321950554040279
 20
2.534708571039718
 10
3.322685023790278
 20
2.533660623900832
 10
3.323590481206946
 20
2.532755166484168
 10
3.324639723706947
 20
2.532021992095277
 10
3.32579907190139
 20
2.531479235789721
 10
3.3270361417625
 20
2.531150214067501
 10
3.328312072456945
 20
2.531037517650833
 10
3.399301747429166
 20
2.531037517650833
 10
3.400734416818057
 20
2.531178712011943
 10
3.402111385679167
 20
2.531595818289719
 10
3.403380839568057
 20
2.532274587511942
 10
3.4044935547625
 20
2.533189112456391
 10
3.405406784345833
 20
2.534300532289723
 10
3.406085553568055
 20
2.535571281539723
 10
3.406503955206945
 20
2.536948250400833
 10
3.406645149568055
 20
2.538382215150832
 10
3.406645149568055
 20
2.768487572206392
 10
3.4065337485125
 20
2.769762207539724
 10
3.406202136068056
 20
2.770996686678607
 10
3.405660675123611
 20
2.772158625595277
 10
3.404926205373612
 20
2.773206572734167
 10
3.404022043318057
 20
2.774112030150831
 10
3.402972800818056
 20
2.774845204539726
 10
3.4018121572625
 20
2.775387960845279
 10
3.400576382762499
 20
2.775719573289723
 10
3.399301747429166
 20
2.77582967898417
 10
3.328312072456945
 20
2.77582967898417
 10
3.3270361417625
 20
2.775719573289723
 10
3.32579907190139
 20
2.775387960845279
 10
3.324639723706947
 20
2.774845204539726
 10
3.323590481206946
 20
2.774112030150831
 10
3.322685023790278
 20
2.773206572734167
 10
3.321950554040279
 20
2.772158625595277
 10
3.321410388456944
 20
2.770996686678607
 10
3.3210787760125
 20
2.769762207539724
 10
3.320967374956945
 20
2.768487572206392
 10
3.320967374956945
 20
2.745230658817501
 10
3.32280290165139
 20
2.745230658817501
 10
3.32280290165139
 20
2.768487572206392
 10
3.322887100123611
 20
2.769442253345275
 10
3.323135809456944
 20
2.770369731900835
 10
3.323541257484723
 20
2.771238919206385
 10
3.324091785956945
 20
2.772026498761945
 10
3.324770555179168
 20
2.772705267984168
 10
3.325556839373611
 20
2.773255796456389
 10
3.32642732204028
 20
2.773662539845275
 10
3.327354800595834
 20
2.77391124917861
 10
3.328312072456945
 20
2.773994152289724
 10
3.399301747429166
 20
2.773994152289724
 10
3.400375601790277
 20
2.773887932678611
 10
3.401408004595834
 20
2.773574455289722
 10
3.402361390373613
 20
2.773065378373054
 10
3.403195602929169
 20
2.772380132345279
 10
3.403880848956945
 20
2.771545919789723
 10
3.404389925873612
 20
2.770593829373055
 10
3.404703403262499
 20
2.769560131206389
 10
3.404808327512498
 20
2.768487572206392
 10
3.404808327512498
 20
2.538382215150832
 10
3.404703403262499
 20
2.53730706542861
 10
3.404389925873612
 20
2.536273367261944
 10
3.403880848956945
 20
2.53532127684528
 10
3.403195602929169
 20
2.534487064289724
 10
3.402361390373613
 20
2.533801818261942
 10
3.401408004595834
 20
2.533292741345277
 10
3.400375601790277
 20
2.532979263956391
 10
3.399301747429166
 20
2.532873044345279
 10
3.328312072456945
 20
2.532873044345279
 10
3.327354800595834
 20
2.53295594745639
 10
3.32642732204028
 20
2.533204656789724
 10
3.325556839373611
 20
2.533611400178614
 10
3.324770555179168
 20
2.534161928650831
 10
3.324091785956945
 20
2.534840697873054
 10
3.323541257484723
 20
2.53562827742861
 10
3.323135809456944
 20
2.536497464734164
 10
3.322887100123611
 20
2.537424943289721
 10
3.32280290165139
 20
2.538382215150832
 10
3.32280290165139
 20
2.561636537817502
 10
3.320967374956945
 20
2.561636537817502
 10
3.320967374956945
 20
2.538382215150832
  0
LWPOLYLINE
  5
352
330
1F
100
AcDbEntity
  8
PDF_Geometry
370
     9
100
AcDbPolyline
 90
        4
 70
     1
 43
0.0
 10
10.25288380792916
 20
2.537156803539719
 10
10.25777897756805
 20
2.537156803539719
 10
10.25777897756805
 20
2.781950260234168
 10
10.25288380792916
 20
2.781950260234168
  0
LWPOLYLINE
  5
353
330
1F
100
AcDbEntity
  8
PDF_Geometry
370
     9
100
AcDbPolyline
 90
        4
 70
     1
 43
0.0
 10
2.830770346484723
 20
2.531037517650833
 10
3.014364467484722
 20
2.531037517650833
 10
3.014364467484722
 20
2.538382215150832
 10
2.830770346484723
 20
2.538382215150832
  0
LWPOLYLINE
  5
354
330
1F
100
AcDbEntity
  8
PDF_Geometry
370
     9
100
AcDbPolyline
 90
       42
 70
     1
 43
0.0
 10
2.713797942790278
 20
2.81629028328972
 10
2.713797942790278
 20
2.81545736609528
 10
2.715726735484724
 20
2.817444450039722
 10
2.745115888373611
 20
2.817444450039722
 10
2.785506543179167
 20
2.77582967898417
 10
2.858930201679167
 20
2.77582967898417
 10
2.863825371318056
 20
2.781950260234168
 10
2.903007454206945
 20
2.781950260234168
 10
2.907903919206946
 20
2.77582967898417
 10
2.981327577706945
 20
2.77582967898417
 10
3.021718232512501
 20
2.817444450039722
 10
3.051106090040279
 20
2.817444450039722
 10
3.091496744845835
 20
2.77582967898417
 10
3.164920403345832
 20
2.77582967898417
 10
3.169816868345834
 20
2.781950260234168
 10
3.208998951234724
 20
2.781950260234168
 10
3.213894120873612
 20
2.77582967898417
 10
3.287317779373613
 20
2.77582967898417
 10
3.327708434179165
 20
2.817444450039722
 10
3.357097587068056
 20
2.817444450039722
 10
3.397488241873612
 20
2.77582967898417
 10
3.4072565600125
 20
2.77582967898417
 10
3.4072565600125
 20
2.776410000761945
 10
3.397733065123613
 20
2.776410000761945
 10
3.357342410318057
 20
2.818024771817501
 10
3.327463610929168
 20
2.818024771817501
 10
3.287072956123612
 20
2.776410000761945
 10
3.21417391887361
 20
2.776410000761945
 10
3.209277453873613
 20
2.782530582011943
 10
3.169537070345834
 20
2.782530582011943
 10
3.164641900706947
 20
2.776410000761945
 10
3.091742863456945
 20
2.776410000761945
 10
3.051350913290279
 20
2.818024771817501
 10
3.021472113901389
 20
2.818024771817501
 10
2.981081459095833
 20
2.776410000761945
 10
2.908182421845833
 20
2.776410000761945
 10
2.903285956845834
 20
2.782530582011943
 10
2.863546868679168
 20
2.782530582011943
 10
2.858651699040279
 20
2.776410000761945
 10
2.785751366429169
 20
2.776410000761945
 10
2.745360711623611
 20
2.818024771817501
 10
2.715481912234722
 20
2.818024771817501
  0
LWPOLYLINE
  5
355
330
1F
100
AcDbEntity
  8
PDF_Geometry
370
     9
100
AcDbPolyline
 90
        4
 70
     1
 43
0.0
 10
2.925627049929167
 20
3.165642698150836
 10
2.919507764040279
 20
3.165642698150836
 10
2.919507764040279
 20
2.538382215150832
 10
2.925627049929167
 20
2.538382215150832
  0
LWPOLYLINE
  5
356
330
1F
100
AcDbEntity
  8
PDF_Geometry
370
     9
100
AcDbPolyline
 90
       76
 70
     1
 43
0.0
 10
4.166202158206946
 20
2.515522977623056
 10
4.171741122318056
 20
2.501812875623055
 10
4.184236175595834
 20
2.488843720178611
 10
4.214116270345834
 20
2.488843720178611
 10
4.254508220512501
 20
2.530457195873058
 10
4.3274072577625
 20
2.530457195873058
 10
4.332302427401389
 20
2.524336614623056
 10
4.372042810929166
 20
2.524336614623056
 10
4.376937980568056
 20
2.530457195873058
 10
4.449837017818056
 20
2.530457195873058
 10
4.490228967984723
 20
2.488843720178611
 10
4.520107767373611
 20
2.488843720178611
 10
4.560498422179167
 20
2.530457195873058
 10
4.633397459429168
 20
2.530457195873058
 10
4.638293924429166
 20
2.524336614623056
 10
4.678033012595834
 20
2.524336614623056
 10
4.682929477595833
 20
2.530457195873058
 10
4.755828514845834
 20
2.530457195873058
 10
4.796219169651389
 20
2.488843720178611
 10
4.826097969040278
 20
2.488843720178611
 10
4.866488623845834
 20
2.530457195873058
 10
4.939388956456944
 20
2.530457195873058
 10
4.944284126095834
 20
2.524336614623056
 10
4.984024509623612
 20
2.524336614623056
 10
4.988919679262501
 20
2.530457195873058
 10
5.0618187165125
 20
2.530457195873058
 10
5.102210666679167
 20
2.488843720178611
 10
5.132089466068057
 20
2.488843720178611
 10
5.172480120873611
 20
2.530457195873058
 10
5.245379158123611
 20
2.530457195873058
 10
5.250275623123611
 20
2.524336614623056
 10
5.290014711290279
 20
2.524336614623056
 10
5.294909880929167
 20
2.530457195873058
 10
5.367810213540278
 20
2.530457195873058
 10
5.408200868345834
 20
2.488843720178611
 10
5.438079667734723
 20
2.488843720178611
 10
5.478470322540278
 20
2.530457195873058
 10
5.487995112790279
 20
2.530457195873058
 10
5.487995112790279
 20
2.531037517650833
 10
5.478225499290279
 20
2.531037517650833
 10
5.437834844484723
 20
2.489422746595277
 10
5.408445691595834
 20
2.489422746595277
 10
5.368055036790279
 20
2.531037517650833
 10
5.294632673651389
 20
2.531037517650833
 10
5.289736208651389
 20
2.524916936400831
 10
5.250554125762501
 20
2.524916936400831
 10
5.2456576607625
 20
2.531037517650833
 10
5.172235297623612
 20
2.531037517650833
 10
5.131844642818056
 20
2.489422746595277
 10
5.102455489929167
 20
2.489422746595277
 10
5.062064835123612
 20
2.531037517650833
 10
4.988641176623612
 20
2.531037517650833
 10
4.983746006984723
 20
2.524916936400831
 10
4.944562628734723
 20
2.524916936400831
 10
4.939667459095834
 20
2.531037517650833
 10
4.866243800595834
 20
2.531037517650833
 10
4.825853145790278
 20
2.489422746595277
 10
4.796463992901389
 20
2.489422746595277
 10
4.756073338095834
 20
2.531037517650833
 10
4.682649679595833
 20
2.531037517650833
 10
4.677754509956945
 20
2.524916936400831
 10
4.638572427068057
 20
2.524916936400831
 10
4.633675962068056
 20
2.531037517650833
 10
4.560253598929167
 20
2.531037517650833
 10
4.519862944123612
 20
2.489422746595277
 10
4.490473791234722
 20
2.489422746595277
 10
4.450083136429167
 20
2.531037517650833
 10
4.376659477929167
 20
2.531037517650833
 10
4.371764308290278
 20
2.524916936400831
 10
4.332580930040277
 20
2.524916936400831
 10
4.32768576040139
 20
2.531037517650833
 10
4.25426210190139
 20
2.531037517650833
 10
4.213871447095834
 20
2.489422746595277
 10
4.184482294206945
 20
2.489422746595277
 10
4.172235950262501
 20
2.502134125178613
 10
4.166738437706945
 20
2.515739302928615
  0
LWPOLYLINE
  5
357
330
1F
100
AcDbEntity
  8
PDF_Geometry
370
     9
100
AcDbPolyline
 90
       76
 70
     1
 43
0.0
 10
9.062054452401389
 20
2.515522977623056
 10
9.067593416512501
 20
2.501812875623055
 10
9.080089765151388
 20
2.488843720178611
 10
9.109969859901388
 20
2.488843720178611
 10
9.150360514706944
 20
2.530457195873058
 10
9.223259551956944
 20
2.530457195873058
 10
9.228156016956944
 20
2.524336614623056
 10
9.267895105123612
 20
2.524336614623056
 10
9.272791570123612
 20
2.530457195873058
 10
9.345690607373612
 20
2.530457195873058
 10
9.386081262179168
 20
2.488843720178611
 10
9.415960061568055
 20
2.488843720178611
 10
9.456352011734722
 20
2.530457195873058
 10
9.529251048984722
 20
2.530457195873058
 10
9.534146218623611
 20
2.524336614623056
 10
9.573886602151389
 20
2.524336614623056
 10
9.578781771790279
 20
2.530457195873058
 10
9.651682104401389
 20
2.530457195873058
 10
9.692072759206945
 20
2.488843720178611
 10
9.721951558595833
 20
2.488843720178611
 10
9.762342213401389
 20
2.530457195873058
 10
9.835241250651389
 20
2.530457195873058
 10
9.840137715651389
 20
2.524336614623056
 10
9.879876803818056
 20
2.524336614623056
 10
9.884773268818056
 20
2.530457195873058
 10
9.957672306068056
 20
2.530457195873058
 10
9.99806296087361
 20
2.488843720178611
 10
10.0279417602625
 20
2.488843720178611
 10
10.06833371042916
 20
2.530457195873058
 10
10.14123274767916
 20
2.530457195873058
 10
10.14612791731805
 20
2.524336614623056
 10
10.18586830084583
 20
2.524336614623056
 10
10.19076347048472
 20
2.530457195873058
 10
10.26366380309583
 20
2.530457195873058
 10
10.30405445790139
 20
2.488843720178611
 10
10.33393325729027
 20
2.488843720178611
 10
10.37432391209583
 20
2.530457195873058
 10
10.38384740698472
 20
2.530457195873058
 10
10.38384740698472
 20
2.531037517650833
 10
10.37407908884583
 20
2.531037517650833
 10
10.33368843404028
 20
2.489422746595277
 10
10.30429928115139
 20
2.489422746595277
 10
10.26390862634583
 20
2.531037517650833
 10
10.19048496784583
 20
2.531037517650833
 10
10.18558979820694
 20
2.524916936400831
 10
10.14640641995694
 20
2.524916936400831
 10
10.14151125031805
 20
2.531037517650833
 10
10.06808759181805
 20
2.531037517650833
 10
10.0276969370125
 20
2.489422746595277
 10
9.99830778412361
 20
2.489422746595277
 10
9.957917129318056
 20
2.531037517650833
 10
9.884494766179166
 20
2.531037517650833
 10
9.879598301179166
 20
2.524916936400831
 10
9.840416218290277
 20
2.524916936400831
 10
9.835519753290277
 20
2.531037517650833
 10
9.762097390151389
 20
2.531037517650833
 10
9.721706735345833
 20
2.489422746595277
 10
9.692317582456944
 20
2.489422746595277
 10
9.651926927651389
 20
2.531037517650833
 10
9.578503269151388
 20
2.531037517650833
 10
9.573608099512499
 20
2.524916936400831
 10
9.534424721262499
 20
2.524916936400831
 10
9.52952955162361
 20
2.531037517650833
 10
9.456105893123611
 20
2.531037517650833
 10
9.415715238318055
 20
2.489422746595277
 10
9.386326085429166
 20
2.489422746595277
 10
9.345935430623612
 20
2.531037517650833
 10
9.272513067484723
 20
2.531037517650833
 10
9.267616602484721
 20
2.524916936400831
 10
9.228434519595833
 20
2.524916936400831
 10
9.223538054595833
 20
2.531037517650833
 10
9.150115691456944
 20
2.531037517650833
 10
9.109725036651388
 20
2.489422746595277
 10
9.080335883762501
 20
2.489422746595277
 10
9.068089539818055
 20
2.502134125178613
 10
9.0625920272625
 20
2.515739302928615
  0
LWPOLYLINE
  5
358
330
1F
100
AcDbEntity
  8
PDF_Geometry
370
     9
100
AcDbPolyline
 90
       81
 70
     1
 43
0.0
 10
6.991744851929166
 20
2.537107579817501
 10
6.992076464373611
 20
2.535870509956389
 10
6.992616629956946
 20
2.534708571039718
 10
6.993351099706945
 20
2.533660623900832
 10
6.994256557123612
 20
2.532755166484168
 10
6.995305799623611
 20
2.532021992095277
 10
6.996465147818057
 20
2.531479235789721
 10
6.997702217679167
 20
2.531150214067501
 10
6.9989768530125
 20
2.531037517650833
 10
7.069966527984722
 20
2.531037517650833
 10
7.071242458679167
 20
2.531150214067501
 10
7.072478233179166
 20
2.531479235789721
 10
7.073638876734722
 20
2.532021992095277
 10
7.07468682387361
 20
2.532755166484168
 10
7.075592281290278
 20
2.533660623900832
 10
7.076326751040278
 20
2.534708571039718
 10
7.076868211984723
 20
2.535870509956389
 10
7.077198529068056
 20
2.537107579817501
 10
7.077309930123611
 20
2.538382215150832
 10
7.077309930123611
 20
2.768487572206392
 10
7.077170031123611
 20
2.769918946234167
 10
7.076751629484722
 20
2.771297210456388
 10
7.0760728602625
 20
2.77256666434528
 10
7.075159630679166
 20
2.773679379539725
 10
7.074046915484722
 20
2.774592609123057
 10
7.072777461595833
 20
2.775271378345276
 10
7.071399197373612
 20
2.775689779984169
 10
7.069966527984722
 20
2.77582967898417
 10
6.9989768530125
 20
2.77582967898417
 10
6.997702217679167
 20
2.775719573289723
 10
6.996465147818057
 20
2.775387960845279
 10
6.995305799623611
 20
2.774845204539726
 10
6.994256557123612
 20
2.774112030150831
 10
6.993351099706945
 20
2.773206572734167
 10
6.992616629956946
 20
2.772158625595277
 10
6.992076464373611
 20
2.770996686678607
 10
6.991744851929166
 20
2.769762207539724
 10
6.991633450873611
 20
2.768487572206392
 10
6.991633450873611
 20
2.745230658817501
 10
6.993468977568056
 20
2.745230658817501
 10
6.993468977568056
 20
2.768487572206392
 10
6.993553176040278
 20
2.769442253345275
 10
6.993801885373612
 20
2.770369731900835
 10
6.994207333401389
 20
2.771238919206385
 10
6.994757861873611
 20
2.772026498761945
 10
6.995436631095834
 20
2.772705267984168
 10
6.996222915290278
 20
2.773255796456389
 10
6.997093397956945
 20
2.773662539845275
 10
6.9980208765125
 20
2.77391124917861
 10
6.9989768530125
 20
2.773994152289724
 10
7.069966527984722
 20
2.773994152289724
 10
7.071041677706945
 20
2.773887932678611
 10
7.0720740805125
 20
2.773574455289722
 10
7.073027466290279
 20
2.773065378373054
 10
7.073861678845833
 20
2.772380132345279
 10
7.074546924873612
 20
2.771545919789723
 10
7.075056001790278
 20
2.770593829373055
 10
7.075369479179167
 20
2.769560131206389
 10
7.075474403429167
 20
2.768487572206392
 10
7.075474403429167
 20
2.538382215150832
 10
7.075369479179167
 20
2.53730706542861
 10
7.075056001790278
 20
2.536273367261944
 10
7.074546924873612
 20
2.53532127684528
 10
7.073861678845833
 20
2.534487064289724
 10
7.073027466290279
 20
2.533801818261942
 10
7.0720740805125
 20
2.533292741345277
 10
7.071041677706945
 20
2.532979263956391
 10
7.069966527984722
 20
2.532873044345279
 10
6.9989768530125
 20
2.532873044345279
 10
6.9980208765125
 20
2.53295594745639
 10
6.997093397956945
 20
2.533204656789724
 10
6.996222915290278
 20
2.533611400178614
 10
6.995436631095834
 20
2.534161928650831
 10
6.994757861873611
 20
2.534840697873054
 10
6.994207333401389
 20
2.53562827742861
 10
6.993801885373612
 20
2.536497464734164
 10
6.993553176040278
 20
2.537424943289721
 10
6.993468977568056
 20
2.538382215150832
 10
6.993468977568056
 20
2.561636537817502
 10
6.991633450873611
 20
2.561636537817502
 10
6.991633450873611
 20
2.538382215150832
  0
LWPOLYLINE
  5
359
330
1F
100
AcDbEntity
  8
PDF_Geometry
370
     9
100
AcDbPolyline
 90
       76
 70
     1
 43
0.0
 10
6.124543334956944
 20
2.791344219011943
 10
6.125080909818056
 20
2.791126598345275
 10
6.1305771270125
 20
2.804733071456389
 10
6.142823470956945
 20
2.817444450039722
 10
6.172212623845834
 20
2.817444450039722
 10
6.212603278651389
 20
2.77582967898417
 10
6.286026937151389
 20
2.77582967898417
 10
6.290922106790278
 20
2.781950260234168
 10
6.330105485040278
 20
2.781950260234168
 10
6.335000654679167
 20
2.77582967898417
 10
6.408424313179168
 20
2.77582967898417
 10
6.448814967984723
 20
2.817444450039722
 10
6.478204120873611
 20
2.817444450039722
 10
6.518594775679167
 20
2.77582967898417
 10
6.592017138818055
 20
2.77582967898417
 10
6.596913603818055
 20
2.781950260234168
 10
6.636095686706945
 20
2.781950260234168
 10
6.640992151706945
 20
2.77582967898417
 10
6.714414514845834
 20
2.77582967898417
 10
6.754805169651389
 20
2.817444450039722
 10
6.784194322540278
 20
2.817444450039722
 10
6.824584977345834
 20
2.77582967898417
 10
6.898008635845833
 20
2.77582967898417
 10
6.902903805484722
 20
2.781950260234168
 10
6.942087183734723
 20
2.781950260234168
 10
6.946982353373612
 20
2.77582967898417
 10
7.02040601187361
 20
2.77582967898417
 10
7.060796666679166
 20
2.817444450039722
 10
7.090185819568056
 20
2.817444450039722
 10
7.130576474373611
 20
2.77582967898417
 10
7.2039988375125
 20
2.77582967898417
 10
7.2088953025125
 20
2.781950260234168
 10
7.248077385401389
 20
2.781950260234168
 10
7.252973850401389
 20
2.77582967898417
 10
7.326396213540277
 20
2.77582967898417
 10
7.366786868345833
 20
2.817444450039722
 10
7.396176021234722
 20
2.817444450039722
 10
7.436566676040278
 20
2.77582967898417
 10
7.446334994179167
 20
2.77582967898417
 10
7.446334994179167
 20
2.776410000761945
 10
7.436811499290278
 20
2.776410000761945
 10
7.396420844484723
 20
2.818024771817501
 10
7.366542045095833
 20
2.818024771817501
 10
7.326151390290278
 20
2.776410000761945
 10
7.253252353040277
 20
2.776410000761945
 10
7.248355888040277
 20
2.782530582011943
 10
7.208616799873611
 20
2.782530582011943
 10
7.203720334873612
 20
2.776410000761945
 10
7.130821297623612
 20
2.776410000761945
 10
7.090430642818056
 20
2.818024771817501
 10
7.060551843429166
 20
2.818024771817501
 10
7.020161188623611
 20
2.776410000761945
 10
6.947260856012501
 20
2.776410000761945
 10
6.94236568637361
 20
2.782530582011943
 10
6.902625302845834
 20
2.782530582011943
 10
6.897730133206945
 20
2.776410000761945
 10
6.824829800595834
 20
2.776410000761945
 10
6.784439145790278
 20
2.818024771817501
 10
6.754560346401389
 20
2.818024771817501
 10
6.714169691595834
 20
2.776410000761945
 10
6.641270654345834
 20
2.776410000761945
 10
6.636374189345835
 20
2.782530582011943
 10
6.596635101179167
 20
2.782530582011943
 10
6.591738636179167
 20
2.776410000761945
 10
6.518839598929167
 20
2.776410000761945
 10
6.478448944123613
 20
2.818024771817501
 10
6.448570144734723
 20
2.818024771817501
 10
6.408179489929167
 20
2.776410000761945
 10
6.335279157318056
 20
2.776410000761945
 10
6.330383987679168
 20
2.782530582011943
 10
6.290643604151389
 20
2.782530582011943
 10
6.2857484345125
 20
2.776410000761945
 10
6.212849397262501
 20
2.776410000761945
 10
6.172457447095833
 20
2.818024771817501
 10
6.142577352345834
 20
2.818024771817501
 10
6.130082299068056
 20
2.805053025650835
  0
LWPOLYLINE
  5
35A
330
1F
100
AcDbEntity
  8
PDF_Geometry
370
     9
100
AcDbPolyline
 90
       76
 70
     1
 43
0.0
 10
7.4709028130125
 20
2.791344219011943
 10
7.471440387873611
 20
2.791126598345275
 10
7.476936605068056
 20
2.804733071456389
 10
7.4891829490125
 20
2.817444450039722
 10
7.518572101901389
 20
2.817444450039722
 10
7.558962756706945
 20
2.77582967898417
 10
7.632386415206944
 20
2.77582967898417
 10
7.637281584845833
 20
2.781950260234168
 10
7.676464963095833
 20
2.781950260234168
 10
7.681360132734722
 20
2.77582967898417
 10
7.754783791234722
 20
2.77582967898417
 10
7.795174446040277
 20
2.817444450039722
 10
7.824563598929167
 20
2.817444450039722
 10
7.864954253734723
 20
2.77582967898417
 10
7.938377912234722
 20
2.77582967898417
 10
7.943273081873611
 20
2.781950260234168
 10
7.9824551647625
 20
2.781950260234168
 10
7.9873516297625
 20
2.77582967898417
 10
8.060773992901388
 20
2.77582967898417
 10
8.101164647706944
 20
2.817444450039722
 10
8.130553800595833
 20
2.817444450039722
 10
8.170944455401389
 20
2.77582967898417
 10
8.244368113901389
 20
2.77582967898417
 10
8.249263283540278
 20
2.781950260234168
 10
8.288446661790278
 20
2.781950260234168
 10
8.293341831429167
 20
2.77582967898417
 10
8.366765489929168
 20
2.77582967898417
 10
8.407156144734722
 20
2.817444450039722
 10
8.436545297623611
 20
2.817444450039722
 10
8.476935952429167
 20
2.77582967898417
 10
8.550358315568056
 20
2.77582967898417
 10
8.555254780568056
 20
2.781950260234168
 10
8.594436863456945
 20
2.781950260234168
 10
8.599333328456944
 20
2.77582967898417
 10
8.672755691595833
 20
2.77582967898417
 10
8.713146346401389
 20
2.817444450039722
 10
8.742535499290278
 20
2.817444450039722
 10
8.782926154095834
 20
2.77582967898417
 10
8.792695767595834
 20
2.77582967898417
 10
8.792695767595834
 20
2.776410000761945
 10
8.783170977345832
 20
2.776410000761945
 10
8.742780322540278
 20
2.818024771817501
 10
8.712901523151389
 20
2.818024771817501
 10
8.672510868345833
 20
2.776410000761945
 10
8.599611831095833
 20
2.776410000761945
 10
8.594715366095833
 20
2.782530582011943
 10
8.554976277929167
 20
2.782530582011943
 10
8.550079812929167
 20
2.776410000761945
 10
8.477180775679167
 20
2.776410000761945
 10
8.436790120873611
 20
2.818024771817501
 10
8.406911321484722
 20
2.818024771817501
 10
8.366520666679168
 20
2.776410000761945
 10
8.293620334068055
 20
2.776410000761945
 10
8.288725164429166
 20
2.782530582011943
 10
8.248984780901388
 20
2.782530582011943
 10
8.2440896112625
 20
2.776410000761945
 10
8.1711905740125
 20
2.776410000761945
 10
8.130798623845834
 20
2.818024771817501
 10
8.100919824456944
 20
2.818024771817501
 10
8.060529169651388
 20
2.776410000761945
 10
7.987630132401389
 20
2.776410000761945
 10
7.982733667401388
 20
2.782530582011943
 10
7.942994579234722
 20
2.782530582011943
 10
7.938098114234722
 20
2.776410000761945
 10
7.865199076984723
 20
2.776410000761945
 10
7.824808422179167
 20
2.818024771817501
 10
7.794929622790277
 20
2.818024771817501
 10
7.754538967984722
 20
2.776410000761945
 10
7.681638635373611
 20
2.776410000761945
 10
7.676743465734722
 20
2.782530582011943
 10
7.637003082206945
 20
2.782530582011943
 10
7.632107912568056
 20
2.776410000761945
 10
7.559208875318056
 20
2.776410000761945
 10
7.518816925151389
 20
2.818024771817501
 10
7.488936830401389
 20
2.818024771817501
 10
7.476441777123612
 20
2.805053025650835
  0
LWPOLYLINE
  5
35B
330
1F
100
AcDbEntity
  8
PDF_Geometry
370
     9
100
AcDbPolyline
 90
       76
 70
     1
 43
0.0
 10
7.838091055012499
 20
2.515522977623056
 10
7.843631314484722
 20
2.501812875623055
 10
7.856126367762501
 20
2.488843720178611
 10
7.8860064625125
 20
2.488843720178611
 10
7.926397117318056
 20
2.530457195873058
 10
7.999297449929167
 20
2.530457195873058
 10
8.004192619568055
 20
2.524336614623056
 10
8.043931707734722
 20
2.524336614623056
 10
8.048828172734722
 20
2.530457195873058
 10
8.121727209984722
 20
2.530457195873058
 10
8.162117864790278
 20
2.488843720178611
 10
8.191997959540278
 20
2.488843720178611
 10
8.232388614345833
 20
2.530457195873058
 10
8.305287651595833
 20
2.530457195873058
 10
8.310182821234722
 20
2.524336614623056
 10
8.3499232047625
 20
2.524336614623056
 10
8.354818374401389
 20
2.530457195873058
 10
8.4277187070125
 20
2.530457195873058
 10
8.468109361818054
 20
2.488843720178611
 10
8.497988161206944
 20
2.488843720178611
 10
8.5383788160125
 20
2.530457195873058
 10
8.6112778532625
 20
2.530457195873058
 10
8.616174318262499
 20
2.524336614623056
 10
8.655913406429167
 20
2.524336614623056
 10
8.660809871429167
 20
2.530457195873058
 10
8.733708908679167
 20
2.530457195873058
 10
8.774099563484723
 20
2.488843720178611
 10
8.803979658234721
 20
2.488843720178611
 10
8.844370313040277
 20
2.530457195873058
 10
8.917269350290277
 20
2.530457195873058
 10
8.922164519929166
 20
2.524336614623056
 10
8.961904903456945
 20
2.524336614623056
 10
8.966800073095834
 20
2.530457195873058
 10
9.039700405706945
 20
2.530457195873058
 10
9.080091060512501
 20
2.488843720178611
 10
9.109969859901388
 20
2.488843720178611
 10
9.150360514706944
 20
2.530457195873058
 10
9.159884009595833
 20
2.530457195873058
 10
9.159884009595833
 20
2.531037517650833
 10
9.150115691456944
 20
2.531037517650833
 10
9.109725036651388
 20
2.489422746595277
 10
9.080335883762501
 20
2.489422746595277
 10
9.039945228956945
 20
2.531037517650833
 10
8.966521570456944
 20
2.531037517650833
 10
8.961626400818055
 20
2.524916936400831
 10
8.922444317929166
 20
2.524916936400831
 10
8.917547852929168
 20
2.531037517650833
 10
8.844124194429166
 20
2.531037517650833
 10
8.80373353962361
 20
2.489422746595277
 10
8.774344386734723
 20
2.489422746595277
 10
8.733953731929167
 20
2.531037517650833
 10
8.660531368790278
 20
2.531037517650833
 10
8.655634903790279
 20
2.524916936400831
 10
8.61645282090139
 20
2.524916936400831
 10
8.611557651262501
 20
2.531037517650833
 10
8.538133992762499
 20
2.531037517650833
 10
8.497743337956945
 20
2.489422746595277
 10
8.468354185068056
 20
2.489422746595277
 10
8.4279635302625
 20
2.531037517650833
 10
8.354539871762501
 20
2.531037517650833
 10
8.349644702123612
 20
2.524916936400831
 10
8.310462619234723
 20
2.524916936400831
 10
8.305566154234721
 20
2.531037517650833
 10
8.232142495734722
 20
2.531037517650833
 10
8.191751840929168
 20
2.489422746595277
 10
8.162363983401389
 20
2.489422746595277
 10
8.121972033234722
 20
2.531037517650833
 10
8.048549670095834
 20
2.531037517650833
 10
8.043653205095834
 20
2.524916936400831
 10
8.004471122206943
 20
2.524916936400831
 10
7.999575952568055
 20
2.531037517650833
 10
7.926152294068056
 20
2.531037517650833
 10
7.885761639262501
 20
2.489422746595277
 10
7.856372486373611
 20
2.489422746595277
 10
7.844126142429167
 20
2.502134125178613
 10
7.83862862987361
 20
2.515739302928615
  0
LWPOLYLINE
  5
35C
330
1F
100
AcDbEntity
  8
PDF_Geometry
370
     9
100
AcDbPolyline
 90
       76
 70
     1
 43
0.0
 10
5.390164260234723
 20
2.515522977623056
 10
5.395704519706945
 20
2.501812875623055
 10
5.408199572984722
 20
2.488843720178611
 10
5.438079667734723
 20
2.488843720178611
 10
5.478470322540278
 20
2.530457195873058
 10
5.551370655151389
 20
2.530457195873058
 10
5.556265824790278
 20
2.524336614623056
 10
5.596006208318055
 20
2.524336614623056
 10
5.600901377956946
 20
2.530457195873058
 10
5.673801710568056
 20
2.530457195873058
 10
5.714192365373611
 20
2.488843720178611
 10
5.7440711647625
 20
2.488843720178611
 10
5.784461819568056
 20
2.530457195873058
 10
5.857360856818057
 20
2.530457195873058
 10
5.862257321818056
 20
2.524336614623056
 10
5.901996409984723
 20
2.524336614623056
 10
5.906892874984722
 20
2.530457195873058
 10
5.979791912234723
 20
2.530457195873058
 10
6.020182567040277
 20
2.488843720178611
 10
6.050061366429167
 20
2.488843720178611
 10
6.090452021234723
 20
2.530457195873058
 10
6.163352353845835
 20
2.530457195873058
 10
6.168247523484724
 20
2.524336614623056
 10
6.207986611651389
 20
2.524336614623056
 10
6.212883076651389
 20
2.530457195873058
 10
6.285782113901388
 20
2.530457195873058
 10
6.326172768706944
 20
2.488843720178611
 10
6.356052863456945
 20
2.488843720178611
 10
6.396443518262501
 20
2.530457195873058
 10
6.469342555512501
 20
2.530457195873058
 10
6.4742390205125
 20
2.524336614623056
 10
6.513978108679167
 20
2.524336614623056
 10
6.518873278318055
 20
2.530457195873058
 10
6.591773610929166
 20
2.530457195873058
 10
6.632164265734722
 20
2.488843720178611
 10
6.662043065123611
 20
2.488843720178611
 10
6.702433719929167
 20
2.530457195873058
 10
6.711957214818056
 20
2.530457195873058
 10
6.711957214818056
 20
2.531037517650833
 10
6.702188896679167
 20
2.531037517650833
 10
6.661798241873611
 20
2.489422746595277
 10
6.632409088984722
 20
2.489422746595277
 10
6.592018434179168
 20
2.531037517650833
 10
6.518594775679167
 20
2.531037517650833
 10
6.513699606040278
 20
2.524916936400831
 10
6.474517523151389
 20
2.524916936400831
 10
6.469621058151389
 20
2.531037517650833
 10
6.3961986950125
 20
2.531037517650833
 10
6.355808040206945
 20
2.489422746595277
 10
6.326418887318056
 20
2.489422746595277
 10
6.2860282325125
 20
2.531037517650833
 10
6.212604574012501
 20
2.531037517650833
 10
6.207708109012501
 20
2.524916936400831
 10
6.168526026123612
 20
2.524916936400831
 10
6.163630856484722
 20
2.531037517650833
 10
6.090207197984722
 20
2.531037517650833
 10
6.049816543179167
 20
2.489422746595277
 10
6.020427390290278
 20
2.489422746595277
 10
5.980036735484723
 20
2.531037517650833
 10
5.906614372345834
 20
2.531037517650833
 10
5.901717907345834
 20
2.524916936400831
 10
5.862535824456945
 20
2.524916936400831
 10
5.857639359456945
 20
2.531037517650833
 10
5.784216996318056
 20
2.531037517650833
 10
5.743825046151389
 20
2.489422746595277
 10
5.714437188623612
 20
2.489422746595277
 10
5.674046533818056
 20
2.531037517650833
 10
5.600622875318056
 20
2.531037517650833
 10
5.595726410318056
 20
2.524916936400831
 10
5.556545622790277
 20
2.524916936400831
 10
5.551649157790278
 20
2.531037517650833
 10
5.478225499290279
 20
2.531037517650833
 10
5.437834844484723
 20
2.489422746595277
 10
5.408445691595834
 20
2.489422746595277
 10
5.396199347651389
 20
2.502134125178613
 10
5.390701835095834
 20
2.515739302928615
  0
LWPOLYLINE
  5
35D
330
1F
100
AcDbEntity
  8
PDF_Geometry
370
     9
100
AcDbPolyline
 90
       76
 70
     1
 43
0.0
 10
8.817262291068056
 20
2.791344219011943
 10
8.817799865929167
 20
2.791126598345275
 10
8.823296083123612
 20
2.804733071456389
 10
8.835543722429166
 20
2.817444450039722
 10
8.864931579956945
 20
2.817444450039722
 10
8.9053222347625
 20
2.77582967898417
 10
8.9787458932625
 20
2.77582967898417
 10
8.9836423582625
 20
2.781950260234168
 10
9.022824441151389
 20
2.781950260234168
 10
9.027719610790278
 20
2.77582967898417
 10
9.101143269290277
 20
2.77582967898417
 10
9.141533924095833
 20
2.817444450039722
 10
9.170923076984722
 20
2.817444450039722
 10
9.211313731790278
 20
2.77582967898417
 10
9.284737390290278
 20
2.77582967898417
 10
9.289632559929167
 20
2.781950260234168
 10
9.328814642818056
 20
2.781950260234168
 10
9.333711107818055
 20
2.77582967898417
 10
9.407133470956944
 20
2.77582967898417
 10
9.447525421123611
 20
2.817444450039722
 10
9.476913278651389
 20
2.817444450039722
 10
9.517303933456945
 20
2.77582967898417
 10
9.590727591956945
 20
2.77582967898417
 10
9.595624056956944
 20
2.781950260234168
 10
9.634806139845833
 20
2.781950260234168
 10
9.639701309484722
 20
2.77582967898417
 10
9.713124967984722
 20
2.77582967898417
 10
9.753515622790278
 20
2.817444450039722
 10
9.782904775679167
 20
2.817444450039722
 10
9.823295430484723
 20
2.77582967898417
 10
9.896719088984722
 20
2.77582967898417
 10
9.901614258623611
 20
2.781950260234168
 10
9.9407963415125
 20
2.781950260234168
 10
9.9456928065125
 20
2.77582967898417
 10
10.01911516965139
 20
2.77582967898417
 10
10.05950582445694
 20
2.817444450039722
 10
10.08889497734583
 20
2.817444450039722
 10
10.12928563215139
 20
2.77582967898417
 10
10.13905524565139
 20
2.77582967898417
 10
10.13905524565139
 20
2.776410000761945
 10
10.1295317507625
 20
2.776410000761945
 10
10.08913980059583
 20
2.818024771817501
 10
10.05926100120694
 20
2.818024771817501
 10
10.01887034640139
 20
2.776410000761945
 10
9.945971309151389
 20
2.776410000761945
 10
9.941074844151389
 20
2.782530582011943
 10
9.901335755984723
 20
2.782530582011943
 10
9.896439290984723
 20
2.776410000761945
 10
9.823540253734723
 20
2.776410000761945
 10
9.783149598929167
 20
2.818024771817501
 10
9.753270799540278
 20
2.818024771817501
 10
9.712880144734722
 20
2.776410000761945
 10
9.639979812123611
 20
2.776410000761945
 10
9.635084642484722
 20
2.782530582011943
 10
9.595344258956945
 20
2.782530582011943
 10
9.590449089318056
 20
2.776410000761945
 10
9.517550052068056
 20
2.776410000761945
 10
9.4771593972625
 20
2.818024771817501
 10
9.4472793025125
 20
2.818024771817501
 10
9.406888647706944
 20
2.776410000761945
 10
9.333989610456944
 20
2.776410000761945
 10
9.329093145456944
 20
2.782530582011943
 10
9.289354057290278
 20
2.782530582011943
 10
9.284457592290278
 20
2.776410000761945
 10
9.211558555040278
 20
2.776410000761945
 10
9.171167900234722
 20
2.818024771817501
 10
9.141289100845833
 20
2.818024771817501
 10
9.100898446040277
 20
2.776410000761945
 10
9.027998113429166
 20
2.776410000761945
 10
9.023102943790277
 20
2.782530582011943
 10
8.9833625602625
 20
2.782530582011943
 10
8.978467390623611
 20
2.776410000761945
 10
8.905568353373611
 20
2.776410000761945
 10
8.865177698568055
 20
2.818024771817501
 10
8.835296308456944
 20
2.818024771817501
 10
8.822801255179166
 20
2.805053025650835
  0
LWPOLYLINE
  5
35E
330
1F
100
AcDbEntity
  8
PDF_Geometry
370
     9
100
AcDbPolyline
 90
       81
 70
     1
 43
0.0
 10
9.689360273040279
 20
2.537107579817501
 10
9.689690590123611
 20
2.535870509956389
 10
9.690232051068056
 20
2.534708571039718
 10
9.690966520818056
 20
2.533660623900832
 10
9.691871978234722
 20
2.532755166484168
 10
9.692919925373612
 20
2.532021992095277
 10
9.694080568929166
 20
2.531479235789721
 10
9.695316343429167
 20
2.531150214067501
 10
9.696592274123611
 20
2.531037517650833
 10
9.767581949095834
 20
2.531037517650833
 10
9.768856584429167
 20
2.531150214067501
 10
9.770093654290278
 20
2.531479235789721
 10
9.771254297845834
 20
2.532021992095277
 10
9.772302244984722
 20
2.532755166484168
 10
9.773207702401389
 20
2.533660623900832
 10
9.773942172151389
 20
2.534708571039718
 10
9.774482337734722
 20
2.535870509956389
 10
9.774813950179167
 20
2.537107579817501
 10
9.774925351234722
 20
2.538382215150832
 10
9.774925351234722
 20
2.561636537817502
 10
9.773089824540278
 20
2.561636537817502
 10
9.773089824540278
 20
2.538382215150832
 10
9.773005626068055
 20
2.537424943289721
 10
9.772758212095833
 20
2.536497464734164
 10
9.772351468706945
 20
2.53562827742861
 10
9.771800940234722
 20
2.534840697873054
 10
9.7711221710125
 20
2.534161928650831
 10
9.770335886818056
 20
2.533611400178614
 10
9.769465404151389
 20
2.533204656789724
 10
9.768537925595833
 20
2.53295594745639
 10
9.767581949095834
 20
2.532873044345279
 10
9.696592274123611
 20
2.532873044345279
 10
9.695517124401389
 20
2.532979263956391
 10
9.694484721595834
 20
2.533292741345277
 10
9.693532631179166
 20
2.533801818261942
 10
9.692697123262501
 20
2.534487064289724
 10
9.692011877234723
 20
2.53532127684528
 10
9.691502800318055
 20
2.536273367261944
 10
9.691190618290278
 20
2.53730706542861
 10
9.691084398679167
 20
2.538382215150832
 10
9.691084398679167
 20
2.768487572206392
 10
9.691190618290278
 20
2.769560131206389
 10
9.691502800318055
 20
2.770593829373055
 10
9.692011877234723
 20
2.771545919789723
 10
9.692697123262501
 20
2.772380132345279
 10
9.693532631179166
 20
2.773065378373054
 10
9.694484721595834
 20
2.773574455289722
 10
9.695517124401389
 20
2.773887932678611
 10
9.696592274123611
 20
2.773994152289724
 10
9.767581949095834
 20
2.773994152289724
 10
9.768537925595833
 20
2.77391124917861
 10
9.769465404151389
 20
2.773662539845275
 10
9.770335886818056
 20
2.773255796456389
 10
9.7711221710125
 20
2.772705267984168
 10
9.771800940234722
 20
2.772026498761945
 10
9.772351468706945
 20
2.771238919206385
 10
9.772758212095833
 20
2.770369731900835
 10
9.773005626068055
 20
2.769442253345275
 10
9.773089824540278
 20
2.768487572206392
 10
9.773089824540278
 20
2.745230658817501
 10
9.774925351234722
 20
2.745230658817501
 10
9.774925351234722
 20
2.768487572206392
 10
9.774813950179167
 20
2.769762207539724
 10
9.774482337734722
 20
2.770996686678607
 10
9.773942172151389
 20
2.772158625595277
 10
9.773207702401389
 20
2.773206572734167
 10
9.772302244984722
 20
2.774112030150831
 10
9.771254297845834
 20
2.774845204539726
 10
9.770093654290278
 20
2.775387960845279
 10
9.768856584429167
 20
2.775719573289723
 10
9.767581949095834
 20
2.77582967898417
 10
9.696592274123611
 20
2.77582967898417
 10
9.695159604734723
 20
2.775689779984169
 10
9.693781340512501
 20
2.775271378345276
 10
9.692511886623611
 20
2.774592609123057
 10
9.691399171429166
 20
2.773679379539725
 10
9.690485941845834
 20
2.77256666434528
 10
9.689807172623611
 20
2.771297210456388
 10
9.689388770984722
 20
2.769918946234167
 10
9.689248871984721
 20
2.768487572206392
 10
9.689248871984721
 20
2.538382215150832
  0
LWPOLYLINE
  5
35F
330
1F
100
AcDbEntity
  8
PDF_Geometry
370
     9
100
AcDbPolyline
 90
        4
 70
     1
 43
0.0
 10
10.17883319465139
 20
2.531037517650833
 10
10.33182959084583
 20
2.531037517650833
 10
10.33182959084583
 20
2.537156803539719
 10
10.17883319465139
 20
2.537156803539719
  0
LWPOLYLINE
  5
360
330
1F
100
AcDbEntity
  8
PDF_Geometry
370
     9
100
AcDbPolyline
 90
        4
 70
     1
 43
0.0
 10
10.17883319465139
 20
2.781950260234168
 10
10.33182959084583
 20
2.781950260234168
 10
10.33182959084583
 20
2.78807084148417
 10
10.17883319465139
 20
2.78807084148417
  0
LWPOLYLINE
  5
361
330
1F
100
AcDbEntity
  8
PDF_Geometry
370
     9
100
AcDbPolyline
 90
       38
 70
     1
 43
0.0
 10
10.39792539154028
 20
3.165642698150836
 10
10.39709247434583
 20
3.165642698150836
 10
10.38384740698472
 20
3.152787534484168
 10
10.38384740698472
 20
3.07936517134528
 10
10.38996669287361
 20
3.074468706345278
 10
10.38996669287361
 20
3.035286623456389
 10
10.38384740698472
 20
3.0303914538175
 10
10.38384740698472
 20
2.956967795317499
 10
10.42546217804028
 20
2.916577140511943
 10
10.42546217804028
 20
2.887186692261941
 10
10.38384740698472
 20
2.846797332817502
 10
10.38384740698472
 20
2.773372378956391
 10
10.38996669287361
 20
2.768478504678611
 10
10.38996669287361
 20
2.729296421789726
 10
10.38384740698472
 20
2.724399956789724
 10
10.38384740698472
 20
2.650977593650832
 10
10.42546217804028
 20
2.610585643484167
 10
10.42546217804028
 20
2.581196490595278
 10
10.38384740698472
 20
2.540807131150831
 10
10.38384740698472
 20
2.531037517650833
 10
10.38442643340139
 20
2.531037517650833
 10
10.38442643340139
 20
2.540561012539722
 10
10.42604120445694
 20
2.580952962706387
 10
10.42604120445694
 20
2.61083176209528
 10
10.38442643340139
 20
2.651221121539723
 10
10.38442643340139
 20
2.724121454150836
 10
10.39054701465139
 20
2.729016623789721
 10
10.39054701465139
 20
2.768755711956387
 10
10.38442643340139
 20
2.773653472317501
 10
10.38442643340139
 20
2.846552509567501
 10
10.42604120445694
 20
2.886943164373057
 10
10.42604120445694
 20
2.916821963761943
 10
10.38442643340139
 20
2.95721132320639
 10
10.38442643340139
 20
3.030111655817503
 10
10.39054701465139
 20
3.035008120817504
 10
10.39054701465139
 20
3.074748504345279
 10
10.38442643340139
 20
3.079643673984168
 10
10.38442643340139
 20
3.152542711234165
  0
LWPOLYLINE
  5
362
330
1F
100
AcDbEntity
  8
PDF_Geometry
370
     9
100
AcDbPolyline
 90
        4
 70
     1
 43
0.0
 10
13.01313837156333
 20
9.891469082526111
 10
13.01226788889666
 20
9.891469082526111
 10
13.01226788889666
 20
7.890848614470554
 10
13.01313837156333
 20
7.890848614470554
  0
LWPOLYLINE
  5
363
330
1F
100
AcDbEntity
  8
PDF_Geometry
370
     9
100
AcDbPolyline
 90
        4
 70
     1
 43
0.0
 10
13.38119709622999
 20
9.891469082526111
 10
13.38032661356332
 20
9.891469082526111
 10
13.38032661356332
 20
7.890848614470554
 10
13.38119709622999
 20
7.890848614470554
  0
CIRCLE
  5
364
330
1F
100
AcDbEntity
  8
PDF_Geometry
370
    35
100
AcDbCircle
 10
13.59513172369647
 20
5.544509956310493
 30
0.0
 40
0.011015192381024
  0
LWPOLYLINE
  5
365
330
1F
100
AcDbEntity
  8
PDF_Geometry
370
     9
100
AcDbPolyline
 90
        2
 70
     0
 43
0.0
 10
9.703795738401666
 20
5.905780303729446
 10
9.703795738401666
 20
8.598499259840558
  0
LWPOLYLINE
  5
366
330
1F
100
AcDbEntity
  8
PDF_Geometry
370
     9
100
AcDbPolyline
 90
        2
 70
     0
 43
0.0
 10
9.630348763401666
 20
5.905780303729446
 10
9.630348763401666
 20
8.598499259840558
  0
LWPOLYLINE
  5
367
330
1F
100
AcDbEntity
  8
PDF_Geometry
370
     9
100
AcDbPolyline
 90
        2
 70
     0
 43
0.0
 10
9.556914742012777
 20
5.905780303729446
 10
9.556914742012777
 20
8.598499259840558
  0
LWPOLYLINE
  5
368
330
1F
100
AcDbEntity
  8
PDF_Geometry
370
     9
100
AcDbPolyline
 90
        2
 70
     0
 43
0.0
 10
9.483480720623887
 20
5.905780303729446
 10
9.483480720623887
 20
8.598499259840558
  0
LWPOLYLINE
  5
369
330
1F
100
AcDbEntity
  8
PDF_Geometry
370
     9
100
AcDbPolyline
 90
        2
 70
     0
 43
0.0
 10
9.410046699235
 20
5.905780303729446
 10
9.410046699235
 20
8.598499259840558
  0
LWPOLYLINE
  5
36A
330
1F
100
AcDbEntity
  8
PDF_Geometry
370
     9
100
AcDbPolyline
 90
        2
 70
     0
 43
0.0
 10
9.336599724235
 20
5.905780303729446
 10
9.336599724235
 20
8.598499259840558
  0
LWPOLYLINE
  5
36B
330
1F
100
AcDbEntity
  8
PDF_Geometry
370
     9
100
AcDbPolyline
 90
        2
 70
     0
 43
0.0
 10
9.26316570284611
 20
5.905780303729446
 10
9.26316570284611
 20
8.598499259840558
  0
LWPOLYLINE
  5
36C
330
1F
100
AcDbEntity
  8
PDF_Geometry
370
     9
100
AcDbPolyline
 90
        2
 70
     0
 43
0.0
 10
9.189731681457221
 20
5.905780303729446
 10
9.189731681457221
 20
8.598499259840558
  0
LWPOLYLINE
  5
36D
330
1F
100
AcDbEntity
  8
PDF_Geometry
370
     9
100
AcDbPolyline
 90
        2
 70
     0
 43
0.0
 10
9.116284706457221
 20
5.905780303729446
 10
9.116284706457221
 20
8.598499259840558
  0
LWPOLYLINE
  5
36E
330
1F
100
AcDbEntity
  8
PDF_Geometry
370
     9
100
AcDbPolyline
 90
        2
 70
     0
 43
0.0
 10
9.042850685068332
 20
5.905780303729446
 10
9.042850685068332
 20
8.598499259840558
  0
LWPOLYLINE
  5
36F
330
1F
100
AcDbEntity
  8
PDF_Geometry
370
     9
100
AcDbPolyline
 90
        2
 70
     0
 43
0.0
 10
8.969416663679444
 20
5.905780303729446
 10
8.969416663679444
 20
8.598499259840558
  0
LWPOLYLINE
  5
370
330
1F
100
AcDbEntity
  8
PDF_Geometry
370
     9
100
AcDbPolyline
 90
        2
 70
     0
 43
0.0
 10
8.895969688679443
 20
5.905780303729446
 10
8.895969688679443
 20
8.598499259840558
  0
LWPOLYLINE
  5
371
330
1F
100
AcDbEntity
  8
PDF_Geometry
370
     9
100
AcDbPolyline
 90
        2
 70
     0
 43
0.0
 10
8.822535667290555
 20
5.905780303729446
 10
8.822535667290555
 20
8.598499259840558
  0
LWPOLYLINE
  5
372
330
1F
100
AcDbEntity
  8
PDF_Geometry
370
     9
100
AcDbPolyline
 90
        2
 70
     0
 43
0.0
 10
8.749101645901665
 20
5.905780303729446
 10
8.749101645901665
 20
8.598499259840558
  0
LWPOLYLINE
  5
373
330
1F
100
AcDbEntity
  8
PDF_Geometry
370
     9
100
AcDbPolyline
 90
        2
 70
     0
 43
0.0
 10
8.675667624512778
 20
5.905780303729446
 10
8.675667624512778
 20
8.598499259840558
  0
LWPOLYLINE
  5
374
330
1F
100
AcDbEntity
  8
PDF_Geometry
370
     9
100
AcDbPolyline
 90
        2
 70
     0
 43
0.0
 10
8.602220649512776
 20
5.905780303729446
 10
8.602220649512776
 20
8.598499259840558
  0
LWPOLYLINE
  5
375
330
1F
100
AcDbEntity
  8
PDF_Geometry
370
     9
100
AcDbPolyline
 90
        2
 70
     0
 43
0.0
 10
8.528786628123889
 20
5.905780303729446
 10
8.528786628123889
 20
8.598499259840558
  0
LWPOLYLINE
  5
376
330
1F
100
AcDbEntity
  8
PDF_Geometry
370
     9
100
AcDbPolyline
 90
        2
 70
     0
 43
0.0
 10
8.455352606734999
 20
5.905780303729446
 10
8.455352606734999
 20
8.598499259840558
  0
LWPOLYLINE
  5
377
330
1F
100
AcDbEntity
  8
PDF_Geometry
370
     9
100
AcDbPolyline
 90
        2
 70
     0
 43
0.0
 10
8.381905631735
 20
5.905780303729446
 10
8.381905631735
 20
8.598499259840558
  0
LWPOLYLINE
  5
378
330
1F
100
AcDbEntity
  8
PDF_Geometry
370
     9
100
AcDbPolyline
 90
        2
 70
     0
 43
0.0
 10
8.30847161034611
 20
5.905780303729446
 10
8.30847161034611
 20
8.598499259840558
  0
LWPOLYLINE
  5
379
330
1F
100
AcDbEntity
  8
PDF_Geometry
370
     9
100
AcDbPolyline
 90
        2
 70
     0
 43
0.0
 10
8.290116343401665
 20
5.905780303729446
 10
8.290116343401665
 20
8.598499259840558
  0
LWPOLYLINE
  5
37A
330
1F
100
AcDbEntity
  8
PDF_Geometry
370
     9
100
AcDbPolyline
 90
        2
 70
     0
 43
0.0
 10
8.216682322012777
 20
5.905780303729446
 10
8.216682322012777
 20
8.598499259840558
  0
LWPOLYLINE
  5
37B
330
1F
100
AcDbEntity
  8
PDF_Geometry
370
     9
100
AcDbPolyline
 90
        2
 70
     0
 43
0.0
 10
8.143235347012776
 20
5.905780303729446
 10
8.143235347012776
 20
8.598499259840558
  0
LWPOLYLINE
  5
37C
330
1F
100
AcDbEntity
  8
PDF_Geometry
370
     9
100
AcDbPolyline
 90
        2
 70
     0
 43
0.0
 10
8.069801325623888
 20
5.905780303729446
 10
8.069801325623888
 20
8.598499259840558
  0
LWPOLYLINE
  5
37D
330
1F
100
AcDbEntity
  8
PDF_Geometry
370
     9
100
AcDbPolyline
 90
        2
 70
     0
 43
0.0
 10
7.996367304234999
 20
5.905780303729446
 10
7.996367304234999
 20
8.598499259840558
  0
LWPOLYLINE
  5
37E
330
1F
100
AcDbEntity
  8
PDF_Geometry
370
     9
100
AcDbPolyline
 90
        2
 70
     0
 43
0.0
 10
7.922920329234999
 20
5.905780303729446
 10
7.922920329234999
 20
8.598499259840558
  0
LWPOLYLINE
  5
37F
330
1F
100
AcDbEntity
  8
PDF_Geometry
370
     9
100
AcDbPolyline
 90
        2
 70
     0
 43
0.0
 10
7.849486307846111
 20
5.905780303729446
 10
7.849486307846111
 20
8.598499259840558
  0
LWPOLYLINE
  5
380
330
1F
100
AcDbEntity
  8
PDF_Geometry
370
     9
100
AcDbPolyline
 90
        2
 70
     0
 43
0.0
 10
7.776052286457222
 20
5.905780303729446
 10
7.776052286457222
 20
8.598499259840558
  0
LWPOLYLINE
  5
381
330
1F
100
AcDbEntity
  8
PDF_Geometry
370
     9
100
AcDbPolyline
 90
        2
 70
     0
 43
0.0
 10
7.702618265068332
 20
5.905780303729446
 10
7.702618265068332
 20
8.598499259840558
  0
LWPOLYLINE
  5
382
330
1F
100
AcDbEntity
  8
PDF_Geometry
370
     9
100
AcDbPolyline
 90
        2
 70
     0
 43
0.0
 10
7.629171290068333
 20
5.905780303729446
 10
7.629171290068333
 20
8.598499259840558
  0
LWPOLYLINE
  5
383
330
1F
100
AcDbEntity
  8
PDF_Geometry
370
     9
100
AcDbPolyline
 90
        2
 70
     0
 43
0.0
 10
7.555737268679443
 20
5.905780303729446
 10
7.555737268679443
 20
8.598499259840558
  0
LWPOLYLINE
  5
384
330
1F
100
AcDbEntity
  8
PDF_Geometry
370
     9
100
AcDbPolyline
 90
        2
 70
     0
 43
0.0
 10
7.482303247290555
 20
5.905780303729446
 10
7.482303247290555
 20
8.598499259840558
  0
LWPOLYLINE
  5
385
330
1F
100
AcDbEntity
  8
PDF_Geometry
370
     9
100
AcDbPolyline
 90
        2
 70
     0
 43
0.0
 10
7.408856272290554
 20
5.905780303729446
 10
7.408856272290554
 20
8.598499259840558
  0
LWPOLYLINE
  5
386
330
1F
100
AcDbEntity
  8
PDF_Geometry
370
     9
100
AcDbPolyline
 90
        2
 70
     0
 43
0.0
 10
7.335422250901666
 20
5.905780303729446
 10
7.335422250901666
 20
8.598499259840558
  0
LWPOLYLINE
  5
387
330
1F
100
AcDbEntity
  8
PDF_Geometry
370
     9
100
AcDbPolyline
 90
        2
 70
     0
 43
0.0
 10
7.261988229512777
 20
5.905780303729446
 10
7.261988229512777
 20
8.598499259840558
  0
LWPOLYLINE
  5
388
330
1F
100
AcDbEntity
  8
PDF_Geometry
370
     9
100
AcDbPolyline
 90
        2
 70
     0
 43
0.0
 10
7.188541254512777
 20
5.905780303729446
 10
7.188541254512777
 20
8.598499259840558
  0
LWPOLYLINE
  5
389
330
1F
100
AcDbEntity
  8
PDF_Geometry
370
     9
100
AcDbPolyline
 90
        2
 70
     0
 43
0.0
 10
7.115107233123888
 20
5.905780303729446
 10
7.115107233123888
 20
8.598499259840558
  0
LWPOLYLINE
  5
38A
330
1F
100
AcDbEntity
  8
PDF_Geometry
370
     9
100
AcDbPolyline
 90
        2
 70
     0
 43
0.0
 10
7.041673211735
 20
5.905780303729446
 10
7.041673211735
 20
8.598499259840558
  0
LWPOLYLINE
  5
38B
330
1F
100
AcDbEntity
  8
PDF_Geometry
370
     9
100
AcDbPolyline
 90
        2
 70
     0
 43
0.0
 10
6.96823919034611
 20
5.905780303729446
 10
6.96823919034611
 20
8.598499259840558
  0
LWPOLYLINE
  5
38C
330
1F
100
AcDbEntity
  8
PDF_Geometry
370
     9
100
AcDbPolyline
 90
        2
 70
     0
 43
0.0
 10
6.894792215346111
 20
5.905780303729446
 10
6.894792215346111
 20
8.598499259840558
  0
LWPOLYLINE
  5
38D
330
1F
100
AcDbEntity
  8
PDF_Geometry
370
     9
100
AcDbPolyline
 90
        4
 70
     0
 43
0.0
 10
2.83058377562389
 20
8.617463346507223
 10
2.83058377562389
 20
8.627256276507223
 10
2.803730939790555
 20
8.627256276507223
 10
2.803730939790555
 20
8.617463346507223
  0
LWPOLYLINE
  5
38E
330
1F
100
AcDbEntity
  8
PDF_Geometry
370
     9
100
AcDbPolyline
 90
        2
 70
     0
 43
0.0
 10
2.823873805068334
 20
8.617463346507223
 10
2.823873805068334
 20
8.627256276507223
  0
LWPOLYLINE
  5
38F
330
1F
100
AcDbEntity
  8
PDF_Geometry
370
     9
100
AcDbPolyline
 90
        2
 70
     0
 43
0.0
 10
2.810453863957222
 20
8.617463346507223
 10
2.810453863957222
 20
8.627256276507223
  0
LWPOLYLINE
  5
392
330
1F
100
AcDbEntity
  8
PDF_Geometry
370
     9
100
AcDbPolyline
 90
        4
 70
     0
 43
0.0
 10
2.803730939790555
 20
8.611349242062779
 10
2.803730939790555
 20
8.601556312062779
 10
2.83058377562389
 20
8.601556312062779
 10
2.83058377562389
 20
8.611349242062779
  0
LWPOLYLINE
  5
394
330
1F
100
AcDbEntity
  8
PDF_Geometry
370
     9
100
AcDbPolyline
 90
        2
 70
     0
 43
0.0
 10
2.823873805068334
 20
8.601556312062779
 10
2.823873805068334
 20
8.611349242062779
  0
LWPOLYLINE
  5
395
330
1F
100
AcDbEntity
  8
PDF_Geometry
370
     9
100
AcDbPolyline
 90
        2
 70
     0
 43
0.0
 10
2.810453863957222
 20
8.601556312062779
 10
2.810453863957222
 20
8.611349242062779
  0
LWPOLYLINE
  5
397
330
1F
100
AcDbEntity
  8
PDF_Geometry
370
     9
100
AcDbPolyline
 90
       14
 70
     0
 43
0.0
 10
3.250993224235
 20
7.417984864840557
 10
3.331836711179444
 20
7.417984864840557
 10
3.331836711179444
 20
9.260040179285001
 10
3.250993224235
 20
9.260040179285001
 10
3.249827399235001
 20
9.260040179285001
 10
3.248778156735001
 20
9.260040179285001
 10
3.247884357568333
 20
9.260040179285001
 10
3.247146001735
 20
9.260040179285001
 10
3.246601950068333
 20
9.260040179285001
 10
3.246278109790555
 20
9.260040179285001
 10
3.246161527290555
 20
9.260040179285001
 10
3.246161527290555
 20
7.417984864840557
 10
3.246278109790555
 20
7.417984864840557
 10
3.246278109790555
 20
9.260040179285001
  0
LWPOLYLINE
  5
39C
330
1F
100
AcDbEntity
  8
PDF_Geometry
370
     9
100
AcDbPolyline
 90
        3
 70
     0
 43
0.0
 10
3.246601950068333
 20
9.260040179285001
 10
3.246601950068333
 20
7.417984864840557
 10
3.246278109790555
 20
7.417984864840557
  0
LWPOLYLINE
  5
39E
330
1F
100
AcDbEntity
  8
PDF_Geometry
370
     9
100
AcDbPolyline
 90
        3
 70
     0
 43
0.0
 10
3.247146001735
 20
9.260040179285001
 10
3.247146001735
 20
7.417984864840557
 10
3.246601950068333
 20
7.417984864840557
  0
LWPOLYLINE
  5
3A0
330
1F
100
AcDbEntity
  8
PDF_Geometry
370
     9
100
AcDbPolyline
 90
        3
 70
     0
 43
0.0
 10
3.247884357568333
 20
9.260040179285001
 10
3.247884357568333
 20
7.417984864840557
 10
3.247146001735
 20
7.417984864840557
  0
LWPOLYLINE
  5
3A2
330
1F
100
AcDbEntity
  8
PDF_Geometry
370
     9
100
AcDbPolyline
 90
        3
 70
     0
 43
0.0
 10
3.248778156735001
 20
9.260040179285001
 10
3.248778156735001
 20
7.417984864840557
 10
3.247884357568333
 20
7.417984864840557
  0
LWPOLYLINE
  5
3A4
330
1F
100
AcDbEntity
  8
PDF_Geometry
370
     9
100
AcDbPolyline
 90
        3
 70
     0
 43
0.0
 10
3.249827399235001
 20
9.260040179285001
 10
3.249827399235001
 20
7.417984864840557
 10
3.248778156735001
 20
7.417984864840557
  0
LWPOLYLINE
  5
3A6
330
1F
100
AcDbEntity
  8
PDF_Geometry
370
     9
100
AcDbPolyline
 90
        3
 70
     0
 43
0.0
 10
3.250993224235
 20
9.260040179285001
 10
3.250993224235
 20
7.417984864840557
 10
3.249827399235001
 20
7.417984864840557
  0
LWPOLYLINE
  5
3A7
330
1F
100
AcDbEntity
  8
PDF_Geometry
370
     9
100
AcDbPolyline
 90
        2
 70
     0
 43
0.0
 10
3.252223817290555
 20
7.417984864840557
 10
3.252223817290555
 20
9.260040179285001
  0
LWPOLYLINE
  5
3A8
330
1F
100
AcDbEntity
  8
PDF_Geometry
370
     9
100
AcDbPolyline
 90
        2
 70
     0
 43
0.0
 10
3.253506224790555
 20
7.417984864840557
 10
3.253506224790555
 20
9.260040179285001
  0
LWPOLYLINE
  5
3A9
330
1F
100
AcDbEntity
  8
PDF_Geometry
370
     9
100
AcDbPolyline
 90
        2
 70
     0
 43
0.0
 10
3.324492013679444
 20
7.417984864840557
 10
3.324492013679444
 20
9.260040179285001
  0
LWPOLYLINE
  5
3AA
330
1F
100
AcDbEntity
  8
PDF_Geometry
370
     9
100
AcDbPolyline
 90
        2
 70
     0
 43
0.0
 10
3.325929864512778
 20
7.417984864840557
 10
3.325929864512778
 20
9.260040179285001
  0
LWPOLYLINE
  5
3AB
330
1F
100
AcDbEntity
  8
PDF_Geometry
370
     9
100
AcDbPolyline
 90
        2
 70
     0
 43
0.0
 10
3.327302947290555
 20
7.417984864840557
 10
3.327302947290555
 20
9.260040179285001
  0
LWPOLYLINE
  5
3AC
330
1F
100
AcDbEntity
  8
PDF_Geometry
370
     9
100
AcDbPolyline
 90
        2
 70
     0
 43
0.0
 10
3.328572401179445
 20
7.417984864840557
 10
3.328572401179445
 20
9.260040179285001
  0
LWPOLYLINE
  5
3AD
330
1F
100
AcDbEntity
  8
PDF_Geometry
370
     9
100
AcDbPolyline
 90
        2
 70
     0
 43
0.0
 10
3.329686411734999
 20
7.417984864840557
 10
3.329686411734999
 20
9.260040179285001
  0
LWPOLYLINE
  5
3AE
330
1F
100
AcDbEntity
  8
PDF_Geometry
370
     9
100
AcDbPolyline
 90
        2
 70
     0
 43
0.0
 10
3.330606118123888
 20
7.417984864840557
 10
3.330606118123888
 20
9.260040179285001
  0
LWPOLYLINE
  5
3AF
330
1F
100
AcDbEntity
  8
PDF_Geometry
370
     9
100
AcDbPolyline
 90
        2
 70
     0
 43
0.0
 10
3.331279705901665
 20
7.417984864840557
 10
3.331279705901665
 20
9.260040179285001
  0
LWPOLYLINE
  5
3B0
330
1F
100
AcDbEntity
  8
PDF_Geometry
370
     9
100
AcDbPolyline
 90
        2
 70
     0
 43
0.0
 10
3.331694221457222
 20
7.417984864840557
 10
3.331694221457222
 20
9.260040179285001
  0
LWPOLYLINE
  5
3BA
330
1F
100
AcDbEntity
  8
PDF_Geometry
370
     9
100
AcDbPolyline
 90
        2
 70
     0
 43
0.0
 10
3.331836711179444
 20
8.593602794840556
 10
3.337963769235001
 20
8.593602794840556
  0
LWPOLYLINE
  5
3BB
330
1F
100
AcDbEntity
  8
PDF_Geometry
370
     9
100
AcDbPolyline
 90
        2
 70
     0
 43
0.0
 10
3.331836711179444
 20
8.520168773451668
 10
3.337963769235001
 20
8.520168773451668
  0
LWPOLYLINE
  5
3BC
330
1F
100
AcDbEntity
  8
PDF_Geometry
370
     9
100
AcDbPolyline
 90
        2
 70
     0
 43
0.0
 10
4.966750830346111
 20
4.514471795118335
 10
8.361892302568332
 20
4.514471795118335
  0
LWPOLYLINE
  5
3C3
330
1F
100
AcDbEntity
  8
PDF_Geometry
370
     9
100
AcDbPolyline
 90
        2
 70
     0
 43
0.0
 10
2.74678686534611
 20
7.52201531567389
 10
2.755958022012777
 20
7.52201531567389
  0
LWPOLYLINE
  5
3C4
330
1F
100
AcDbEntity
  8
PDF_Geometry
370
     9
100
AcDbPolyline
 90
        2
 70
     0
 43
0.0
 10
2.74678686534611
 20
7.51467061817389
 10
2.755958022012777
 20
7.51467061817389
  0
LWPOLYLINE
  5
3C5
330
1F
100
AcDbEntity
  8
PDF_Geometry
370
     9
100
AcDbPolyline
 90
        4
 70
     0
 43
0.0
 10
7.552058443123888
 20
5.780454116229446
 10
7.552058443123888
 20
5.583261294285001
 10
7.613264255623889
 20
5.583261294285001
 10
7.613264255623889
 20
5.780454116229446
  0
LWPOLYLINE
  5
3C8
330
1F
100
AcDbEntity
  8
PDF_Geometry
370
     9
100
AcDbPolyline
 90
        3
 70
     0
 43
0.0
 10
2.74678686534611
 20
9.310714705951667
 10
2.74678686534611
 20
9.269055892618334
 10
2.517235922846111
 20
9.269055892618334
  0
LWPOLYLINE
  5
3C9
330
1F
100
AcDbEntity
  8
PDF_Geometry
370
     9
100
AcDbPolyline
 90
        4
 70
     0
 43
0.0
 10
2.517235922846111
 20
9.448709525118335
 10
2.74678686534611
 20
9.448709525118335
 10
2.74678686534611
 20
9.357969479285001
 10
2.517235922846111
 20
9.357969479285001
  0
LWPOLYLINE
  5
3CB
330
1F
100
AcDbEntity
  8
PDF_Geometry
370
     9
100
AcDbPolyline
 90
        2
 70
     0
 43
0.0
 10
2.517235922846111
 20
9.287126180118333
 10
2.74678686534611
 20
9.287126180118333
  0
LWPOLYLINE
  5
3CC
330
1F
100
AcDbEntity
  8
PDF_Geometry
370
     9
100
AcDbPolyline
 90
        2
 70
     0
 43
0.0
 10
2.517235922846111
 20
9.270351253729446
 10
2.74678686534611
 20
9.270351253729446
  0
LWPOLYLINE
  5
3CF
330
1F
100
AcDbEntity
  8
PDF_Geometry
370
     9
100
AcDbPolyline
 90
        2
 70
     0
 43
0.0
 10
2.517235922846111
 20
9.431403500673889
 10
2.74678686534611
 20
9.431403500673889
  0
LWPOLYLINE
  5
3D0
330
1F
100
AcDbEntity
  8
PDF_Geometry
370
     9
100
AcDbPolyline
 90
        2
 70
     0
 43
0.0
 10
2.847760263957222
 20
5.01957195317389
 10
2.847760263957222
 20
10.70305950345167
  0
LWPOLYLINE
  5
3D1
330
1F
100
AcDbEntity
  8
PDF_Geometry
370
     9
100
AcDbPolyline
 90
        6
 70
     1
 43
0.0
 10
2.94425171312389
 20
10.92336156761833
 10
2.751268814790556
 20
10.92336156761833
 10
2.641111305901667
 20
10.81321701234055
 10
2.751268814790556
 20
10.70305950345167
 10
2.94425171312389
 20
10.70305950345167
 10
3.054409222012779
 20
10.81321701234055
  0
LWPOLYLINE
  5
3D7
330
1F
100
AcDbEntity
  8
PDF_Geometry
370
     9
100
AcDbPolyline
 90
        4
 70
     0
 43
0.0
 10
2.517235922846111
 20
5.906389123451668
 10
2.664168733679443
 20
5.906389123451668
 10
3.031351794235001
 20
5.906389123451668
 10
6.892952802568332
 20
5.906389123451668
  0
LWPOLYLINE
  5
3D8
330
1F
100
AcDbEntity
  8
PDF_Geometry
370
     9
100
AcDbPolyline
 90
        3
 70
     0
 43
0.0
 10
2.517235922846111
 20
7.399629597896112
 10
2.755958022012777
 20
7.399629597896112
 10
2.755958022012777
 20
5.967581982340557
  0
LWPOLYLINE
  5
3DA
330
1F
100
AcDbEntity
  8
PDF_Geometry
370
     9
100
AcDbPolyline
 90
        2
 70
     0
 43
0.0
 10
3.300618508401667
 20
9.357969479285001
 10
3.300618508401667
 20
9.357995386507223
  0
LWPOLYLINE
  5
3DB
330
1F
100
AcDbEntity
  8
PDF_Geometry
370
     9
100
AcDbPolyline
 90
        2
 70
     0
 43
0.0
 10
3.285942067012776
 20
9.357969479285001
 10
3.285942067012776
 20
9.357995386507223
  0
LWPOLYLINE
  5
3DC
330
1F
100
AcDbEntity
  8
PDF_Geometry
370
     9
100
AcDbPolyline
 90
        2
 70
     0
 43
0.0
 10
3.286563840346111
 20
9.342049491229445
 10
3.286563840346111
 20
9.351842421229445
  0
LWPOLYLINE
  5
3DD
330
1F
100
AcDbEntity
  8
PDF_Geometry
370
     9
100
AcDbPolyline
 90
        2
 70
     0
 43
0.0
 10
3.299996735068332
 20
9.342049491229445
 10
3.299996735068332
 20
9.351842421229445
  0
LWPOLYLINE
  5
3DE
330
1F
100
AcDbEntity
  8
PDF_Geometry
370
     9
100
AcDbPolyline
 90
        4
 70
     0
 43
0.0
 10
3.279853869790555
 20
9.351842421229445
 10
3.279853869790555
 20
9.342049491229445
 10
3.306706705623888
 20
9.342049491229445
 10
3.306706705623888
 20
9.351842421229445
  0
LWPOLYLINE
  5
3E1
330
1F
100
AcDbEntity
  8
PDF_Geometry
370
     9
100
AcDbPolyline
 90
        2
 70
     0
 43
0.0
 10
6.872745169234999
 20
7.529981786507224
 10
6.872745169234999
 20
7.539761762896112
  0
LWPOLYLINE
  5
3E2
330
1F
100
AcDbEntity
  8
PDF_Geometry
370
     9
100
AcDbPolyline
 90
        2
 70
     0
 43
0.0
 10
6.859312274512777
 20
7.529981786507224
 10
6.859312274512777
 20
7.539761762896112
  0
LWPOLYLINE
  5
3E3
330
1F
100
AcDbEntity
  8
PDF_Geometry
370
     9
100
AcDbPolyline
 90
        4
 70
     0
 43
0.0
 10
6.852602303957222
 20
7.529981786507224
 10
6.852602303957222
 20
7.539761762896112
 10
6.879455139790555
 20
7.539761762896112
 10
6.879455139790555
 20
7.529981786507224
  0
LWPOLYLINE
  5
3E6
330
1F
100
AcDbEntity
  8
PDF_Geometry
370
     9
100
AcDbPolyline
 90
        2
 70
     0
 43
0.0
 10
2.939562505901666
 20
7.51467061817389
 10
2.948733662568333
 20
7.51467061817389
  0
LWPOLYLINE
  5
3E7
330
1F
100
AcDbEntity
  8
PDF_Geometry
370
     9
100
AcDbPolyline
 90
        2
 70
     0
 43
0.0
 10
2.939562505901666
 20
7.52201531567389
 10
2.948733662568333
 20
7.52201531567389
  0
LWPOLYLINE
  5
3E8
330
1F
100
AcDbEntity
  8
PDF_Geometry
370
     9
100
AcDbPolyline
 90
        2
 70
     0
 43
0.0
 10
3.082142903401667
 20
9.357969479285001
 10
3.082142903401667
 20
9.357995386507223
  0
LWPOLYLINE
  5
3E9
330
1F
100
AcDbEntity
  8
PDF_Geometry
370
     9
100
AcDbPolyline
 90
        2
 70
     0
 43
0.0
 10
3.096832298401666
 20
9.357969479285001
 10
3.096832298401666
 20
9.357995386507223
  0
LWPOLYLINE
  5
3EA
330
1F
100
AcDbEntity
  8
PDF_Geometry
370
     9
100
AcDbPolyline
 90
        4
 70
     0
 43
0.0
 10
3.101119943679445
 20
9.350624781785001
 10
3.101119943679445
 20
9.340831851785001
 10
3.077868211735
 20
9.340831851785001
 10
3.077868211735
 20
9.350624781785001
  0
LWPOLYLINE
  5
3ED
330
1F
100
AcDbEntity
  8
PDF_Geometry
370
     9
100
AcDbPolyline
 90
        2
 70
     0
 43
0.0
 10
3.089487600901667
 20
9.340831851785001
 10
3.089487600901667
 20
9.350624781785001
  0
LWPOLYLINE
  5
3EE
330
1F
100
AcDbEntity
  8
PDF_Geometry
370
     9
100
AcDbPolyline
 90
        2
 70
     0
 43
0.0
 10
2.984226557012778
 20
9.357969479285001
 10
2.984226557012778
 20
9.357995386507223
  0
LWPOLYLINE
  5
3EF
330
1F
100
AcDbEntity
  8
PDF_Geometry
370
     9
100
AcDbPolyline
 90
        2
 70
     0
 43
0.0
 10
2.998915952012779
 20
9.357969479285001
 10
2.998915952012779
 20
9.357995386507223
  0
LWPOLYLINE
  5
3F0
330
1F
100
AcDbEntity
  8
PDF_Geometry
370
     9
100
AcDbPolyline
 90
        4
 70
     0
 43
0.0
 10
3.003203597290555
 20
9.350624781785001
 10
3.003203597290555
 20
9.340831851785001
 10
2.97995186534611
 20
9.340831851785001
 10
2.97995186534611
 20
9.350624781785001
  0
LWPOLYLINE
  5
3F3
330
1F
100
AcDbEntity
  8
PDF_Geometry
370
     9
100
AcDbPolyline
 90
        2
 70
     0
 43
0.0
 10
2.991571254512777
 20
9.340831851785001
 10
2.991571254512777
 20
9.350624781785001
  0
LWPOLYLINE
  5
3FA
330
1F
100
AcDbEntity
  8
PDF_Geometry
370
     9
100
AcDbPolyline
 90
        6
 70
     1
 43
0.0
 10
2.83058377562389
 20
8.641945671507222
 10
2.823873805068334
 20
8.630313328729446
 10
2.810453863957222
 20
8.630313328729446
 10
2.803730939790555
 20
8.641945671507222
 10
2.810453863957222
 20
8.653578014285001
 10
2.823873805068334
 20
8.653578014285001
  0
LWPOLYLINE
  5
400
330
1F
100
AcDbEntity
  8
PDF_Geometry
370
     9
100
AcDbPolyline
 90
        6
 70
     1
 43
0.0
 10
2.891789588123889
 20
8.641945671507222
 10
2.885066663957222
 20
8.630313328729446
 10
2.871646722846111
 20
8.630313328729446
 10
2.864936752290554
 20
8.641945671507222
 10
2.871646722846111
 20
8.653578014285001
 10
2.885066663957222
 20
8.653578014285001
  0
LWPOLYLINE
  5
406
330
1F
100
AcDbEntity
  8
PDF_Geometry
370
     9
100
AcDbPolyline
 90
        2
 70
     0
 43
0.0
 10
4.601705115623889
 20
9.357969479285001
 10
4.601705115623889
 20
9.357995386507223
  0
LWPOLYLINE
  5
407
330
1F
100
AcDbEntity
  8
PDF_Geometry
370
     9
100
AcDbPolyline
 90
        2
 70
     0
 43
0.0
 10
4.587015720623889
 20
9.357969479285001
 10
4.587015720623889
 20
9.357995386507223
  0
LWPOLYLINE
  5
408
330
1F
100
AcDbEntity
  8
PDF_Geometry
370
     9
100
AcDbPolyline
 90
        2
 70
     0
 43
0.0
 10
4.587650447568333
 20
9.342049491229445
 10
4.587650447568333
 20
9.351842421229445
  0
LWPOLYLINE
  5
409
330
1F
100
AcDbEntity
  8
PDF_Geometry
370
     9
100
AcDbPolyline
 90
        2
 70
     0
 43
0.0
 10
4.601070388679444
 20
9.342049491229445
 10
4.601070388679444
 20
9.351842421229445
  0
LWPOLYLINE
  5
40A
330
1F
100
AcDbEntity
  8
PDF_Geometry
370
     9
100
AcDbPolyline
 90
        4
 70
     0
 43
0.0
 10
4.580927523401666
 20
9.351842421229445
 10
4.580927523401666
 20
9.342049491229445
 10
4.607780359234999
 20
9.342049491229445
 10
4.607780359234999
 20
9.351842421229445
  0
LWPOLYLINE
  5
40D
330
1F
100
AcDbEntity
  8
PDF_Geometry
370
     9
100
AcDbPolyline
 90
       15
 70
     0
 43
0.0
 10
4.259600246179444
 20
8.60400454456278
 10
4.259600246179444
 20
8.512202302618334
 10
9.767436829790554
 20
8.512202302618334
 10
9.767436829790554
 20
8.60400454456278
 10
4.259600246179444
 20
8.60400454456278
 10
3.337963769235001
 20
8.60400454456278
 10
3.337963769235001
 20
8.523161057618334
 10
3.337963769235001
 20
8.521995232618335
 10
3.337963769235001
 20
8.520945990118335
 10
3.337963769235001
 20
8.520039237340556
 10
3.337963769235001
 20
8.519313835118333
 10
3.337963769235001
 20
8.518769783451668
 10
3.337963769235001
 20
8.518432989562779
 10
3.337963769235001
 20
8.51832936067389
 10
4.259600246179444
 20
8.51832936067389
  0
LWPOLYLINE
  5
410
330
1F
100
AcDbEntity
  8
PDF_Geometry
370
     9
100
AcDbPolyline
 90
        2
 70
     0
 43
0.0
 10
3.337963769235001
 20
8.518432989562779
 10
4.259600246179444
 20
8.518432989562779
  0
LWPOLYLINE
  5
412
330
1F
100
AcDbEntity
  8
PDF_Geometry
370
     9
100
AcDbPolyline
 90
        2
 70
     0
 43
0.0
 10
3.337963769235001
 20
8.518769783451668
 10
4.259600246179444
 20
8.518769783451668
  0
LWPOLYLINE
  5
414
330
1F
100
AcDbEntity
  8
PDF_Geometry
370
     9
100
AcDbPolyline
 90
        2
 70
     0
 43
0.0
 10
3.337963769235001
 20
8.519313835118333
 10
4.259600246179444
 20
8.519313835118333
  0
LWPOLYLINE
  5
416
330
1F
100
AcDbEntity
  8
PDF_Geometry
370
     9
100
AcDbPolyline
 90
        2
 70
     0
 43
0.0
 10
3.337963769235001
 20
8.520039237340556
 10
4.259600246179444
 20
8.520039237340556
  0
LWPOLYLINE
  5
418
330
1F
100
AcDbEntity
  8
PDF_Geometry
370
     9
100
AcDbPolyline
 90
        2
 70
     0
 43
0.0
 10
3.337963769235001
 20
8.520945990118335
 10
4.259600246179444
 20
8.520945990118335
  0
LWPOLYLINE
  5
41A
330
1F
100
AcDbEntity
  8
PDF_Geometry
370
     9
100
AcDbPolyline
 90
        2
 70
     0
 43
0.0
 10
3.337963769235001
 20
8.521995232618335
 10
4.259600246179444
 20
8.521995232618335
  0
LWPOLYLINE
  5
41C
330
1F
100
AcDbEntity
  8
PDF_Geometry
370
     9
100
AcDbPolyline
 90
        2
 70
     0
 43
0.0
 10
3.337963769235001
 20
8.523161057618334
 10
4.259600246179444
 20
8.523161057618334
  0
LWPOLYLINE
  5
41D
330
1F
100
AcDbEntity
  8
PDF_Geometry
370
     9
100
AcDbPolyline
 90
        2
 70
     0
 43
0.0
 10
3.337963769235001
 20
8.524391650673891
 10
4.259600246179444
 20
8.524391650673891
  0
LWPOLYLINE
  5
41E
330
1F
100
AcDbEntity
  8
PDF_Geometry
370
     9
100
AcDbPolyline
 90
        2
 70
     0
 43
0.0
 10
3.337963769235001
 20
8.525674058173891
 10
4.259600246179444
 20
8.525674058173891
  0
LWPOLYLINE
  5
41F
330
1F
100
AcDbEntity
  8
PDF_Geometry
370
     9
100
AcDbPolyline
 90
        2
 70
     0
 43
0.0
 10
3.337963769235001
 20
8.596659847062779
 10
4.259600246179444
 20
8.596659847062779
  0
LWPOLYLINE
  5
420
330
1F
100
AcDbEntity
  8
PDF_Geometry
370
     9
100
AcDbPolyline
 90
        2
 70
     0
 43
0.0
 10
3.337963769235001
 20
8.597929300951667
 10
4.259600246179444
 20
8.597929300951667
  0
LWPOLYLINE
  5
421
330
1F
100
AcDbEntity
  8
PDF_Geometry
370
     9
100
AcDbPolyline
 90
        2
 70
     0
 43
0.0
 10
3.337963769235001
 20
8.599172847618334
 10
4.259600246179444
 20
8.599172847618334
  0
LWPOLYLINE
  5
422
330
1F
100
AcDbEntity
  8
PDF_Geometry
370
     9
100
AcDbPolyline
 90
        2
 70
     0
 43
0.0
 10
3.337963769235001
 20
8.600338672618335
 10
4.259600246179444
 20
8.600338672618335
  0
LWPOLYLINE
  5
423
330
1F
100
AcDbEntity
  8
PDF_Geometry
370
     9
100
AcDbPolyline
 90
        2
 70
     0
 43
0.0
 10
3.337963769235001
 20
8.601374961507223
 10
4.259600246179444
 20
8.601374961507223
  0
LWPOLYLINE
  5
424
330
1F
100
AcDbEntity
  8
PDF_Geometry
370
     9
100
AcDbPolyline
 90
        2
 70
     0
 43
0.0
 10
3.337963769235001
 20
8.602281714285
 10
4.259600246179444
 20
8.602281714285
  0
LWPOLYLINE
  5
425
330
1F
100
AcDbEntity
  8
PDF_Geometry
370
     9
100
AcDbPolyline
 90
        2
 70
     0
 43
0.0
 10
3.337963769235001
 20
8.603020070118335
 10
4.259600246179444
 20
8.603020070118335
  0
LWPOLYLINE
  5
426
330
1F
100
AcDbEntity
  8
PDF_Geometry
370
     9
100
AcDbPolyline
 90
        2
 70
     0
 43
0.0
 10
3.337963769235001
 20
8.603564121785002
 10
4.259600246179444
 20
8.603564121785002
  0
LWPOLYLINE
  5
427
330
1F
100
AcDbEntity
  8
PDF_Geometry
370
     9
100
AcDbPolyline
 90
        2
 70
     0
 43
0.0
 10
3.337963769235001
 20
8.603887962062778
 10
4.259600246179444
 20
8.603887962062778
  0
LWPOLYLINE
  5
429
330
1F
100
AcDbEntity
  8
PDF_Geometry
370
     9
100
AcDbPolyline
 90
        4
 70
     0
 43
0.0
 10
2.891789588123889
 20
8.617463346507223
 10
2.891789588123889
 20
8.627256276507223
 10
2.864936752290554
 20
8.627256276507223
 10
2.864936752290554
 20
8.617463346507223
  0
LWPOLYLINE
  5
42A
330
1F
100
AcDbEntity
  8
PDF_Geometry
370
     9
100
AcDbPolyline
 90
        2
 70
     0
 43
0.0
 10
2.885066663957222
 20
8.617463346507223
 10
2.885066663957222
 20
8.627256276507223
  0
LWPOLYLINE
  5
42B
330
1F
100
AcDbEntity
  8
PDF_Geometry
370
     9
100
AcDbPolyline
 90
        2
 70
     0
 43
0.0
 10
2.871646722846111
 20
8.617463346507223
 10
2.871646722846111
 20
8.627256276507223
  0
LWPOLYLINE
  5
42E
330
1F
100
AcDbEntity
  8
PDF_Geometry
370
     9
100
AcDbPolyline
 90
        4
 70
     0
 43
0.0
 10
2.864936752290554
 20
8.611349242062779
 10
2.864936752290554
 20
8.601556312062779
 10
2.891789588123889
 20
8.601556312062779
 10
2.891789588123889
 20
8.611349242062779
  0
LWPOLYLINE
  5
430
330
1F
100
AcDbEntity
  8
PDF_Geometry
370
     9
100
AcDbPolyline
 90
        2
 70
     0
 43
0.0
 10
2.885066663957222
 20
8.601556312062779
 10
2.885066663957222
 20
8.611349242062779
  0
LWPOLYLINE
  5
431
330
1F
100
AcDbEntity
  8
PDF_Geometry
370
     9
100
AcDbPolyline
 90
        2
 70
     0
 43
0.0
 10
2.871646722846111
 20
8.601556312062779
 10
2.871646722846111
 20
8.611349242062779
  0
LWPOLYLINE
  5
433
330
1F
100
AcDbEntity
  8
PDF_Geometry
370
     9
100
AcDbPolyline
 90
        4
 70
     0
 43
0.0
 10
2.786567405068332
 20
8.611349242062779
 10
2.783497399235001
 20
8.611349242062779
 10
2.783497399235001
 20
8.672542100951668
 10
2.841646159512777
 20
8.672542100951668
  0
LWPOLYLINE
  5
437
330
1F
100
AcDbEntity
  8
PDF_Geometry
370
     9
100
AcDbPolyline
 90
       16
 70
     0
 43
0.0
 10
2.853874368401666
 20
8.672542100951668
 10
2.847760263957222
 20
8.672542100951668
 10
2.847760263957222
 20
8.611349242062779
 10
2.847760263957222
 20
8.672542100951668
 10
2.841646159512777
 20
8.672542100951668
 10
2.841646159512777
 20
8.617463346507223
 10
2.786567405068332
 20
8.617463346507223
 10
2.786567405068332
 20
8.611349242062779
 10
2.847760263957222
 20
8.611349242062779
 10
2.90895312284611
 20
8.611349242062779
 10
2.912023128679444
 20
8.611349242062779
 10
2.912023128679444
 20
8.672542100951668
 10
2.853874368401666
 20
8.672542100951668
 10
2.853874368401666
 20
8.617463346507223
 10
2.90895312284611
 20
8.617463346507223
 10
2.90895312284611
 20
8.611349242062779
  0
LWPOLYLINE
  5
439
330
1F
100
AcDbEntity
  8
PDF_Geometry
370
     9
100
AcDbPolyline
 90
       11
 70
     0
 43
0.0
 10
4.55579751784611
 20
8.60400454456278
 10
4.55579751784611
 20
9.260040179285001
 10
4.555914100346111
 20
9.260040179285001
 10
4.556237940623888
 20
9.260040179285001
 10
4.556781992290556
 20
9.260040179285001
 10
4.557520348123889
 20
9.260040179285001
 10
4.558427100901667
 20
9.260040179285001
 10
4.559476343401666
 20
9.260040179285001
 10
4.560629214790555
 20
9.260040179285001
 10
4.641472701735
 20
9.260040179285001
 10
4.641472701735
 20
8.60400454456278
  0
LWPOLYLINE
  5
43A
330
1F
100
AcDbEntity
  8
PDF_Geometry
370
     9
100
AcDbPolyline
 90
        4
 70
     0
 43
0.0
 10
4.555914100346111
 20
8.512202302618334
 10
4.555914100346111
 20
7.417984864840557
 10
4.55579751784611
 20
7.417984864840557
 10
4.55579751784611
 20
8.512202302618334
  0
LWPOLYLINE
  5
43E
330
1F
100
AcDbEntity
  8
PDF_Geometry
370
     9
100
AcDbPolyline
 90
        2
 70
     0
 43
0.0
 10
4.555914100346111
 20
8.60400454456278
 10
4.555914100346111
 20
9.260040179285001
  0
LWPOLYLINE
  5
440
330
1F
100
AcDbEntity
  8
PDF_Geometry
370
     9
100
AcDbPolyline
 90
        3
 70
     0
 43
0.0
 10
4.555914100346111
 20
7.417984864840557
 10
4.556237940623888
 20
7.417984864840557
 10
4.556237940623888
 20
8.512202302618334
  0
LWPOLYLINE
  5
441
330
1F
100
AcDbEntity
  8
PDF_Geometry
370
     9
100
AcDbPolyline
 90
        2
 70
     0
 43
0.0
 10
4.556237940623888
 20
8.60400454456278
 10
4.556237940623888
 20
9.260040179285001
  0
LWPOLYLINE
  5
443
330
1F
100
AcDbEntity
  8
PDF_Geometry
370
     9
100
AcDbPolyline
 90
        3
 70
     0
 43
0.0
 10
4.556237940623888
 20
7.417984864840557
 10
4.556781992290556
 20
7.417984864840557
 10
4.556781992290556
 20
8.512202302618334
  0
LWPOLYLINE
  5
444
330
1F
100
AcDbEntity
  8
PDF_Geometry
370
     9
100
AcDbPolyline
 90
        2
 70
     0
 43
0.0
 10
4.556781992290556
 20
8.60400454456278
 10
4.556781992290556
 20
9.260040179285001
  0
LWPOLYLINE
  5
446
330
1F
100
AcDbEntity
  8
PDF_Geometry
370
     9
100
AcDbPolyline
 90
        3
 70
     0
 43
0.0
 10
4.556781992290556
 20
7.417984864840557
 10
4.557520348123889
 20
7.417984864840557
 10
4.557520348123889
 20
8.512202302618334
  0
LWPOLYLINE
  5
447
330
1F
100
AcDbEntity
  8
PDF_Geometry
370
     9
100
AcDbPolyline
 90
        2
 70
     0
 43
0.0
 10
4.557520348123889
 20
8.60400454456278
 10
4.557520348123889
 20
9.260040179285001
  0
LWPOLYLINE
  5
449
330
1F
100
AcDbEntity
  8
PDF_Geometry
370
     9
100
AcDbPolyline
 90
        3
 70
     0
 43
0.0
 10
4.557520348123889
 20
7.417984864840557
 10
4.558427100901667
 20
7.417984864840557
 10
4.558427100901667
 20
8.512202302618334
  0
LWPOLYLINE
  5
44A
330
1F
100
AcDbEntity
  8
PDF_Geometry
370
     9
100
AcDbPolyline
 90
        2
 70
     0
 43
0.0
 10
4.558427100901667
 20
8.60400454456278
 10
4.558427100901667
 20
9.260040179285001
  0
LWPOLYLINE
  5
44C
330
1F
100
AcDbEntity
  8
PDF_Geometry
370
     9
100
AcDbPolyline
 90
        3
 70
     0
 43
0.0
 10
4.558427100901667
 20
7.417984864840557
 10
4.559476343401666
 20
7.417984864840557
 10
4.559476343401666
 20
8.512202302618334
  0
LWPOLYLINE
  5
44D
330
1F
100
AcDbEntity
  8
PDF_Geometry
370
     9
100
AcDbPolyline
 90
        2
 70
     0
 43
0.0
 10
4.559476343401666
 20
8.60400454456278
 10
4.559476343401666
 20
9.260040179285001
  0
LWPOLYLINE
  5
44F
330
1F
100
AcDbEntity
  8
PDF_Geometry
370
     9
100
AcDbPolyline
 90
        3
 70
     0
 43
0.0
 10
4.559476343401666
 20
7.417984864840557
 10
4.560629214790555
 20
7.417984864840557
 10
4.560629214790555
 20
8.512202302618334
  0
LWPOLYLINE
  5
450
330
1F
100
AcDbEntity
  8
PDF_Geometry
370
     9
100
AcDbPolyline
 90
        2
 70
     0
 43
0.0
 10
4.560629214790555
 20
8.60400454456278
 10
4.560629214790555
 20
9.260040179285001
  0
LWPOLYLINE
  5
451
330
1F
100
AcDbEntity
  8
PDF_Geometry
370
     9
100
AcDbPolyline
 90
        2
 70
     0
 43
0.0
 10
4.561872761457221
 20
7.417984864840557
 10
4.561872761457221
 20
8.512202302618334
  0
LWPOLYLINE
  5
452
330
1F
100
AcDbEntity
  8
PDF_Geometry
370
     9
100
AcDbPolyline
 90
        2
 70
     0
 43
0.0
 10
4.561872761457221
 20
8.60400454456278
 10
4.561872761457221
 20
9.260040179285001
  0
LWPOLYLINE
  5
453
330
1F
100
AcDbEntity
  8
PDF_Geometry
370
     9
100
AcDbPolyline
 90
        2
 70
     0
 43
0.0
 10
4.563142215346111
 20
7.417984864840557
 10
4.563142215346111
 20
8.512202302618334
  0
LWPOLYLINE
  5
454
330
1F
100
AcDbEntity
  8
PDF_Geometry
370
     9
100
AcDbPolyline
 90
        2
 70
     0
 43
0.0
 10
4.563142215346111
 20
8.60400454456278
 10
4.563142215346111
 20
9.260040179285001
  0
LWPOLYLINE
  5
455
330
1F
100
AcDbEntity
  8
PDF_Geometry
370
     9
100
AcDbPolyline
 90
        2
 70
     0
 43
0.0
 10
4.634140957846111
 20
7.417984864840557
 10
4.634140957846111
 20
8.512202302618334
  0
LWPOLYLINE
  5
456
330
1F
100
AcDbEntity
  8
PDF_Geometry
370
     9
100
AcDbPolyline
 90
        2
 70
     0
 43
0.0
 10
4.634140957846111
 20
8.60400454456278
 10
4.634140957846111
 20
9.260040179285001
  0
LWPOLYLINE
  5
457
330
1F
100
AcDbEntity
  8
PDF_Geometry
370
     9
100
AcDbPolyline
 90
        2
 70
     0
 43
0.0
 10
4.635410411735001
 20
7.417984864840557
 10
4.635410411735001
 20
8.512202302618334
  0
LWPOLYLINE
  5
458
330
1F
100
AcDbEntity
  8
PDF_Geometry
370
     9
100
AcDbPolyline
 90
        2
 70
     0
 43
0.0
 10
4.635410411735001
 20
8.60400454456278
 10
4.635410411735001
 20
9.260040179285001
  0
LWPOLYLINE
  5
459
330
1F
100
AcDbEntity
  8
PDF_Geometry
370
     9
100
AcDbPolyline
 90
        2
 70
     0
 43
0.0
 10
4.636641004790556
 20
7.417984864840557
 10
4.636641004790556
 20
8.512202302618334
  0
LWPOLYLINE
  5
45A
330
1F
100
AcDbEntity
  8
PDF_Geometry
370
     9
100
AcDbPolyline
 90
        2
 70
     0
 43
0.0
 10
4.636641004790556
 20
8.60400454456278
 10
4.636641004790556
 20
9.260040179285001
  0
LWPOLYLINE
  5
45B
330
1F
100
AcDbEntity
  8
PDF_Geometry
370
     9
100
AcDbPolyline
 90
        2
 70
     0
 43
0.0
 10
4.637806829790555
 20
7.417984864840557
 10
4.637806829790555
 20
8.512202302618334
  0
LWPOLYLINE
  5
45C
330
1F
100
AcDbEntity
  8
PDF_Geometry
370
     9
100
AcDbPolyline
 90
        2
 70
     0
 43
0.0
 10
4.637806829790555
 20
8.60400454456278
 10
4.637806829790555
 20
9.260040179285001
  0
LWPOLYLINE
  5
45D
330
1F
100
AcDbEntity
  8
PDF_Geometry
370
     9
100
AcDbPolyline
 90
        2
 70
     0
 43
0.0
 10
4.638856072290556
 20
7.417984864840557
 10
4.638856072290556
 20
8.512202302618334
  0
LWPOLYLINE
  5
45E
330
1F
100
AcDbEntity
  8
PDF_Geometry
370
     9
100
AcDbPolyline
 90
        2
 70
     0
 43
0.0
 10
4.638856072290556
 20
8.60400454456278
 10
4.638856072290556
 20
9.260040179285001
  0
LWPOLYLINE
  5
45F
330
1F
100
AcDbEntity
  8
PDF_Geometry
370
     9
100
AcDbPolyline
 90
        2
 70
     0
 43
0.0
 10
4.639762825068332
 20
7.417984864840557
 10
4.639762825068332
 20
8.512202302618334
  0
LWPOLYLINE
  5
460
330
1F
100
AcDbEntity
  8
PDF_Geometry
370
     9
100
AcDbPolyline
 90
        2
 70
     0
 43
0.0
 10
4.639762825068332
 20
8.60400454456278
 10
4.639762825068332
 20
9.260040179285001
  0
LWPOLYLINE
  5
461
330
1F
100
AcDbEntity
  8
PDF_Geometry
370
     9
100
AcDbPolyline
 90
        2
 70
     0
 43
0.0
 10
4.640488227290554
 20
7.417984864840557
 10
4.640488227290554
 20
8.512202302618334
  0
LWPOLYLINE
  5
462
330
1F
100
AcDbEntity
  8
PDF_Geometry
370
     9
100
AcDbPolyline
 90
        2
 70
     0
 43
0.0
 10
4.640488227290554
 20
8.60400454456278
 10
4.640488227290554
 20
9.260040179285001
  0
LWPOLYLINE
  5
463
330
1F
100
AcDbEntity
  8
PDF_Geometry
370
     9
100
AcDbPolyline
 90
        2
 70
     0
 43
0.0
 10
4.641032278957221
 20
7.417984864840557
 10
4.641032278957221
 20
8.512202302618334
  0
LWPOLYLINE
  5
464
330
1F
100
AcDbEntity
  8
PDF_Geometry
370
     9
100
AcDbPolyline
 90
        2
 70
     0
 43
0.0
 10
4.641032278957221
 20
8.60400454456278
 10
4.641032278957221
 20
9.260040179285001
  0
LWPOLYLINE
  5
465
330
1F
100
AcDbEntity
  8
PDF_Geometry
370
     9
100
AcDbPolyline
 90
        2
 70
     0
 43
0.0
 10
4.641369072846111
 20
7.417984864840557
 10
4.641369072846111
 20
8.512202302618334
  0
LWPOLYLINE
  5
466
330
1F
100
AcDbEntity
  8
PDF_Geometry
370
     9
100
AcDbPolyline
 90
        2
 70
     0
 43
0.0
 10
4.641369072846111
 20
8.60400454456278
 10
4.641369072846111
 20
9.260040179285001
  0
LWPOLYLINE
  5
467
330
1F
100
AcDbEntity
  8
PDF_Geometry
370
     9
100
AcDbPolyline
 90
        3
 70
     0
 43
0.0
 10
4.560629214790555
 20
7.417984864840557
 10
4.641472701735
 20
7.417984864840557
 10
4.641472701735
 20
8.512202302618334
  0
LWPOLYLINE
  5
471
330
1F
100
AcDbEntity
  8
PDF_Geometry
370
     9
100
AcDbPolyline
 90
        2
 70
     1
 43
0.0
 10
8.30847161034611
 20
8.512202302618334
 10
8.30847161034611
 20
5.965444636507223
  0
LWPOLYLINE
  5
472
330
1F
100
AcDbEntity
  8
PDF_Geometry
370
     9
100
AcDbPolyline
 90
        4
 70
     0
 43
0.0
 10
4.505654089235
 20
8.512202302618334
 10
4.505654089235
 20
8.50853643067389
 10
4.532506925068333
 20
8.50853643067389
 10
4.532506925068333
 20
8.512202302618334
  0
LWPOLYLINE
  5
473
330
1F
100
AcDbEntity
  8
PDF_Geometry
370
     9
100
AcDbPolyline
 90
        2
 70
     0
 43
0.0
 10
4.525796954512777
 20
8.50853643067389
 10
4.525796954512777
 20
8.512202302618334
  0
LWPOLYLINE
  5
474
330
1F
100
AcDbEntity
  8
PDF_Geometry
370
     9
100
AcDbPolyline
 90
        2
 70
     0
 43
0.0
 10
4.512364059790556
 20
8.50853643067389
 10
4.512364059790556
 20
8.512202302618334
  0
LWPOLYLINE
  5
477
330
1F
100
AcDbEntity
  8
PDF_Geometry
370
     9
100
AcDbPolyline
 90
        2
 70
     0
 43
0.0
 10
3.202067435068332
 20
7.529981786507224
 10
3.202067435068332
 20
7.539761762896112
  0
LWPOLYLINE
  5
478
330
1F
100
AcDbEntity
  8
PDF_Geometry
370
     9
100
AcDbPolyline
 90
        2
 70
     0
 43
0.0
 10
3.188647493957221
 20
7.529981786507224
 10
3.188647493957221
 20
7.539761762896112
  0
LWPOLYLINE
  5
479
330
1F
100
AcDbEntity
  8
PDF_Geometry
370
     9
100
AcDbPolyline
 90
        4
 70
     0
 43
0.0
 10
3.181937523401666
 20
7.529981786507224
 10
3.181937523401666
 20
7.539761762896112
 10
3.208790359234999
 20
7.539761762896112
 10
3.208790359234999
 20
7.529981786507224
  0
LWPOLYLINE
  5
47C
330
1F
100
AcDbEntity
  8
PDF_Geometry
370
     9
100
AcDbPolyline
 90
        4
 70
     0
 43
0.0
 10
2.594400584235
 20
9.350624781785001
 10
2.594400584235
 20
9.340831851785001
 10
2.617652316179444
 20
9.340831851785001
 10
2.617652316179444
 20
9.350624781785001
  0
LWPOLYLINE
  5
47E
330
1F
100
AcDbEntity
  8
PDF_Geometry
370
     9
100
AcDbPolyline
 90
        2
 70
     0
 43
0.0
 10
2.606032927012778
 20
9.340831851785001
 10
2.606032927012778
 20
9.350624781785001
  0
LWPOLYLINE
  5
480
330
1F
100
AcDbEntity
  8
PDF_Geometry
370
     9
100
AcDbPolyline
 90
        4
 70
     0
 43
0.0
 10
2.692316930623888
 20
9.350624781785001
 10
2.692316930623888
 20
9.340831851785001
 10
2.715568662568332
 20
9.340831851785001
 10
2.715568662568332
 20
9.350624781785001
  0
LWPOLYLINE
  5
482
330
1F
100
AcDbEntity
  8
PDF_Geometry
370
     9
100
AcDbPolyline
 90
        2
 70
     0
 43
0.0
 10
2.703949273401667
 20
9.340831851785001
 10
2.703949273401667
 20
9.350624781785001
  0
LWPOLYLINE
  5
484
330
1F
100
AcDbEntity
  8
PDF_Geometry
370
     9
100
AcDbPolyline
 90
        3
 70
     0
 43
0.0
 10
2.755958022012777
 20
9.350624781785001
 10
2.563195335068334
 20
9.350624781785001
 10
2.755958022012777
 20
9.308719849840557
  0
LWPOLYLINE
  5
485
330
1F
100
AcDbEntity
  8
PDF_Geometry
370
     9
100
AcDbPolyline
 90
        2
 70
     0
 43
0.0
 10
2.74678686534611
 20
9.357969479285001
 10
2.755958022012777
 20
9.357969479285001
  0
LWPOLYLINE
  5
487
330
1F
100
AcDbEntity
  8
PDF_Geometry
370
     9
100
AcDbPolyline
 90
        2
 70
     0
 43
0.0
 10
2.563195335068334
 20
9.350624781785001
 10
2.563195335068334
 20
9.357969479285001
  0
LWPOLYLINE
  5
488
330
1F
100
AcDbEntity
  8
PDF_Geometry
370
     9
100
AcDbPolyline
 90
        2
 70
     0
 43
0.0
 10
4.546004587846111
 20
7.461418322896112
 10
4.55579751784611
 20
7.461418322896112
  0
LWPOLYLINE
  5
489
330
1F
100
AcDbEntity
  8
PDF_Geometry
370
     9
100
AcDbPolyline
 90
        2
 70
     0
 43
0.0
 10
4.546004587846111
 20
7.44798542817389
 10
4.55579751784611
 20
7.44798542817389
  0
LWPOLYLINE
  5
48A
330
1F
100
AcDbEntity
  8
PDF_Geometry
370
     9
100
AcDbPolyline
 90
        4
 70
     0
 43
0.0
 10
4.55579751784611
 20
7.468128293451668
 10
4.546004587846111
 20
7.468128293451668
 10
4.546004587846111
 20
7.441275457618335
 10
4.55579751784611
 20
7.441275457618335
  0
LWPOLYLINE
  5
48D
330
1F
100
AcDbEntity
  8
PDF_Geometry
370
     9
100
AcDbPolyline
 90
        4
 70
     0
 43
0.0
 10
3.331836711179444
 20
7.573998157062779
 10
3.341629641179443
 20
7.573998157062779
 10
3.341629641179443
 20
7.547145321229446
 10
3.331836711179444
 20
7.547145321229446
  0
LWPOLYLINE
  5
48E
330
1F
100
AcDbEntity
  8
PDF_Geometry
370
     9
100
AcDbPolyline
 90
        2
 70
     0
 43
0.0
 10
3.331836711179444
 20
7.567288186507223
 10
3.341629641179443
 20
7.567288186507223
  0
LWPOLYLINE
  5
48F
330
1F
100
AcDbEntity
  8
PDF_Geometry
370
     9
100
AcDbPolyline
 90
        2
 70
     0
 43
0.0
 10
3.331836711179444
 20
7.553868245396112
 10
3.341629641179443
 20
7.553868245396112
  0
LWPOLYLINE
  5
492
330
1F
100
AcDbEntity
  8
PDF_Geometry
370
     9
100
AcDbPolyline
 90
        3
 70
     0
 43
0.0
 10
2.939562505901666
 20
9.308719849840557
 10
3.132338146457223
 20
9.350624781785001
 10
2.939562505901666
 20
9.350624781785001
  0
LWPOLYLINE
  5
493
330
1F
100
AcDbEntity
  8
PDF_Geometry
370
     9
100
AcDbPolyline
 90
        6
 70
     0
 43
0.0
 10
3.323883193957222
 20
9.260040179285001
 10
3.323883193957222
 20
9.351842421229445
 10
3.256563277012778
 20
9.351842421229445
 10
3.256563277012778
 20
9.357969479285001
 10
3.329997298401666
 20
9.357969479285001
 10
3.329997298401666
 20
9.260040179285001
  0
LWPOLYLINE
  5
499
330
1F
100
AcDbEntity
  8
PDF_Geometry
370
     9
100
AcDbPolyline
 90
        3
 70
     0
 43
0.0
 10
2.939562505901666
 20
9.357969479285001
 10
3.132338146457223
 20
9.357969479285001
 10
3.132338146457223
 20
9.350624781785001
  0
LWPOLYLINE
  5
49C
330
1F
100
AcDbEntity
  8
PDF_Geometry
370
     9
100
AcDbPolyline
 90
        8
 70
     0
 43
0.0
 10
7.187686316179444
 20
5.842748032062779
 10
4.259600246179444
 20
5.842748032062779
 10
4.259600246179444
 20
5.828058637062779
 10
4.259600246179444
 20
5.780454116229446
 10
9.767436829790554
 20
5.780454116229446
 10
9.767436829790554
 20
5.828058637062779
 10
9.767436829790554
 20
5.842748032062779
 10
9.429256904512778
 20
5.842748032062779
  0
LWPOLYLINE
  5
49E
330
1F
100
AcDbEntity
  8
PDF_Geometry
370
     9
100
AcDbPolyline
 90
        2
 70
     0
 43
0.0
 10
7.22611968034611
 20
5.842748032062779
 10
9.39082354034611
 20
5.842748032062779
  0
LWPOLYLINE
  5
4A0
330
1F
100
AcDbEntity
  8
PDF_Geometry
370
     9
100
AcDbPolyline
 90
        2
 70
     1
 43
0.0
 10
9.767436829790554
 20
5.828058637062779
 10
4.259600246179444
 20
5.828058637062779
  0
LWPOLYLINE
  5
4A1
330
1F
100
AcDbEntity
  8
PDF_Geometry
370
     9
100
AcDbPolyline
 90
        2
 70
     0
 43
0.0
 10
2.939562505901666
 20
7.472765686229445
 10
2.948733662568333
 20
7.474760542340557
  0
LWPOLYLINE
  5
4A2
330
1F
100
AcDbEntity
  8
PDF_Geometry
370
     9
100
AcDbPolyline
 90
        4
 70
     0
 43
0.0
 10
3.331836711179444
 20
9.236749586507222
 10
3.341629641179443
 20
9.236749586507222
 10
3.341629641179443
 20
9.209896750673889
 10
3.331836711179444
 20
9.209896750673889
  0
LWPOLYLINE
  5
4A3
330
1F
100
AcDbEntity
  8
PDF_Geometry
370
     9
100
AcDbPolyline
 90
        2
 70
     0
 43
0.0
 10
3.331836711179444
 20
9.230039615951667
 10
3.341629641179443
 20
9.230039615951667
  0
LWPOLYLINE
  5
4A4
330
1F
100
AcDbEntity
  8
PDF_Geometry
370
     9
100
AcDbPolyline
 90
        2
 70
     0
 43
0.0
 10
3.331836711179444
 20
9.216619674840556
 10
3.341629641179443
 20
9.216619674840556
  0
LWPOLYLINE
  5
4A7
330
1F
100
AcDbEntity
  8
PDF_Geometry
370
     9
100
AcDbPolyline
 90
        4
 70
     0
 43
0.0
 10
3.077868211735
 20
7.523854728451667
 10
3.077868211735
 20
7.533647658451668
 10
3.101119943679445
 20
7.533647658451668
 10
3.101119943679445
 20
7.523854728451667
  0
LWPOLYLINE
  5
4A9
330
1F
100
AcDbEntity
  8
PDF_Geometry
370
     9
100
AcDbPolyline
 90
        2
 70
     0
 43
0.0
 10
3.089487600901667
 20
7.523854728451667
 10
3.089487600901667
 20
7.533647658451668
  0
LWPOLYLINE
  5
4AB
330
1F
100
AcDbEntity
  8
PDF_Geometry
370
     9
100
AcDbPolyline
 90
        4
 70
     0
 43
0.0
 10
2.97995186534611
 20
7.523854728451667
 10
2.97995186534611
 20
7.533647658451668
 10
3.003203597290555
 20
7.533647658451668
 10
3.003203597290555
 20
7.523854728451667
  0
LWPOLYLINE
  5
4AD
330
1F
100
AcDbEntity
  8
PDF_Geometry
370
     9
100
AcDbPolyline
 90
        2
 70
     0
 43
0.0
 10
2.991571254512777
 20
7.523854728451667
 10
2.991571254512777
 20
7.533647658451668
  0
LWPOLYLINE
  5
4AF
330
1F
100
AcDbEntity
  8
PDF_Geometry
370
     9
100
AcDbPolyline
 90
        6
 70
     0
 43
0.0
 10
4.557636930623888
 20
9.260040179285001
 10
4.557636930623888
 20
9.357969479285001
 10
4.631070952012778
 20
9.357969479285001
 10
4.631070952012778
 20
9.351842421229445
 10
4.563763988679444
 20
9.351842421229445
 10
4.563763988679444
 20
9.260040179285001
  0
LWPOLYLINE
  5
4B4
330
1F
100
AcDbEntity
  8
PDF_Geometry
370
     9
100
AcDbPolyline
 90
        4
 70
     0
 43
0.0
 10
4.55579751784611
 20
9.236749586507222
 10
4.546004587846111
 20
9.236749586507222
 10
4.546004587846111
 20
9.209896750673889
 10
4.55579751784611
 20
9.209896750673889
  0
LWPOLYLINE
  5
4B5
330
1F
100
AcDbEntity
  8
PDF_Geometry
370
     9
100
AcDbPolyline
 90
        2
 70
     0
 43
0.0
 10
4.546004587846111
 20
9.216619674840556
 10
4.55579751784611
 20
9.216619674840556
  0
LWPOLYLINE
  5
4B6
330
1F
100
AcDbEntity
  8
PDF_Geometry
370
     9
100
AcDbPolyline
 90
        2
 70
     0
 43
0.0
 10
4.546004587846111
 20
9.230039615951667
 10
4.55579751784611
 20
9.230039615951667
  0
LWPOLYLINE
  5
4B9
330
1F
100
AcDbEntity
  8
PDF_Geometry
370
     9
100
AcDbPolyline
 90
        3
 70
     0
 43
0.0
 10
2.939562505901666
 20
5.967581982340557
 10
2.939562505901666
 20
7.399629597896112
 10
6.892965756179444
 20
7.399629597896112
  0
LWPOLYLINE
  5
4BC
330
1F
100
AcDbEntity
  8
PDF_Geometry
370
     9
100
AcDbPolyline
 90
        4
 70
     0
 43
0.0
 10
3.267612707290554
 20
7.406974295396112
 10
3.267612707290554
 20
7.416754271785001
 10
3.294465543123889
 20
7.416754271785001
 10
3.294465543123889
 20
7.406974295396112
  0
LWPOLYLINE
  5
4BD
330
1F
100
AcDbEntity
  8
PDF_Geometry
370
     9
100
AcDbPolyline
 90
        2
 70
     0
 43
0.0
 10
3.274335631457223
 20
7.406974295396112
 10
3.274335631457223
 20
7.416754271785001
  0
LWPOLYLINE
  5
4BE
330
1F
100
AcDbEntity
  8
PDF_Geometry
370
     9
100
AcDbPolyline
 90
        2
 70
     0
 43
0.0
 10
3.287755572568332
 20
7.406974295396112
 10
3.287755572568332
 20
7.416754271785001
  0
LWPOLYLINE
  5
4C1
330
1F
100
AcDbEntity
  8
PDF_Geometry
370
     9
100
AcDbPolyline
 90
        4
 70
     0
 43
0.0
 10
4.55579751784611
 20
7.573998157062779
 10
4.546004587846111
 20
7.573998157062779
 10
4.546004587846111
 20
7.547145321229446
 10
4.55579751784611
 20
7.547145321229446
  0
LWPOLYLINE
  5
4C2
330
1F
100
AcDbEntity
  8
PDF_Geometry
370
     9
100
AcDbPolyline
 90
        2
 70
     0
 43
0.0
 10
4.546004587846111
 20
7.553868245396112
 10
4.55579751784611
 20
7.553868245396112
  0
LWPOLYLINE
  5
4C3
330
1F
100
AcDbEntity
  8
PDF_Geometry
370
     9
100
AcDbPolyline
 90
        2
 70
     0
 43
0.0
 10
4.546004587846111
 20
7.567288186507223
 10
4.55579751784611
 20
7.567288186507223
  0
LWPOLYLINE
  5
4C7
330
1F
100
AcDbEntity
  8
PDF_Geometry
370
     9
100
AcDbPolyline
 90
        4
 70
     0
 43
0.0
 10
3.031351794235001
 20
5.906389123451668
 10
3.031351794235001
 20
5.967581982340557
 10
2.664168733679443
 20
5.967581982340557
 10
2.664168733679443
 20
5.906389123451668
  0
LWPOLYLINE
  5
4CA
330
1F
100
AcDbEntity
  8
PDF_Geometry
370
     9
100
AcDbPolyline
 90
        4
 70
     0
 43
0.0
 10
4.678843869790554
 20
8.512202302618334
 10
4.678843869790554
 20
8.50853643067389
 10
4.705696705623888
 20
8.50853643067389
 10
4.705696705623888
 20
8.512202302618334
  0
LWPOLYLINE
  5
4CB
330
1F
100
AcDbEntity
  8
PDF_Geometry
370
     9
100
AcDbPolyline
 90
        2
 70
     0
 43
0.0
 10
4.698986735068333
 20
8.50853643067389
 10
4.698986735068333
 20
8.512202302618334
  0
LWPOLYLINE
  5
4CC
330
1F
100
AcDbEntity
  8
PDF_Geometry
370
     9
100
AcDbPolyline
 90
        2
 70
     0
 43
0.0
 10
4.685553840346111
 20
8.50853643067389
 10
4.685553840346111
 20
8.512202302618334
  0
LWPOLYLINE
  5
4CF
330
1F
100
AcDbEntity
  8
PDF_Geometry
370
     9
100
AcDbPolyline
 90
        2
 70
     0
 43
0.0
 10
4.698986735068333
 20
7.529981786507224
 10
4.698986735068333
 20
7.539761762896112
  0
LWPOLYLINE
  5
4D0
330
1F
100
AcDbEntity
  8
PDF_Geometry
370
     9
100
AcDbPolyline
 90
        2
 70
     0
 43
0.0
 10
4.685566793957222
 20
7.529981786507224
 10
4.685566793957222
 20
7.539761762896112
  0
LWPOLYLINE
  5
4D1
330
1F
100
AcDbEntity
  8
PDF_Geometry
370
     9
100
AcDbPolyline
 90
        4
 70
     0
 43
0.0
 10
4.678856823401665
 20
7.529981786507224
 10
4.678856823401665
 20
7.539761762896112
 10
4.705709659234999
 20
7.539761762896112
 10
4.705709659234999
 20
7.529981786507224
  0
LWPOLYLINE
  5
4D4
330
1F
100
AcDbEntity
  8
PDF_Geometry
370
     9
100
AcDbPolyline
 90
        4
 70
     0
 43
0.0
 10
2.725361592568334
 20
5.967581982340557
 10
2.725361592568334
 20
5.987167842340557
 10
2.970158935346112
 20
5.987167842340557
 10
2.970158935346112
 20
5.967581982340557
  0
LWPOLYLINE
  5
4D7
330
1F
100
AcDbEntity
  8
PDF_Geometry
370
     9
100
AcDbPolyline
 90
        4
 70
     0
 43
0.0
 10
3.355127303957224
 20
8.51832936067389
 10
3.355127303957224
 20
8.50853643067389
 10
3.381980139790555
 20
8.50853643067389
 10
3.381980139790555
 20
8.51832936067389
  0
LWPOLYLINE
  5
4D8
330
1F
100
AcDbEntity
  8
PDF_Geometry
370
     9
100
AcDbPolyline
 90
        2
 70
     0
 43
0.0
 10
3.375270169234999
 20
8.50853643067389
 10
3.375270169234999
 20
8.51832936067389
  0
LWPOLYLINE
  5
4D9
330
1F
100
AcDbEntity
  8
PDF_Geometry
370
     9
100
AcDbPolyline
 90
        2
 70
     0
 43
0.0
 10
3.361850228123889
 20
8.50853643067389
 10
3.361850228123889
 20
8.51832936067389
  0
LWPOLYLINE
  5
4DC
330
1F
100
AcDbEntity
  8
PDF_Geometry
370
     9
100
AcDbPolyline
 90
        4
 70
     0
 43
0.0
 10
2.939562505901666
 20
9.779816778729445
 10
2.939562505901666
 20
5.987167842340557
 10
2.755958022012777
 20
5.987167842340557
 10
2.755958022012777
 20
9.779816778729445
  0
LWPOLYLINE
  5
4DF
330
1F
100
AcDbEntity
  8
PDF_Geometry
370
     9
100
AcDbPolyline
 90
        7
 70
     0
 43
0.0
 10
3.238195056457223
 20
7.529981786507224
 10
3.238195056457223
 20
7.612768315118334
 10
2.948733662568333
 20
7.612768315118334
 10
2.948733662568333
 20
7.433114682618334
 10
3.238195056457223
 20
7.433114682618334
 10
3.238195056457223
 20
7.523854728451667
 10
2.948733662568333
 20
7.523854728451667
  0
LWPOLYLINE
  5
4E0
330
1F
100
AcDbEntity
  8
PDF_Geometry
370
     9
100
AcDbPolyline
 90
        2
 70
     0
 43
0.0
 10
2.948733662568333
 20
7.594698027618335
 10
3.238195056457223
 20
7.594698027618335
  0
LWPOLYLINE
  5
4E1
330
1F
100
AcDbEntity
  8
PDF_Geometry
370
     9
100
AcDbPolyline
 90
        2
 70
     0
 43
0.0
 10
2.948733662568333
 20
7.611472954007223
 10
3.238195056457223
 20
7.611472954007223
  0
LWPOLYLINE
  5
4E4
330
1F
100
AcDbEntity
  8
PDF_Geometry
370
     9
100
AcDbPolyline
 90
        2
 70
     0
 43
0.0
 10
2.948733662568333
 20
7.450420707062779
 10
3.238195056457223
 20
7.450420707062779
  0
LWPOLYLINE
  5
4E8
330
1F
100
AcDbEntity
  8
PDF_Geometry
370
     9
100
AcDbPolyline
 90
        4
 70
     0
 43
0.0
 10
2.617652316179444
 20
7.523854728451667
 10
2.617652316179444
 20
7.533647658451668
 10
2.594400584235
 20
7.533647658451668
 10
2.594400584235
 20
7.523854728451667
  0
LWPOLYLINE
  5
4E9
330
1F
100
AcDbEntity
  8
PDF_Geometry
370
     9
100
AcDbPolyline
 90
        2
 70
     0
 43
0.0
 10
2.606032927012778
 20
7.523854728451667
 10
2.606032927012778
 20
7.533647658451668
  0
LWPOLYLINE
  5
4EC
330
1F
100
AcDbEntity
  8
PDF_Geometry
370
     9
100
AcDbPolyline
 90
        4
 70
     0
 43
0.0
 10
2.715568662568332
 20
7.523854728451667
 10
2.715568662568332
 20
7.533647658451668
 10
2.692316930623888
 20
7.533647658451668
 10
2.692316930623888
 20
7.523854728451667
  0
LWPOLYLINE
  5
4ED
330
1F
100
AcDbEntity
  8
PDF_Geometry
370
     9
100
AcDbPolyline
 90
        2
 70
     0
 43
0.0
 10
2.703949273401667
 20
7.523854728451667
 10
2.703949273401667
 20
7.533647658451668
  0
LWPOLYLINE
  5
4F0
330
1F
100
AcDbEntity
  8
PDF_Geometry
370
     9
100
AcDbPolyline
 90
        4
 70
     0
 43
0.0
 10
4.593168685901666
 20
7.406974295396112
 10
4.593168685901666
 20
7.416754271785001
 10
4.620021521734999
 20
7.416754271785001
 10
4.620021521734999
 20
7.406974295396112
  0
LWPOLYLINE
  5
4F1
330
1F
100
AcDbEntity
  8
PDF_Geometry
370
     9
100
AcDbPolyline
 90
        2
 70
     0
 43
0.0
 10
4.599878656457222
 20
7.406974295396112
 10
4.599878656457222
 20
7.416754271785001
  0
LWPOLYLINE
  5
4F2
330
1F
100
AcDbEntity
  8
PDF_Geometry
370
     9
100
AcDbPolyline
 90
        2
 70
     0
 43
0.0
 10
4.613311551179444
 20
7.406974295396112
 10
4.613311551179444
 20
7.416754271785001
  0
LWPOLYLINE
  5
4F5
330
1F
100
AcDbEntity
  8
PDF_Geometry
370
     9
100
AcDbPolyline
 90
        2
 70
     0
 43
0.0
 10
2.74678686534611
 20
7.474760542340557
 10
2.755958022012777
 20
7.472765686229445
  0
LWPOLYLINE
  5
4F6
330
1F
100
AcDbEntity
  8
PDF_Geometry
370
     9
100
AcDbPolyline
 90
        4
 70
     0
 43
0.0
 10
3.238208010068333
 20
7.399629597896112
 10
3.238208010068333
 20
7.406974295396112
 10
3.322652600901667
 20
7.406974295396112
 10
3.322652600901667
 20
7.417984864840557
  0
LWPOLYLINE
  5
4F9
330
1F
100
AcDbEntity
  8
PDF_Geometry
370
     9
100
AcDbPolyline
 90
        2
 70
     0
 43
0.0
 10
3.329997298401666
 20
7.399629597896112
 10
3.329997298401666
 20
7.417984864840557
  0
LWPOLYLINE
  5
4FA
330
1F
100
AcDbEntity
  8
PDF_Geometry
370
     9
100
AcDbPolyline
 90
        8
 70
     0
 43
0.0
 10
1.587322088401666
 20
7.399629597896112
 10
1.477164579512777
 20
7.509787106785001
 10
0.8628395725683333
 20
7.509787106785001
 10
0.7526820636794458
 20
7.399629597896112
 10
0.8628395725683333
 20
7.289472089007223
 10
1.477164579512777
 20
7.289472089007223
 10
1.587322088401666
 20
7.399629597896112
 10
11.51489192229055
 20
7.399629597896112
  0
LWPOLYLINE
  5
501
330
1F
100
AcDbEntity
  8
PDF_Geometry
370
     9
100
AcDbPolyline
 90
        3
 70
     0
 43
0.0
 10
4.729000252012778
 20
7.523854728451667
 10
4.729000252012778
 20
7.529981786507224
 10
4.641472701735
 20
7.529981786507224
  0
LWPOLYLINE
  5
502
330
1F
100
AcDbEntity
  8
PDF_Geometry
370
     9
100
AcDbPolyline
 90
        4
 70
     0
 43
0.0
 10
4.641472701735
 20
7.523854728451667
 10
4.649439172568333
 20
7.523854728451667
 10
4.649439172568333
 20
7.433114682618334
 10
6.892965756179444
 20
7.433114682618334
  0
LWPOLYLINE
  5
504
330
1F
100
AcDbEntity
  8
PDF_Geometry
370
     9
100
AcDbPolyline
 90
        3
 70
     0
 43
0.0
 10
3.158646930623889
 20
7.523854728451667
 10
3.158646930623889
 20
7.529981786507224
 10
3.246161527290555
 20
7.529981786507224
  0
LWPOLYLINE
  5
506
330
1F
100
AcDbEntity
  8
PDF_Geometry
370
     9
100
AcDbPolyline
 90
        2
 70
     0
 43
0.0
 10
3.238195056457223
 20
7.523854728451667
 10
3.246161527290555
 20
7.523854728451667
  0
LWPOLYLINE
  5
507
330
1F
100
AcDbEntity
  8
PDF_Geometry
370
     9
100
AcDbPolyline
 90
        2
 70
     0
 43
0.0
 10
3.331836711179444
 20
7.44798542817389
 10
3.341629641179443
 20
7.44798542817389
  0
LWPOLYLINE
  5
508
330
1F
100
AcDbEntity
  8
PDF_Geometry
370
     9
100
AcDbPolyline
 90
        2
 70
     0
 43
0.0
 10
3.331836711179444
 20
7.461418322896112
 10
3.341629641179443
 20
7.461418322896112
  0
LWPOLYLINE
  5
509
330
1F
100
AcDbEntity
  8
PDF_Geometry
370
     9
100
AcDbPolyline
 90
        4
 70
     0
 43
0.0
 10
3.331836711179444
 20
7.468128293451668
 10
3.341629641179443
 20
7.468128293451668
 10
3.341629641179443
 20
7.441275457618335
 10
3.331836711179444
 20
7.441275457618335
  0
LWPOLYLINE
  5
50C
330
1F
100
AcDbEntity
  8
PDF_Geometry
370
     9
100
AcDbPolyline
 90
        4
 70
     0
 43
0.0
 10
4.649439172568333
 20
7.399629597896112
 10
4.649439172568333
 20
7.406974295396112
 10
4.56498162812389
 20
7.406974295396112
 10
4.56498162812389
 20
7.417984864840557
  0
LWPOLYLINE
  5
50F
330
1F
100
AcDbEntity
  8
PDF_Geometry
370
     9
100
AcDbPolyline
 90
        2
 70
     0
 43
0.0
 10
4.557636930623888
 20
7.399629597896112
 10
4.557636930623888
 20
7.417984864840557
  0
LWPOLYLINE
  5
510
330
1F
100
AcDbEntity
  8
PDF_Geometry
370
     9
100
AcDbPolyline
 90
        2
 70
     0
 43
0.0
 10
10.09790935645722
 20
7.472118005673889
 10
10.10402346090166
 20
7.470693108451667
  0
LWPOLYLINE
  5
511
330
1F
100
AcDbEntity
  8
PDF_Geometry
370
     9
100
AcDbPolyline
 90
        4
 70
     0
 43
0.0
 10
2.517235922846111
 20
7.612768315118334
 10
2.74678686534611
 20
7.612768315118334
 10
2.74678686534611
 20
7.433114682618334
 10
2.517235922846111
 20
7.433114682618334
  0
LWPOLYLINE
  5
512
330
1F
100
AcDbEntity
  8
PDF_Geometry
370
     9
100
AcDbPolyline
 90
        2
 70
     0
 43
0.0
 10
2.517235922846111
 20
7.450420707062779
 10
2.74678686534611
 20
7.450420707062779
  0
LWPOLYLINE
  5
515
330
1F
100
AcDbEntity
  8
PDF_Geometry
370
     9
100
AcDbPolyline
 90
        2
 70
     0
 43
0.0
 10
2.517235922846111
 20
7.611472954007223
 10
2.74678686534611
 20
7.611472954007223
  0
LWPOLYLINE
  5
516
330
1F
100
AcDbEntity
  8
PDF_Geometry
370
     9
100
AcDbPolyline
 90
        2
 70
     0
 43
0.0
 10
2.517235922846111
 20
7.594698027618335
 10
2.74678686534611
 20
7.594698027618335
  0
LWPOLYLINE
  5
517
330
1F
100
AcDbEntity
  8
PDF_Geometry
370
     9
100
AcDbPolyline
 90
        2
 70
     0
 43
0.0
 10
2.517235922846111
 20
7.523854728451667
 10
2.74678686534611
 20
7.523854728451667
  0
LWPOLYLINE
  5
518
330
1F
100
AcDbEntity
  8
PDF_Geometry
370
     9
100
AcDbPolyline
 90
        4
 70
     1
 43
0.0
 10
10.01222121895722
 20
5.906389123451668
 10
10.34880785006833
 20
5.906389123451668
 10
10.34880785006833
 20
5.967581982340557
 10
10.01222121895722
 20
5.967581982340557
  0
LWPOLYLINE
  5
51C
330
1F
100
AcDbEntity
  8
PDF_Geometry
370
     9
100
AcDbPolyline
 90
        2
 70
     0
 43
0.0
 10
6.957228620901666
 20
9.342062444840557
 10
6.957228620901666
 20
9.351855374840557
  0
LWPOLYLINE
  5
51D
330
1F
100
AcDbEntity
  8
PDF_Geometry
370
     9
100
AcDbPolyline
 90
        2
 70
     0
 43
0.0
 10
6.970661515623889
 20
9.342062444840557
 10
6.970661515623889
 20
9.351855374840557
  0
LWPOLYLINE
  5
51E
330
1F
100
AcDbEntity
  8
PDF_Geometry
370
     9
100
AcDbPolyline
 90
        4
 70
     0
 43
0.0
 10
6.950518650346111
 20
9.351855374840557
 10
6.950518650346111
 20
9.342062444840557
 10
6.977371486179444
 20
9.342062444840557
 10
6.977371486179444
 20
9.351855374840557
  0
LWPOLYLINE
  5
521
330
1F
100
AcDbEntity
  8
PDF_Geometry
370
     9
100
AcDbPolyline
 90
        4
 70
     0
 43
0.0
 10
7.002501491734999
 20
9.236762540118334
 10
7.012294421734999
 20
9.236762540118334
 10
7.012294421734999
 20
9.209909704285001
 10
7.002501491734999
 20
9.209909704285001
  0
LWPOLYLINE
  5
522
330
1F
100
AcDbEntity
  8
PDF_Geometry
370
     9
100
AcDbPolyline
 90
        2
 70
     0
 43
0.0
 10
7.002501491734999
 20
9.230052569562779
 10
7.012294421734999
 20
9.230052569562779
  0
LWPOLYLINE
  5
523
330
1F
100
AcDbEntity
  8
PDF_Geometry
370
     9
100
AcDbPolyline
 90
        2
 70
     0
 43
0.0
 10
7.002501491734999
 20
9.216632628451668
 10
7.012294421734999
 20
9.216632628451668
  0
LWPOLYLINE
  5
526
330
1F
100
AcDbEntity
  8
PDF_Geometry
370
     9
100
AcDbPolyline
 90
        4
 70
     0
 43
0.0
 10
6.994547974512777
 20
9.260053132896111
 10
6.994547974512777
 20
9.351855374840557
 10
6.927228057568333
 20
9.351855374840557
 10
6.927228057568333
 20
9.357982432896111
  0
LWPOLYLINE
  5
527
330
1F
100
AcDbEntity
  8
PDF_Geometry
370
     9
100
AcDbPolyline
 90
        2
 70
     0
 43
0.0
 10
7.000662078957221
 20
9.260053132896111
 10
7.000662078957221
 20
9.357982432896111
  0
LWPOLYLINE
  5
52A
330
1F
100
AcDbEntity
  8
PDF_Geometry
370
     9
100
AcDbPolyline
 90
        4
 70
     0
 43
0.0
 10
6.852602303957222
 20
8.512202302618334
 10
6.852602303957222
 20
8.50853643067389
 10
6.879455139790555
 20
8.50853643067389
 10
6.879455139790555
 20
8.512202302618334
  0
LWPOLYLINE
  5
52B
330
1F
100
AcDbEntity
  8
PDF_Geometry
370
     9
100
AcDbPolyline
 90
        2
 70
     0
 43
0.0
 10
6.872745169234999
 20
8.50853643067389
 10
6.872745169234999
 20
8.512202302618334
  0
LWPOLYLINE
  5
52C
330
1F
100
AcDbEntity
  8
PDF_Geometry
370
     9
100
AcDbPolyline
 90
        2
 70
     0
 43
0.0
 10
6.859312274512777
 20
8.50853643067389
 10
6.859312274512777
 20
8.512202302618334
  0
LWPOLYLINE
  5
52F
330
1F
100
AcDbEntity
  8
PDF_Geometry
370
     9
100
AcDbPolyline
 90
        3
 70
     0
 43
0.0
 10
10.10402346090166
 20
9.350624781785001
 10
9.914926645901665
 20
9.350624781785001
 10
10.10402346090166
 20
9.306647272062779
  0
LWPOLYLINE
  5
530
330
1F
100
AcDbEntity
  8
PDF_Geometry
370
     9
100
AcDbPolyline
 90
        4
 70
     0
 43
0.0
 10
9.946131895068333
 20
9.350624781785001
 10
9.946131895068333
 20
9.340831851785001
 10
9.969396580623888
 20
9.340831851785001
 10
9.969396580623888
 20
9.350624781785001
  0
LWPOLYLINE
  5
532
330
1F
100
AcDbEntity
  8
PDF_Geometry
370
     9
100
AcDbPolyline
 90
        2
 70
     0
 43
0.0
 10
9.957764237846109
 20
9.340831851785001
 10
9.957764237846109
 20
9.350624781785001
  0
LWPOLYLINE
  5
534
330
1F
100
AcDbEntity
  8
PDF_Geometry
370
     9
100
AcDbPolyline
 90
        4
 70
     0
 43
0.0
 10
10.04404824145722
 20
9.350624781785001
 10
10.04404824145722
 20
9.340831851785001
 10
10.06731292701277
 20
9.340831851785001
 10
10.06731292701277
 20
9.350624781785001
  0
LWPOLYLINE
  5
536
330
1F
100
AcDbEntity
  8
PDF_Geometry
370
     9
100
AcDbPolyline
 90
        2
 70
     0
 43
0.0
 10
10.055680584235
 20
9.340831851785001
 10
10.055680584235
 20
9.350624781785001
  0
LWPOLYLINE
  5
538
330
1F
100
AcDbEntity
  8
PDF_Geometry
370
     9
100
AcDbPolyline
 90
        2
 70
     0
 43
0.0
 10
9.646281705068332
 20
9.342062444840557
 10
9.646281705068332
 20
9.351855374840557
  0
LWPOLYLINE
  5
539
330
1F
100
AcDbEntity
  8
PDF_Geometry
370
     9
100
AcDbPolyline
 90
        2
 70
     0
 43
0.0
 10
9.659714599790554
 20
9.342062444840557
 10
9.659714599790554
 20
9.351855374840557
  0
LWPOLYLINE
  5
53A
330
1F
100
AcDbEntity
  8
PDF_Geometry
370
     9
100
AcDbPolyline
 90
        4
 70
     0
 43
0.0
 10
9.639571734512777
 20
9.351855374840557
 10
9.639571734512777
 20
9.342062444840557
 10
9.66642457034611
 20
9.342062444840557
 10
9.66642457034611
 20
9.351855374840557
  0
LWPOLYLINE
  5
53D
330
1F
100
AcDbEntity
  8
PDF_Geometry
370
     9
100
AcDbPolyline
 90
        4
 70
     0
 43
0.0
 10
9.614441728957221
 20
9.236762540118334
 10
9.604648798957221
 20
9.236762540118334
 10
9.604648798957221
 20
9.209909704285001
 10
9.614441728957221
 20
9.209909704285001
  0
LWPOLYLINE
  5
53E
330
1F
100
AcDbEntity
  8
PDF_Geometry
370
     9
100
AcDbPolyline
 90
        2
 70
     0
 43
0.0
 10
9.604648798957221
 20
9.216632628451668
 10
9.614441728957221
 20
9.216632628451668
  0
LWPOLYLINE
  5
53F
330
1F
100
AcDbEntity
  8
PDF_Geometry
370
     9
100
AcDbPolyline
 90
        2
 70
     0
 43
0.0
 10
9.604648798957221
 20
9.230052569562779
 10
9.614441728957221
 20
9.230052569562779
  0
LWPOLYLINE
  5
542
330
1F
100
AcDbEntity
  8
PDF_Geometry
370
     9
100
AcDbPolyline
 90
        2
 70
     0
 43
0.0
 10
9.616281141734999
 20
9.260053132896111
 10
9.616281141734999
 20
9.357982432896111
  0
LWPOLYLINE
  5
543
330
1F
100
AcDbEntity
  8
PDF_Geometry
370
     9
100
AcDbPolyline
 90
        4
 70
     0
 43
0.0
 10
9.622395246179443
 20
9.260053132896111
 10
9.622395246179443
 20
9.351855374840557
 10
9.689715163123889
 20
9.351855374840557
 10
9.689715163123889
 20
9.357982432896111
  0
LWPOLYLINE
  5
546
330
1F
100
AcDbEntity
  8
PDF_Geometry
370
     9
100
AcDbPolyline
 90
        5
 70
     0
 43
0.0
 10
2.948733662568333
 20
9.357995386507223
 10
2.948733662568333
 20
9.448748385951667
 10
10.09790935645722
 20
9.448709525118335
 10
10.09790935645722
 20
9.357969479285001
 10
10.10402346090166
 20
9.357969479285001
  0
LWPOLYLINE
  5
548
330
1F
100
AcDbEntity
  8
PDF_Geometry
370
     9
100
AcDbPolyline
 90
        2
 70
     0
 43
0.0
 10
9.914926645901665
 20
9.350624781785001
 10
9.914926645901665
 20
9.357969479285001
  0
LWPOLYLINE
  5
549
330
1F
100
AcDbEntity
  8
PDF_Geometry
370
     9
100
AcDbPolyline
 90
        9
 70
     0
 43
0.0
 10
10.18052748812389
 20
5.01957195317389
 10
10.18052748812389
 20
10.26798656706278
 10
9.793473588123887
 20
10.69730810011833
 10
9.555878453123888
 20
10.69730810011833
 10
9.445720944234999
 20
10.80746560900722
 10
9.555878453123888
 20
10.91762311789611
 10
9.793473588123887
 20
10.91762311789611
 10
9.903631097012777
 20
10.80746560900722
 10
9.793473588123887
 20
10.69730810011833
  0
LWPOLYLINE
  5
551
330
1F
100
AcDbEntity
  8
PDF_Geometry
370
     9
100
AcDbPolyline
 90
        4
 70
     0
 43
0.0
 10
7.002501491734999
 20
8.60400454456278
 10
7.002501491734999
 20
9.260053132896111
 10
7.002397862846111
 20
9.260053132896111
 10
7.002397862846111
 20
8.60400454456278
  0
LWPOLYLINE
  5
553
330
1F
100
AcDbEntity
  8
PDF_Geometry
370
     9
100
AcDbPolyline
 90
        3
 70
     0
 43
0.0
 10
7.002061068957222
 20
8.60400454456278
 10
7.002061068957222
 20
9.260053132896111
 10
7.002397862846111
 20
9.260053132896111
  0
LWPOLYLINE
  5
554
330
1F
100
AcDbEntity
  8
PDF_Geometry
370
     9
100
AcDbPolyline
 90
        3
 70
     0
 43
0.0
 10
7.001517017290555
 20
8.60400454456278
 10
7.001517017290555
 20
9.260053132896111
 10
7.002061068957222
 20
9.260053132896111
  0
LWPOLYLINE
  5
555
330
1F
100
AcDbEntity
  8
PDF_Geometry
370
     9
100
AcDbPolyline
 90
        3
 70
     0
 43
0.0
 10
7.000791615068332
 20
8.60400454456278
 10
7.000791615068332
 20
9.260053132896111
 10
7.001517017290555
 20
9.260053132896111
  0
LWPOLYLINE
  5
556
330
1F
100
AcDbEntity
  8
PDF_Geometry
370
     9
100
AcDbPolyline
 90
        3
 70
     0
 43
0.0
 10
6.999884862290555
 20
8.60400454456278
 10
6.999884862290555
 20
9.260053132896111
 10
7.000791615068332
 20
9.260053132896111
  0
LWPOLYLINE
  5
557
330
1F
100
AcDbEntity
  8
PDF_Geometry
370
     9
100
AcDbPolyline
 90
        3
 70
     0
 43
0.0
 10
6.998835619790556
 20
8.60400454456278
 10
6.998835619790556
 20
9.260053132896111
 10
6.999884862290555
 20
9.260053132896111
  0
LWPOLYLINE
  5
558
330
1F
100
AcDbEntity
  8
PDF_Geometry
370
     9
100
AcDbPolyline
 90
        3
 70
     0
 43
0.0
 10
6.997669794790555
 20
8.60400454456278
 10
6.997669794790555
 20
9.260053132896111
 10
6.998835619790556
 20
9.260053132896111
  0
LWPOLYLINE
  5
559
330
1F
100
AcDbEntity
  8
PDF_Geometry
370
     9
100
AcDbPolyline
 90
        2
 70
     0
 43
0.0
 10
6.996439201734999
 20
8.60400454456278
 10
6.996439201734999
 20
9.260053132896111
  0
LWPOLYLINE
  5
55A
330
1F
100
AcDbEntity
  8
PDF_Geometry
370
     9
100
AcDbPolyline
 90
        2
 70
     0
 43
0.0
 10
6.995156794234999
 20
8.60400454456278
 10
6.995156794234999
 20
9.260053132896111
  0
LWPOLYLINE
  5
55B
330
1F
100
AcDbEntity
  8
PDF_Geometry
370
     9
100
AcDbPolyline
 90
        2
 70
     0
 43
0.0
 10
6.92417100534611
 20
8.60400454456278
 10
6.92417100534611
 20
9.260053132896111
  0
LWPOLYLINE
  5
55C
330
1F
100
AcDbEntity
  8
PDF_Geometry
370
     9
100
AcDbPolyline
 90
        2
 70
     0
 43
0.0
 10
6.922888597846111
 20
8.60400454456278
 10
6.922888597846111
 20
9.260053132896111
  0
LWPOLYLINE
  5
55D
330
1F
100
AcDbEntity
  8
PDF_Geometry
370
     9
100
AcDbPolyline
 90
        2
 70
     0
 43
0.0
 10
6.921658004790556
 20
8.60400454456278
 10
6.921658004790556
 20
9.260053132896111
  0
LWPOLYLINE
  5
55E
330
1F
100
AcDbEntity
  8
PDF_Geometry
370
     9
100
AcDbPolyline
 90
        2
 70
     0
 43
0.0
 10
6.920492179790556
 20
8.60400454456278
 10
6.920492179790556
 20
9.260053132896111
  0
LWPOLYLINE
  5
55F
330
1F
100
AcDbEntity
  8
PDF_Geometry
370
     9
100
AcDbPolyline
 90
        2
 70
     0
 43
0.0
 10
6.919455890901666
 20
8.60400454456278
 10
6.919455890901666
 20
9.260053132896111
  0
LWPOLYLINE
  5
560
330
1F
100
AcDbEntity
  8
PDF_Geometry
370
     9
100
AcDbPolyline
 90
        2
 70
     0
 43
0.0
 10
6.918549138123888
 20
8.60400454456278
 10
6.918549138123888
 20
9.260053132896111
  0
LWPOLYLINE
  5
561
330
1F
100
AcDbEntity
  8
PDF_Geometry
370
     9
100
AcDbPolyline
 90
        2
 70
     0
 43
0.0
 10
6.917810782290556
 20
8.60400454456278
 10
6.917810782290556
 20
9.260053132896111
  0
LWPOLYLINE
  5
562
330
1F
100
AcDbEntity
  8
PDF_Geometry
370
     9
100
AcDbPolyline
 90
        2
 70
     0
 43
0.0
 10
6.917266730623888
 20
8.60400454456278
 10
6.917266730623888
 20
9.260053132896111
  0
LWPOLYLINE
  5
563
330
1F
100
AcDbEntity
  8
PDF_Geometry
370
     9
100
AcDbPolyline
 90
        2
 70
     0
 43
0.0
 10
6.91694289034611
 20
8.60400454456278
 10
6.91694289034611
 20
9.260053132896111
  0
LWPOLYLINE
  5
564
330
1F
100
AcDbEntity
  8
PDF_Geometry
370
     9
100
AcDbPolyline
 90
        3
 70
     0
 43
0.0
 10
6.91682630784611
 20
8.60400454456278
 10
6.91682630784611
 20
9.260053132896111
 10
6.997669794790555
 20
9.260053132896111
  0
LWPOLYLINE
  5
56D
330
1F
100
AcDbEntity
  8
PDF_Geometry
370
     9
100
AcDbPolyline
 90
        4
 70
     1
 43
0.0
 10
7.268102333957221
 20
5.992064307340557
 10
7.145703662568333
 20
5.992064307340557
 10
7.145703662568333
 20
5.900275019007223
 10
7.268102333957221
 20
5.900275019007223
  0
LWPOLYLINE
  5
571
330
1F
100
AcDbEntity
  8
PDF_Geometry
370
     9
100
AcDbPolyline
 90
        3
 70
     0
 43
0.0
 10
6.829311711179444
 20
7.523854728451667
 10
6.829311711179444
 20
7.529981786507224
 10
6.892965756179444
 20
7.529981786507224
  0
LWPOLYLINE
  5
573
330
1F
100
AcDbEntity
  8
PDF_Geometry
370
     9
100
AcDbPolyline
 90
        2
 70
     0
 43
0.0
 10
6.945000412012777
 20
5.896596193451668
 10
6.945000412012777
 20
5.903940890951668
  0
LWPOLYLINE
  5
574
330
1F
100
AcDbEntity
  8
PDF_Geometry
370
     9
100
AcDbPolyline
 90
        2
 70
     0
 43
0.0
 10
6.958420353123888
 20
5.896596193451668
 10
6.958420353123888
 20
5.903940890951668
  0
LWPOLYLINE
  5
575
330
1F
100
AcDbEntity
  8
PDF_Geometry
370
     9
100
AcDbPolyline
 90
        4
 70
     0
 43
0.0
 10
6.938277487846111
 20
5.903940890951668
 10
6.938277487846111
 20
5.896596193451668
 10
6.965130323679444
 20
5.896596193451668
 10
6.965130323679444
 20
5.903940890951668
  0
LWPOLYLINE
  5
578
330
1F
100
AcDbEntity
  8
PDF_Geometry
370
     9
100
AcDbPolyline
 90
        3
 70
     0
 43
0.0
 10
6.892965756179444
 20
7.612768315118334
 10
4.649439172568333
 20
7.612768315118334
 10
4.649439172568333
 20
7.529981786507224
  0
LWPOLYLINE
  5
579
330
1F
100
AcDbEntity
  8
PDF_Geometry
370
     9
100
AcDbPolyline
 90
        2
 70
     0
 43
0.0
 10
4.649439172568333
 20
7.594698027618335
 10
6.892965756179444
 20
7.594698027618335
  0
LWPOLYLINE
  5
57A
330
1F
100
AcDbEntity
  8
PDF_Geometry
370
     9
100
AcDbPolyline
 90
        2
 70
     0
 43
0.0
 10
4.649439172568333
 20
7.611472954007223
 10
6.892965756179444
 20
7.611472954007223
  0
LWPOLYLINE
  5
57E
330
1F
100
AcDbEntity
  8
PDF_Geometry
370
     9
100
AcDbPolyline
 90
        2
 70
     0
 43
0.0
 10
4.649439172568333
 20
7.450420707062779
 10
6.892965756179444
 20
7.450420707062779
  0
LWPOLYLINE
  5
57F
330
1F
100
AcDbEntity
  8
PDF_Geometry
370
     9
100
AcDbPolyline
 90
        2
 70
     0
 43
0.0
 10
4.649439172568333
 20
7.523854728451667
 10
6.892965756179444
 20
7.523854728451667
  0
LWPOLYLINE
  5
580
330
1F
100
AcDbEntity
  8
PDF_Geometry
370
     9
100
AcDbPolyline
 90
        4
 70
     1
 43
0.0
 10
9.348840886734999
 20
5.992064307340557
 10
9.348840886734999
 20
5.900275019007223
 10
9.471239558123889
 20
5.900275019007223
 10
9.471239558123889
 20
5.992064307340557
  0
LWPOLYLINE
  5
584
330
1F
100
AcDbEntity
  8
PDF_Geometry
370
     9
100
AcDbPolyline
 90
        4
 70
     0
 43
0.0
 10
10.07342703145722
 20
5.967581982340557
 10
10.07342703145722
 20
5.982271377340556
 10
10.28761499117944
 20
5.982271377340556
 10
10.28761499117944
 20
5.967581982340557
  0
LWPOLYLINE
  5
587
330
1F
100
AcDbEntity
  8
PDF_Geometry
370
     9
100
AcDbPolyline
 90
        3
 70
     0
 43
0.0
 10
10.257018561735
 20
5.998191365396112
 10
10.26292540840166
 20
5.998191365396112
 10
10.26292540840166
 20
5.982271377340556
  0
LWPOLYLINE
  5
58B
330
1F
100
AcDbEntity
  8
PDF_Geometry
370
     9
100
AcDbPolyline
 90
        2
 70
     0
 43
0.0
 10
9.723990418123888
 20
7.594698027618335
 10
10.09790935645722
 20
7.594698027618335
  0
LWPOLYLINE
  5
58C
330
1F
100
AcDbEntity
  8
PDF_Geometry
370
     9
100
AcDbPolyline
 90
        2
 70
     0
 43
0.0
 10
9.723990418123888
 20
7.611472954007223
 10
10.09790935645722
 20
7.611472954007223
  0
LWPOLYLINE
  5
58D
330
1F
100
AcDbEntity
  8
PDF_Geometry
370
     9
100
AcDbPolyline
 90
        4
 70
     0
 43
0.0
 10
9.723990418123888
 20
7.612768315118334
 10
10.09790935645722
 20
7.612768315118334
 10
10.09790935645722
 20
7.433114682618334
 10
9.723990418123888
 20
7.433114682618334
  0
LWPOLYLINE
  5
58F
330
1F
100
AcDbEntity
  8
PDF_Geometry
370
     9
100
AcDbPolyline
 90
        2
 70
     0
 43
0.0
 10
9.723990418123888
 20
7.450420707062779
 10
10.09790935645722
 20
7.450420707062779
  0
LWPOLYLINE
  5
590
330
1F
100
AcDbEntity
  8
PDF_Geometry
370
     9
100
AcDbPolyline
 90
        3
 70
     0
 43
0.0
 10
9.723990418123888
 20
7.523854728451667
 10
10.09790935645722
 20
7.523854728451667
 10
10.10402346090166
 20
7.523854728451667
  0
LWPOLYLINE
  5
592
330
1F
100
AcDbEntity
  8
PDF_Geometry
370
     9
100
AcDbPolyline
 90
        2
 70
     0
 43
0.0
 10
10.09790935645722
 20
7.52201531567389
 10
10.10402346090166
 20
7.52201531567389
  0
LWPOLYLINE
  5
593
330
1F
100
AcDbEntity
  8
PDF_Geometry
370
     9
100
AcDbPolyline
 90
        2
 70
     0
 43
0.0
 10
10.09790935645722
 20
7.51467061817389
 10
10.10402346090166
 20
7.51467061817389
  0
LWPOLYLINE
  5
594
330
1F
100
AcDbEntity
  8
PDF_Geometry
370
     9
100
AcDbPolyline
 90
        4
 70
     0
 43
0.0
 10
9.969396580623888
 20
7.523854728451667
 10
9.969396580623888
 20
7.533647658451668
 10
9.946131895068333
 20
7.533647658451668
 10
9.946131895068333
 20
7.523854728451667
  0
LWPOLYLINE
  5
595
330
1F
100
AcDbEntity
  8
PDF_Geometry
370
     9
100
AcDbPolyline
 90
        2
 70
     0
 43
0.0
 10
9.957764237846109
 20
7.523854728451667
 10
9.957764237846109
 20
7.533647658451668
  0
LWPOLYLINE
  5
598
330
1F
100
AcDbEntity
  8
PDF_Geometry
370
     9
100
AcDbPolyline
 90
        4
 70
     0
 43
0.0
 10
10.06731292701277
 20
7.523854728451667
 10
10.06731292701277
 20
7.533647658451668
 10
10.04404824145722
 20
7.533647658451668
 10
10.04404824145722
 20
7.523854728451667
  0
LWPOLYLINE
  5
599
330
1F
100
AcDbEntity
  8
PDF_Geometry
370
     9
100
AcDbPolyline
 90
        2
 70
     0
 43
0.0
 10
10.055680584235
 20
7.523854728451667
 10
10.055680584235
 20
7.533647658451668
  0
LWPOLYLINE
  5
59C
330
1F
100
AcDbEntity
  8
PDF_Geometry
370
     9
100
AcDbPolyline
 90
        3
 70
     0
 43
0.0
 10
9.787631509512777
 20
7.523854728451667
 10
9.787631509512777
 20
7.529981786507224
 10
9.723990418123888
 20
7.529981786507224
  0
LWPOLYLINE
  5
59E
330
1F
100
AcDbEntity
  8
PDF_Geometry
370
     9
100
AcDbPolyline
 90
        2
 70
     0
 43
0.0
 10
9.658522867568333
 20
5.896596193451668
 10
9.658522867568333
 20
5.903940890951668
  0
LWPOLYLINE
  5
59F
330
1F
100
AcDbEntity
  8
PDF_Geometry
370
     9
100
AcDbPolyline
 90
        2
 70
     0
 43
0.0
 10
9.671955762290554
 20
5.896596193451668
 10
9.671955762290554
 20
5.903940890951668
  0
LWPOLYLINE
  5
5A0
330
1F
100
AcDbEntity
  8
PDF_Geometry
370
     9
100
AcDbPolyline
 90
        4
 70
     0
 43
0.0
 10
9.651812897012778
 20
5.903940890951668
 10
9.651812897012778
 20
5.896596193451668
 10
9.678665732846111
 20
5.896596193451668
 10
9.678665732846111
 20
5.903940890951668
  0
LWPOLYLINE
  5
5A3
330
1F
100
AcDbEntity
  8
PDF_Geometry
370
     9
100
AcDbPolyline
 90
        3
 70
     0
 43
0.0
 10
10.09790935645722
 20
9.308072169285001
 10
10.09790935645722
 20
9.269055892618334
 10
9.622395246179443
 20
9.269055892618334
  0
LWPOLYLINE
  5
5A4
330
1F
100
AcDbEntity
  8
PDF_Geometry
370
     9
100
AcDbPolyline
 90
        2
 70
     0
 43
0.0
 10
2.948733662568333
 20
9.287165040951666
 10
3.323883193957222
 20
9.287152087340556
  0
LWPOLYLINE
  5
5A5
330
1F
100
AcDbEntity
  8
PDF_Geometry
370
     9
100
AcDbPolyline
 90
        2
 70
     0
 43
0.0
 10
3.329997298401666
 20
9.287152087340556
 10
4.557636930623888
 20
9.287152087340556
  0
LWPOLYLINE
  5
5A6
330
1F
100
AcDbEntity
  8
PDF_Geometry
370
     9
100
AcDbPolyline
 90
        2
 70
     0
 43
0.0
 10
4.563763988679444
 20
9.287152087340556
 10
6.994547974512777
 20
9.287139133729445
  0
LWPOLYLINE
  5
5A7
330
1F
100
AcDbEntity
  8
PDF_Geometry
370
     9
100
AcDbPolyline
 90
        2
 70
     0
 43
0.0
 10
7.000662078957221
 20
9.287139133729445
 10
9.616281141734999
 20
9.287126180118333
  0
LWPOLYLINE
  5
5A8
330
1F
100
AcDbEntity
  8
PDF_Geometry
370
     9
100
AcDbPolyline
 90
        2
 70
     0
 43
0.0
 10
9.622395246179443
 20
9.287126180118333
 10
10.09790935645722
 20
9.287126180118333
  0
LWPOLYLINE
  5
5A9
330
1F
100
AcDbEntity
  8
PDF_Geometry
370
     9
100
AcDbPolyline
 90
        2
 70
     0
 43
0.0
 10
2.948733662568333
 20
9.270390114562779
 10
3.323883193957222
 20
9.270390114562779
  0
LWPOLYLINE
  5
5AA
330
1F
100
AcDbEntity
  8
PDF_Geometry
370
     9
100
AcDbPolyline
 90
        2
 70
     0
 43
0.0
 10
3.329997298401666
 20
9.270390114562779
 10
4.557636930623888
 20
9.270377160951667
  0
LWPOLYLINE
  5
5AB
330
1F
100
AcDbEntity
  8
PDF_Geometry
370
     9
100
AcDbPolyline
 90
        2
 70
     0
 43
0.0
 10
4.563763988679444
 20
9.270377160951667
 10
6.994547974512777
 20
9.270364207340556
  0
LWPOLYLINE
  5
5AC
330
1F
100
AcDbEntity
  8
PDF_Geometry
370
     9
100
AcDbPolyline
 90
        2
 70
     0
 43
0.0
 10
7.000662078957221
 20
9.270364207340556
 10
9.616281141734999
 20
9.270351253729446
  0
LWPOLYLINE
  5
5AD
330
1F
100
AcDbEntity
  8
PDF_Geometry
370
     9
100
AcDbPolyline
 90
        2
 70
     0
 43
0.0
 10
9.622395246179443
 20
9.270351253729446
 10
10.09790935645722
 20
9.270351253729446
  0
LWPOLYLINE
  5
5AE
330
1F
100
AcDbEntity
  8
PDF_Geometry
370
     9
100
AcDbPolyline
 90
        3
 70
     0
 43
0.0
 10
2.948733662568333
 20
9.310714705951667
 10
2.948733662568333
 20
9.269094753451668
 10
3.323883193957222
 20
9.269081799840556
  0
LWPOLYLINE
  5
5AF
330
1F
100
AcDbEntity
  8
PDF_Geometry
370
     9
100
AcDbPolyline
 90
        2
 70
     0
 43
0.0
 10
3.329997298401666
 20
9.269081799840556
 10
4.557636930623888
 20
9.269081799840556
  0
LWPOLYLINE
  5
5B0
330
1F
100
AcDbEntity
  8
PDF_Geometry
370
     9
100
AcDbPolyline
 90
        2
 70
     0
 43
0.0
 10
4.563763988679444
 20
9.269081799840556
 10
6.994547974512777
 20
9.269068846229446
  0
LWPOLYLINE
  5
5B1
330
1F
100
AcDbEntity
  8
PDF_Geometry
370
     9
100
AcDbPolyline
 90
        2
 70
     0
 43
0.0
 10
7.000662078957221
 20
9.269068846229446
 10
9.616281141734999
 20
9.269055892618334
  0
LWPOLYLINE
  5
5B5
330
1F
100
AcDbEntity
  8
PDF_Geometry
370
     9
100
AcDbPolyline
 90
        2
 70
     0
 43
0.0
 10
2.948733662568333
 20
9.431442361507222
 10
10.09790935645722
 20
9.431403500673889
  0
LWPOLYLINE
  5
5B6
330
1F
100
AcDbEntity
  8
PDF_Geometry
370
     9
100
AcDbPolyline
 90
        3
 70
     0
 43
0.0
 10
2.948733662568333
 20
9.357969479285001
 10
2.948733662568333
 20
9.357995386507223
 10
10.09790935645722
 20
9.357969479285001
  0
LWPOLYLINE
  5
5BA
330
1F
100
AcDbEntity
  8
PDF_Geometry
370
     9
100
AcDbPolyline
 90
        2
 70
     0
 43
0.0
 10
9.757630946179444
 20
7.529981786507224
 10
9.757630946179444
 20
7.539761762896112
  0
LWPOLYLINE
  5
5BB
330
1F
100
AcDbEntity
  8
PDF_Geometry
370
     9
100
AcDbPolyline
 90
        2
 70
     0
 43
0.0
 10
9.744198051457221
 20
7.529981786507224
 10
9.744198051457221
 20
7.539761762896112
  0
LWPOLYLINE
  5
5BC
330
1F
100
AcDbEntity
  8
PDF_Geometry
370
     9
100
AcDbPolyline
 90
        4
 70
     0
 43
0.0
 10
9.737488080901666
 20
7.529981786507224
 10
9.737488080901666
 20
7.539761762896112
 10
9.764340916734999
 20
7.539761762896112
 10
9.764340916734999
 20
7.529981786507224
  0
LWPOLYLINE
  5
5BF
330
1F
100
AcDbEntity
  8
PDF_Geometry
370
     9
100
AcDbPolyline
 90
        3
 70
     0
 43
0.0
 10
9.723990418123888
 20
7.399629597896112
 10
10.10402346090166
 20
7.399629597896112
 10
10.10402346090166
 20
5.967581982340557
  0
LWPOLYLINE
  5
5C1
330
1F
100
AcDbEntity
  8
PDF_Geometry
370
     9
100
AcDbPolyline
 90
        2
 70
     0
 43
0.0
 10
9.723990418123888
 20
5.906389123451668
 10
10.01222121895722
 20
5.906389123451668
  0
LWPOLYLINE
  5
5C2
330
1F
100
AcDbEntity
  8
PDF_Geometry
370
     9
100
AcDbPolyline
 90
        4
 70
     0
 43
0.0
 10
6.954469501734999
 20
8.512202302618334
 10
6.954469501734999
 20
5.903940890951668
 10
6.892965756179444
 20
5.903940890951668
 10
6.892965756179444
 20
8.512202302618334
  0
LWPOLYLINE
  5
5C5
330
1F
100
AcDbEntity
  8
PDF_Geometry
370
     9
100
AcDbPolyline
 90
        4
 70
     0
 43
0.0
 10
9.662486672568332
 20
8.512202302618334
 10
9.662486672568332
 20
5.903940890951668
 10
9.723990418123888
 20
5.903940890951668
 10
9.723990418123888
 20
8.512202302618334
  0
LWPOLYLINE
  5
5C9
330
1F
100
AcDbEntity
  8
PDF_Geometry
370
     9
100
AcDbPolyline
 90
       11
 70
     0
 43
0.0
 10
9.700116912846111
 20
8.60400454456278
 10
9.700116912846111
 20
9.260053132896111
 10
9.619273425901665
 20
9.260053132896111
 10
9.618107600901666
 20
9.260053132896111
 10
9.617058358401665
 20
9.260053132896111
 10
9.616164559234999
 20
9.260053132896111
 10
9.615426203401666
 20
9.260053132896111
 10
9.614882151734999
 20
9.260053132896111
 10
9.614558311457221
 20
9.260053132896111
 10
9.614441728957221
 20
9.260053132896111
 10
9.614441728957221
 20
8.60400454456278
  0
LWPOLYLINE
  5
5CC
330
1F
100
AcDbEntity
  8
PDF_Geometry
370
     9
100
AcDbPolyline
 90
        2
 70
     0
 43
0.0
 10
9.614558311457221
 20
9.260053132896111
 10
9.614558311457221
 20
8.60400454456278
  0
LWPOLYLINE
  5
5CE
330
1F
100
AcDbEntity
  8
PDF_Geometry
370
     9
100
AcDbPolyline
 90
        2
 70
     0
 43
0.0
 10
9.614882151734999
 20
9.260053132896111
 10
9.614882151734999
 20
8.60400454456278
  0
LWPOLYLINE
  5
5D0
330
1F
100
AcDbEntity
  8
PDF_Geometry
370
     9
100
AcDbPolyline
 90
        2
 70
     0
 43
0.0
 10
9.615426203401666
 20
9.260053132896111
 10
9.615426203401666
 20
8.60400454456278
  0
LWPOLYLINE
  5
5D2
330
1F
100
AcDbEntity
  8
PDF_Geometry
370
     9
100
AcDbPolyline
 90
        2
 70
     0
 43
0.0
 10
9.616164559234999
 20
9.260053132896111
 10
9.616164559234999
 20
8.60400454456278
  0
LWPOLYLINE
  5
5D4
330
1F
100
AcDbEntity
  8
PDF_Geometry
370
     9
100
AcDbPolyline
 90
        2
 70
     0
 43
0.0
 10
9.617058358401665
 20
9.260053132896111
 10
9.617058358401665
 20
8.60400454456278
  0
LWPOLYLINE
  5
5D6
330
1F
100
AcDbEntity
  8
PDF_Geometry
370
     9
100
AcDbPolyline
 90
        2
 70
     0
 43
0.0
 10
9.618107600901666
 20
9.260053132896111
 10
9.618107600901666
 20
8.60400454456278
  0
LWPOLYLINE
  5
5D8
330
1F
100
AcDbEntity
  8
PDF_Geometry
370
     9
100
AcDbPolyline
 90
        2
 70
     0
 43
0.0
 10
9.619273425901665
 20
9.260053132896111
 10
9.619273425901665
 20
8.60400454456278
  0
LWPOLYLINE
  5
5D9
330
1F
100
AcDbEntity
  8
PDF_Geometry
370
     9
100
AcDbPolyline
 90
        2
 70
     0
 43
0.0
 10
9.620504018957221
 20
8.60400454456278
 10
9.620504018957221
 20
9.260053132896111
  0
LWPOLYLINE
  5
5DA
330
1F
100
AcDbEntity
  8
PDF_Geometry
370
     9
100
AcDbPolyline
 90
        2
 70
     0
 43
0.0
 10
9.621786426457221
 20
8.60400454456278
 10
9.621786426457221
 20
9.260053132896111
  0
LWPOLYLINE
  5
5DB
330
1F
100
AcDbEntity
  8
PDF_Geometry
370
     9
100
AcDbPolyline
 90
        2
 70
     0
 43
0.0
 10
9.69277221534611
 20
8.60400454456278
 10
9.69277221534611
 20
9.260053132896111
  0
LWPOLYLINE
  5
5DC
330
1F
100
AcDbEntity
  8
PDF_Geometry
370
     9
100
AcDbPolyline
 90
        2
 70
     0
 43
0.0
 10
9.69405462284611
 20
8.60400454456278
 10
9.69405462284611
 20
9.260053132896111
  0
LWPOLYLINE
  5
5DD
330
1F
100
AcDbEntity
  8
PDF_Geometry
370
     9
100
AcDbPolyline
 90
        2
 70
     0
 43
0.0
 10
9.695285215901666
 20
8.60400454456278
 10
9.695285215901666
 20
9.260053132896111
  0
LWPOLYLINE
  5
5DE
330
1F
100
AcDbEntity
  8
PDF_Geometry
370
     9
100
AcDbPolyline
 90
        2
 70
     0
 43
0.0
 10
9.696451040901665
 20
8.60400454456278
 10
9.696451040901665
 20
9.260053132896111
  0
LWPOLYLINE
  5
5DF
330
1F
100
AcDbEntity
  8
PDF_Geometry
370
     9
100
AcDbPolyline
 90
        2
 70
     0
 43
0.0
 10
9.697500283401666
 20
8.60400454456278
 10
9.697500283401666
 20
9.260053132896111
  0
LWPOLYLINE
  5
5E0
330
1F
100
AcDbEntity
  8
PDF_Geometry
370
     9
100
AcDbPolyline
 90
        2
 70
     0
 43
0.0
 10
9.698394082568333
 20
8.60400454456278
 10
9.698394082568333
 20
9.260053132896111
  0
LWPOLYLINE
  5
5E1
330
1F
100
AcDbEntity
  8
PDF_Geometry
370
     9
100
AcDbPolyline
 90
        2
 70
     0
 43
0.0
 10
9.699132438401665
 20
8.60400454456278
 10
9.699132438401665
 20
9.260053132896111
  0
LWPOLYLINE
  5
5E2
330
1F
100
AcDbEntity
  8
PDF_Geometry
370
     9
100
AcDbPolyline
 90
        2
 70
     0
 43
0.0
 10
9.699676490068332
 20
8.60400454456278
 10
9.699676490068332
 20
9.260053132896111
  0
LWPOLYLINE
  5
5E3
330
1F
100
AcDbEntity
  8
PDF_Geometry
370
     9
100
AcDbPolyline
 90
        2
 70
     0
 43
0.0
 10
9.700013283957222
 20
8.60400454456278
 10
9.700013283957222
 20
9.260053132896111
  0
LWPOLYLINE
  5
5E5
330
1F
100
AcDbEntity
  8
PDF_Geometry
370
     9
100
AcDbPolyline
 90
        4
 70
     0
 43
0.0
 10
9.348840886734999
 20
5.900275019007223
 10
9.348840886734999
 20
5.845196264562779
 10
9.471239558123889
 20
5.845196264562779
 10
9.471239558123889
 20
5.900275019007223
  0
LWPOLYLINE
  5
5E8
330
1F
100
AcDbEntity
  8
PDF_Geometry
370
     9
100
AcDbPolyline
 90
        4
 70
     0
 43
0.0
 10
7.145703662568333
 20
5.965444636507223
 10
6.892952802568332
 20
5.965444636507223
 10
6.892952802568332
 20
5.903940890951668
 10
7.145703662568333
 20
5.903940890951668
  0
LWPOLYLINE
  5
5E9
330
1F
100
AcDbEntity
  8
PDF_Geometry
370
     9
100
AcDbPolyline
 90
        2
 70
     0
 43
0.0
 10
7.268102333957221
 20
5.903940890951668
 10
9.348840886734999
 20
5.903940890951668
  0
LWPOLYLINE
  5
5EA
330
1F
100
AcDbEntity
  8
PDF_Geometry
370
     9
100
AcDbPolyline
 90
        4
 70
     0
 43
0.0
 10
9.471239558123889
 20
5.903940890951668
 10
9.723990418123888
 20
5.903940890951668
 10
9.723990418123888
 20
5.965444636507223
 10
9.471239558123889
 20
5.965444636507223
  0
LWPOLYLINE
  5
5EC
330
1F
100
AcDbEntity
  8
PDF_Geometry
370
     9
100
AcDbPolyline
 90
        2
 70
     0
 43
0.0
 10
7.268102333957221
 20
5.965444636507223
 10
9.348840886734999
 20
5.965444636507223
  0
LWPOLYLINE
  5
5F0
330
1F
100
AcDbEntity
  8
PDF_Geometry
370
     9
100
AcDbPolyline
 90
        4
 70
     0
 43
0.0
 10
10.257018561735
 20
9.779816778729445
 10
10.257018561735
 20
5.982271377340556
 10
10.10402346090166
 20
5.982271377340556
 10
10.10402346090166
 20
9.779816778729445
  0
LWPOLYLINE
  5
5F3
330
1F
100
AcDbEntity
  8
PDF_Geometry
370
     9
100
AcDbPolyline
 90
        4
 70
     0
 43
0.0
 10
9.645038158401666
 20
5.780454116229446
 10
9.645038158401666
 20
5.583261294285001
 10
9.706243970901665
 20
5.583261294285001
 10
9.706243970901665
 20
5.780454116229446
  0
LWPOLYLINE
  5
5FB
330
1F
100
AcDbEntity
  8
PDF_Geometry
370
     9
100
AcDbPolyline
 90
        8
 70
     0
 43
0.0
 10
10.257018561735
 20
7.523854728451667
 10
10.30904026395722
 20
7.523854728451667
 10
10.30904026395722
 20
7.450420707062779
 10
10.29173423951277
 20
7.433114682618334
 10
10.29043887840166
 20
7.434410043729446
 10
10.30720085117944
 20
7.451184970118334
 10
10.30720085117944
 20
7.52201531567389
 10
10.257018561735
 20
7.52201531567389
  0
LWPOLYLINE
  5
602
330
1F
100
AcDbEntity
  8
PDF_Geometry
370
     9
100
AcDbPolyline
 90
        3
 70
     0
 43
0.0
 10
10.30904026395722
 20
5.967581982340557
 10
10.30904026395722
 20
7.399629597896112
 10
10.257018561735
 20
7.399629597896112
  0
LWPOLYLINE
  5
604
330
1F
100
AcDbEntity
  8
PDF_Geometry
370
     9
100
AcDbPolyline
 90
        2
 70
     0
 43
0.0
 10
10.09790935645722
 20
9.359795938451668
 10
10.10402346090166
 20
9.359795938451668
  0
LWPOLYLINE
  5
605
330
1F
100
AcDbEntity
  8
PDF_Geometry
370
     9
100
AcDbPolyline
 90
        8
 70
     0
 43
0.0
 10
10.257018561735
 20
9.359795938451668
 10
10.30720085117944
 20
9.359795938451668
 10
10.30720085117944
 20
9.430639237618335
 10
10.29043887840166
 20
9.447414164007224
 10
10.29173423951277
 20
9.448709525118335
 10
10.30904026395722
 20
9.431403500673889
 10
10.30904026395722
 20
9.357969479285001
 10
10.257018561735
 20
9.357969479285001
  0
LWPOLYLINE
  5
60C
330
1F
100
AcDbEntity
  8
PDF_Geometry
370
     9
100
AcDbPolyline
 90
        4
 70
     0
 43
0.0
 10
4.320806058679445
 20
5.780454116229446
 10
4.320806058679445
 20
5.583261294285001
 10
4.381998917568332
 20
5.583261294285001
 10
4.381998917568332
 20
5.780454116229446
  0
LWPOLYLINE
  5
60F
330
1F
100
AcDbEntity
  8
PDF_Geometry
370
     9
100
AcDbPolyline
 90
        4
 70
     0
 43
0.0
 10
5.397885868957222
 20
5.780454116229446
 10
5.397885868957222
 20
5.583261294285001
 10
5.459091681457222
 20
5.583261294285001
 10
5.459091681457222
 20
5.780454116229446
  0
LWPOLYLINE
  5
612
330
1F
100
AcDbEntity
  8
PDF_Geometry
370
     9
100
AcDbPolyline
 90
        4
 70
     0
 43
0.0
 10
6.474978632846111
 20
5.780454116229446
 10
6.474978632846111
 20
5.583261294285001
 10
6.536171491734999
 20
5.583261294285001
 10
6.536171491734999
 20
5.780454116229446
  0
LWPOLYLINE
  5
615
330
1F
100
AcDbEntity
  8
PDF_Geometry
370
     9
100
AcDbPolyline
 90
        4
 70
     0
 43
0.0
 10
8.629151207012776
 20
5.780454116229446
 10
8.629151207012776
 20
5.583261294285001
 10
8.690344065901665
 20
5.583261294285001
 10
8.690344065901665
 20
5.780454116229446
  0
LWPOLYLINE
  5
61A
330
1F
100
AcDbEntity
  8
PDF_Geometry
370
     9
100
AcDbPolyline
 90
        2
 70
     0
 43
0.0
 10
4.259600246179444
 20
5.784780622340557
 10
9.767436829790554
 20
5.784780622340557
  0
LWPOLYLINE
  5
61D
330
1F
100
AcDbEntity
  8
PDF_Geometry
370
     9
100
AcDbPolyline
 90
        6
 70
     1
 43
0.0
 10
9.423466640346111
 20
5.865999764007224
 10
9.416756669790554
 20
5.854367421229445
 10
9.403323775068333
 20
5.854367421229445
 10
9.396613804512776
 20
5.865999764007224
 10
9.403323775068333
 20
5.877632106785001
 10
9.416756669790554
 20
5.877632106785001
  0
LWPOLYLINE
  5
625
330
1F
100
AcDbEntity
  8
PDF_Geometry
370
     9
100
AcDbPolyline
 90
        6
 70
     1
 43
0.0
 10
7.220329416179444
 20
5.865999764007224
 10
7.213619445623888
 20
5.854367421229445
 10
7.200186550901666
 20
5.854367421229445
 10
7.193476580346111
 20
5.865999764007224
 10
7.200186550901666
 20
5.877632106785001
 10
7.213619445623888
 20
5.877632106785001
  0
LWPOLYLINE
  5
62B
330
1F
100
AcDbEntity
  8
PDF_Geometry
370
     9
100
AcDbPolyline
 90
        4
 70
     0
 43
0.0
 10
7.268102333957221
 20
5.900275019007223
 10
7.268102333957221
 20
5.845196264562779
 10
7.145703662568333
 20
5.845196264562779
 10
7.145703662568333
 20
5.900275019007223
  0
LWPOLYLINE
  5
62E
330
1F
100
AcDbEntity
  8
PDF_Geometry
370
     9
100
AcDbPolyline
 90
        2
 70
     0
 43
0.0
 10
10.30904026395722
 20
5.01957195317389
 10
10.30904026395722
 20
10.70305950345167
  0
LWPOLYLINE
  5
62F
330
1F
100
AcDbEntity
  8
PDF_Geometry
370
     9
100
AcDbPolyline
 90
        6
 70
     1
 43
0.0
 10
10.38983193645722
 20
10.92336156761833
 10
10.22824859145722
 20
10.92336156761833
 10
10.11809108256833
 20
10.81321701234055
 10
10.22824859145722
 20
10.70305950345167
 10
10.38983193645722
 20
10.70305950345167
 10
10.49998944534611
 20
10.81321701234055
  0
LWPOLYLINE
  5
635
330
1F
100
AcDbEntity
  8
PDF_Geometry
370
     9
100
AcDbPolyline
 90
        8
 70
     0
 43
0.0
 10
1.587322088401666
 20
5.906389123451668
 10
1.477164579512777
 20
6.016546632340557
 10
1.190086650068332
 20
6.016546632340557
 10
1.079929141179444
 20
5.906389123451668
 10
1.190086650068332
 20
5.796231614562779
 10
1.477164579512777
 20
5.796231614562779
 10
1.587322088401666
 20
5.906389123451668
 10
11.51489192229055
 20
5.906389123451668
  0
LWPOLYLINE
  5
63C
330
1F
100
AcDbEntity
  8
PDF_Geometry
370
     9
100
AcDbPolyline
 90
        3
 70
     1
 43
0.0
 10
9.206338210901666
 20
9.126980685951668
 10
9.206338210901666
 20
9.218769974285001
 10
9.298127499234999
 20
9.172875330118333
  0
LWPOLYLINE
  5
63F
330
1F
100
AcDbEntity
  8
PDF_Geometry
370
     9
100
AcDbPolyline
 90
        3
 70
     0
 43
0.0
 10
9.298127499234999
 20
9.172875330118333
 10
9.041101947568332
 20
9.172875330118333
 10
9.041101947568332
 20
8.915836824840557
  0
LWPOLYLINE
  5
641
330
1F
100
AcDbEntity
  8
PDF_Geometry
370
     9
100
AcDbPolyline
 90
        3
 70
     1
 43
0.0
 10
9.206338210901666
 20
5.32839899567389
 10
9.298127499234999
 20
5.374293639840557
 10
9.206338210901666
 20
5.420188284007223
  0
LWPOLYLINE
  5
644
330
1F
100
AcDbEntity
  8
PDF_Geometry
370
     9
100
AcDbPolyline
 90
        3
 70
     0
 43
0.0
 10
9.298127499234999
 20
5.374293639840557
 10
9.041101947568332
 20
5.374293639840557
 10
9.041101947568332
 20
5.631332145118334
  0
LWPOLYLINE
  5
646
330
1F
100
AcDbEntity
  8
PDF_Geometry
370
     9
100
AcDbPolyline
 90
        3
 70
     1
 43
0.0
 10
10.70008387617944
 20
8.792764565673889
 10
10.79187316451277
 20
8.792764565673889
 10
10.74597852034611
 20
8.700962323729445
  0
LWPOLYLINE
  5
649
330
1F
100
AcDbEntity
  8
PDF_Geometry
370
     9
100
AcDbPolyline
 90
        3
 70
     0
 43
0.0
 10
10.74597852034611
 20
8.700962323729445
 10
10.74597852034611
 20
8.958000829007223
 10
10.48894001506833
 20
8.958000829007223
  0
LWPOLYLINE
  5
64B
330
1F
100
AcDbEntity
  8
PDF_Geometry
370
     9
100
AcDbPolyline
 90
        3
 70
     1
 43
0.0
 10
2.318359131457223
 20
8.792764565673889
 10
2.36425377562389
 20
8.700962323729445
 10
2.410161373401666
 20
8.792764565673889
  0
LWPOLYLINE
  5
64E
330
1F
100
AcDbEntity
  8
PDF_Geometry
370
     9
100
AcDbPolyline
 90
        3
 70
     0
 43
0.0
 10
2.36425377562389
 20
8.700962323729445
 10
2.36425377562389
 20
8.958000829007223
 10
2.621292280901665
 20
8.958000829007223
  0
LWPOLYLINE
  5
650
330
1F
100
AcDbEntity
  8
PDF_Geometry
370
     9
100
AcDbPolyline
 90
        4
 70
     0
 43
0.0
 10
7.188657875873611
 20
2.524923413206391
 10
7.188657875873611
 20
2.515130483206387
 10
7.161805040040277
 20
2.515130483206387
 10
7.161805040040277
 20
2.524923413206391
  0
LWPOLYLINE
  5
651
330
1F
100
AcDbEntity
  8
PDF_Geometry
370
     9
100
AcDbPolyline
 90
        2
 70
     0
 43
0.0
 10
7.168515010595834
 20
2.515130483206387
 10
7.168515010595834
 20
2.524923413206391
  0
LWPOLYLINE
  5
652
330
1F
100
AcDbEntity
  8
PDF_Geometry
370
     9
100
AcDbPolyline
 90
        2
 70
     0
 43
0.0
 10
7.181934951706945
 20
2.515130483206387
 10
7.181934951706945
 20
2.524923413206391
  0
LWPOLYLINE
  5
655
330
1F
100
AcDbEntity
  8
PDF_Geometry
370
     9
100
AcDbPolyline
 90
        4
 70
     0
 43
0.0
 10
7.2498507347625
 20
2.524923413206391
 10
7.2498507347625
 20
2.515130483206387
 10
7.222997898929166
 20
2.515130483206387
 10
7.222997898929166
 20
2.524923413206391
  0
LWPOLYLINE
  5
656
330
1F
100
AcDbEntity
  8
PDF_Geometry
370
     9
100
AcDbPolyline
 90
        2
 70
     0
 43
0.0
 10
7.229707869484722
 20
2.515130483206387
 10
7.229707869484722
 20
2.524923413206391
  0
LWPOLYLINE
  5
657
330
1F
100
AcDbEntity
  8
PDF_Geometry
370
     9
100
AcDbPolyline
 90
        2
 70
     0
 43
0.0
 10
7.243140764206945
 20
2.515130483206387
 10
7.243140764206945
 20
2.524923413206391
  0
LWPOLYLINE
  5
65A
330
1F
100
AcDbEntity
  8
PDF_Geometry
370
     9
100
AcDbPolyline
 90
        4
 70
     0
 43
0.0
 10
4.63060466087361
 20
2.56163394709528
 10
4.624490556429167
 20
2.56163394709528
 10
4.624490556429167
 20
2.745225477373054
 10
4.63060466087361
 20
2.745225477373054
  0
LWPOLYLINE
  5
65D
330
1F
100
AcDbEntity
  8
PDF_Geometry
370
     9
100
AcDbPolyline
 90
        2
 70
     0
 43
0.0
 10
4.557170639484723
 20
2.56163394709528
 10
4.557170639484723
 20
2.745225477373054
  0
LWPOLYLINE
  5
65E
330
1F
100
AcDbEntity
  8
PDF_Geometry
370
     9
100
AcDbPolyline
 90
        2
 70
     0
 43
0.0
 10
6.324457710595833
 20
0.6973243287619475
 10
6.782536260318057
 20
0.6973243287619475
  0
LWPOLYLINE
  5
65F
330
1F
100
AcDbEntity
  8
PDF_Geometry
370
     9
100
AcDbPolyline
 90
        3
 70
     0
 43
0.0
 10
4.788496226706945
 20
2.531037517650833
 10
4.788496226706945
 20
2.524923413206391
 10
4.860298093095834
 20
2.524923413206391
  0
LWPOLYLINE
  5
661
330
1F
100
AcDbEntity
  8
PDF_Geometry
370
     9
100
AcDbPolyline
 90
        3
 70
     0
 43
0.0
 10
4.861114170595834
 20
2.524923413206391
 10
4.91702195615139
 20
2.524923413206391
 10
4.91702195615139
 20
2.530454605150833
  0
LWPOLYLINE
  5
663
330
1F
100
AcDbEntity
  8
PDF_Geometry
370
     9
100
AcDbPolyline
 90
        4
 70
     0
 43
0.0
 10
3.406643854206945
 20
2.745225477373054
 10
3.412770912262502
 20
2.745225477373054
 10
3.412770912262502
 20
2.56163394709528
 10
3.406643854206945
 20
2.56163394709528
  0
LWPOLYLINE
  5
666
330
1F
100
AcDbEntity
  8
PDF_Geometry
370
     9
100
AcDbPolyline
 90
        2
 70
     0
 43
0.0
 10
3.480077875595835
 20
2.56163394709528
 10
3.480077875595835
 20
2.745225477373054
  0
LWPOLYLINE
  5
667
330
1F
100
AcDbEntity
  8
PDF_Geometry
370
     9
100
AcDbPolyline
 90
        2
 70
     0
 43
0.0
 10
6.787847240873611
 20
2.430672938761944
 10
6.787847240873611
 20
2.52434050070639
  0
LWPOLYLINE
  5
668
330
1F
100
AcDbEntity
  8
PDF_Geometry
370
     9
100
AcDbPolyline
 90
        7
 70
     0
 43
0.0
 10
6.855167157818056
 20
2.430672938761944
 10
6.855167157818056
 20
2.524923413206391
 10
6.8490400997625
 20
2.524923413206391
 10
6.8490400997625
 20
2.430672938761944
 10
6.8490400997625
 20
2.524923413206391
 10
6.842925995318055
 20
2.524923413206391
 10
6.842925995318055
 20
2.430672938761944
  0
LWPOLYLINE
  5
66B
330
1F
100
AcDbEntity
  8
PDF_Geometry
370
     9
100
AcDbPolyline
 90
        2
 70
     0
 43
0.0
 10
8.716199512540278
 20
2.430672938761944
 10
8.716199512540278
 20
2.524923413206391
  0
LWPOLYLINE
  5
66C
330
1F
100
AcDbEntity
  8
PDF_Geometry
370
     9
100
AcDbPolyline
 90
        7
 70
     0
 43
0.0
 10
8.771278266984722
 20
2.492578246261945
 10
8.771278266984722
 20
2.524923413206391
 10
8.777392371429167
 20
2.524923413206391
 10
8.777392371429167
 20
2.489417565150834
 10
8.777392371429167
 20
2.524923413206391
 10
8.783519429484723
 20
2.524923413206391
 10
8.783519429484723
 20
2.489417565150834
  0
LWPOLYLINE
  5
66D
330
1F
100
AcDbEntity
  8
PDF_Geometry
370
     9
100
AcDbPolyline
 90
        2
 70
     0
 43
0.0
 10
8.771278266984722
 20
2.430672938761944
 10
8.771278266984722
 20
2.491749215150836
  0
LWPOLYLINE
  5
66F
330
1F
100
AcDbEntity
  8
PDF_Geometry
370
     9
100
AcDbPolyline
 90
        2
 70
     1
 43
0.0
 10
8.777392371429167
 20
2.488847606261945
 10
8.777392371429167
 20
2.430672938761944
  0
LWPOLYLINE
  5
671
330
1F
100
AcDbEntity
  8
PDF_Geometry
370
     9
100
AcDbPolyline
 90
        6
 70
     1
 43
0.0
 10
2.878538082818056
 20
2.387835346817499
 10
2.885261006984722
 20
2.399454735984168
 10
2.898680948095835
 20
2.399454735984168
 10
2.905390918651391
 20
2.387835346817499
 10
2.898680948095835
 20
2.376203004039723
 10
2.885261006984722
 20
2.376203004039723
  0
LWPOLYLINE
  5
677
330
1F
100
AcDbEntity
  8
PDF_Geometry
370
     9
100
AcDbPolyline
 90
        4
 70
     0
 43
0.0
 10
2.905390918651391
 20
2.524923413206391
 10
2.905390918651391
 20
2.515130483206387
 10
2.878538082818056
 20
2.515130483206387
 10
2.878538082818056
 20
2.524923413206391
  0
LWPOLYLINE
  5
678
330
1F
100
AcDbEntity
  8
PDF_Geometry
370
     9
100
AcDbPolyline
 90
        2
 70
     0
 43
0.0
 10
2.885261006984722
 20
2.515130483206387
 10
2.885261006984722
 20
2.524923413206391
  0
LWPOLYLINE
  5
679
330
1F
100
AcDbEntity
  8
PDF_Geometry
370
     9
100
AcDbPolyline
 90
        2
 70
     0
 43
0.0
 10
2.898680948095835
 20
2.515130483206387
 10
2.898680948095835
 20
2.524923413206391
  0
LWPOLYLINE
  5
67C
330
1F
100
AcDbEntity
  8
PDF_Geometry
370
     9
100
AcDbPolyline
 90
        4
 70
     0
 43
0.0
 10
2.905390918651391
 20
2.538382215150832
 10
2.905390918651391
 20
2.540830447650833
 10
2.878538082818056
 20
2.540830447650833
 10
2.878538082818056
 20
2.538382215150832
  0
LWPOLYLINE
  5
67E
330
1F
100
AcDbEntity
  8
PDF_Geometry
370
     9
100
AcDbPolyline
 90
        2
 70
     0
 43
0.0
 10
2.885261006984722
 20
2.538382215150832
 10
2.885261006984722
 20
2.540830447650833
  0
LWPOLYLINE
  5
67F
330
1F
100
AcDbEntity
  8
PDF_Geometry
370
     9
100
AcDbPolyline
 90
        2
 70
     0
 43
0.0
 10
2.898680948095835
 20
2.538382215150832
 10
2.898680948095835
 20
2.540830447650833
  0
LWPOLYLINE
  5
681
330
1F
100
AcDbEntity
  8
PDF_Geometry
370
     9
100
AcDbPolyline
 90
        3
 70
     0
 43
0.0
 10
2.942399385595835
 20
2.515130483206387
 10
2.939743895318055
 20
2.515130483206387
 10
2.939743895318055
 20
2.524923413206391
  0
LWPOLYLINE
  5
682
330
1F
100
AcDbEntity
  8
PDF_Geometry
370
     9
100
AcDbPolyline
 90
        2
 70
     0
 43
0.0
 10
2.946453865873612
 20
2.515130483206387
 10
2.946453865873612
 20
2.524923413206391
  0
LWPOLYLINE
  5
683
330
1F
100
AcDbEntity
  8
PDF_Geometry
370
     9
100
AcDbPolyline
 90
        2
 70
     0
 43
0.0
 10
2.959873806984723
 20
2.515130483206387
 10
2.959873806984723
 20
2.524923413206391
  0
LWPOLYLINE
  5
684
330
1F
100
AcDbEntity
  8
PDF_Geometry
370
     9
100
AcDbPolyline
 90
        3
 70
     0
 43
0.0
 10
2.943021158929168
 20
2.515130483206387
 10
2.96659673115139
 20
2.515130483206387
 10
2.96659673115139
 20
2.524923413206391
  0
LWPOLYLINE
  5
687
330
1F
100
AcDbEntity
  8
PDF_Geometry
370
     9
100
AcDbPolyline
 90
        4
 70
     0
 43
0.0
 10
2.96659673115139
 20
2.538382215150832
 10
2.96659673115139
 20
2.540830447650833
 10
2.939743895318055
 20
2.540830447650833
 10
2.939743895318055
 20
2.538382215150832
  0
LWPOLYLINE
  5
689
330
1F
100
AcDbEntity
  8
PDF_Geometry
370
     9
100
AcDbPolyline
 90
        2
 70
     0
 43
0.0
 10
2.946453865873612
 20
2.538382215150832
 10
2.946453865873612
 20
2.540830447650833
  0
LWPOLYLINE
  5
68A
330
1F
100
AcDbEntity
  8
PDF_Geometry
370
     9
100
AcDbPolyline
 90
        2
 70
     0
 43
0.0
 10
2.959873806984723
 20
2.538382215150832
 10
2.959873806984723
 20
2.540830447650833
  0
LWPOLYLINE
  5
68C
330
1F
100
AcDbEntity
  8
PDF_Geometry
370
     9
100
AcDbPolyline
 90
        4
 70
     0
 43
0.0
 10
9.683121813929167
 20
2.714020228206393
 10
9.673328883929167
 20
2.714020228206393
 10
9.673328883929167
 20
2.690768496261945
 10
9.683121813929167
 20
2.690768496261945
  0
LWPOLYLINE
  5
68E
330
1F
100
AcDbEntity
  8
PDF_Geometry
370
     9
100
AcDbPolyline
 90
        2
 70
     0
 43
0.0
 10
9.673328883929167
 20
2.702387885428613
 10
9.683121813929167
 20
2.702387885428613
  0
LWPOLYLINE
  5
690
330
1F
100
AcDbEntity
  8
PDF_Geometry
370
     9
100
AcDbPolyline
 90
        4
 70
     0
 43
0.0
 10
9.6910882847625
 20
2.714020228206393
 10
9.7008812147625
 20
2.714020228206393
 10
9.7008812147625
 20
2.690768496261945
 10
9.6910882847625
 20
2.690768496261945
  0
LWPOLYLINE
  5
693
330
1F
100
AcDbEntity
  8
PDF_Geometry
370
     9
100
AcDbPolyline
 90
        2
 70
     0
 43
0.0
 10
9.6910882847625
 20
2.702387885428613
 10
9.7008812147625
 20
2.702387885428613
  0
LWPOLYLINE
  5
694
330
1F
100
AcDbEntity
  8
PDF_Geometry
370
     9
100
AcDbPolyline
 90
        4
 70
     0
 43
0.0
 10
9.683121813929167
 20
2.616103881817501
 10
9.673328883929167
 20
2.616103881817501
 10
9.673328883929167
 20
2.592852149873056
 10
9.683121813929167
 20
2.592852149873056
  0
LWPOLYLINE
  5
696
330
1F
100
AcDbEntity
  8
PDF_Geometry
370
     9
100
AcDbPolyline
 90
        2
 70
     0
 43
0.0
 10
9.673328883929167
 20
2.604471539039725
 10
9.683121813929167
 20
2.604471539039725
  0
LWPOLYLINE
  5
698
330
1F
100
AcDbEntity
  8
PDF_Geometry
370
     9
100
AcDbPolyline
 90
        4
 70
     0
 43
0.0
 10
9.6910882847625
 20
2.616103881817501
 10
9.7008812147625
 20
2.616103881817501
 10
9.7008812147625
 20
2.592852149873056
 10
9.6910882847625
 20
2.592852149873056
  0
LWPOLYLINE
  5
69B
330
1F
100
AcDbEntity
  8
PDF_Geometry
370
     9
100
AcDbPolyline
 90
        2
 70
     0
 43
0.0
 10
9.6910882847625
 20
2.604471539039725
 10
9.7008812147625
 20
2.604471539039725
  0
LWPOLYLINE
  5
69C
330
1F
100
AcDbEntity
  8
PDF_Geometry
370
     9
100
AcDbPolyline
 90
       22
 70
     0
 43
0.0
 10
2.713794056706945
 20
2.519379267650833
 10
2.724558507540278
 20
2.530454605150833
 10
2.7974484772625
 20
2.530454605150833
 10
2.802344942262499
 20
2.52434050070639
 10
2.842086621151389
 20
2.52434050070639
 10
2.84698308615139
 20
2.530454605150833
 10
2.919886009484723
 20
2.530454605150833
 10
2.960275368929166
 20
2.488847606261945
 10
2.9901593497625
 20
2.488847606261945
 10
3.030548709206945
 20
2.530454605150833
 10
3.040069613373612
 20
2.530454605150833
 10
3.040069613373612
 20
2.531037517650833
 10
3.030302590595832
 20
2.531037517650833
 10
2.98991323115139
 20
2.489417565150834
 10
2.960521487540278
 20
2.489417565150834
 10
2.920132128095833
 20
2.531037517650833
 10
2.846711060318058
 20
2.531037517650833
 10
2.841814595318056
 20
2.524923413206391
 10
2.802629921706945
 20
2.524923413206391
 10
2.797733456706946
 20
2.531037517650833
 10
2.724312388929168
 20
2.531037517650833
 10
2.713794056706945
 20
2.520208298761943
  0
LWPOLYLINE
  5
6B1
330
1F
100
AcDbEntity
  8
PDF_Geometry
370
     9
100
AcDbPolyline
 90
        2
 70
     0
 43
0.0
 10
4.791553278929167
 20
2.430672938761944
 10
4.791553278929167
 20
2.493640442373056
  0
LWPOLYLINE
  5
6B2
330
1F
100
AcDbEntity
  8
PDF_Geometry
370
     9
100
AcDbPolyline
 90
        2
 70
     0
 43
0.0
 10
4.791553278929167
 20
2.494469473484169
 10
4.791553278929167
 20
2.524923413206391
  0
LWPOLYLINE
  5
6B3
330
1F
100
AcDbEntity
  8
PDF_Geometry
370
     9
100
AcDbPolyline
 90
        7
 70
     0
 43
0.0
 10
4.846632033373611
 20
2.510829884317502
 10
4.846632033373611
 20
2.524923413206391
 10
4.852759091429168
 20
2.524923413206391
 10
4.852759091429168
 20
2.517138292928613
 10
4.852759091429168
 20
2.524923413206391
 10
4.858873195873612
 20
2.524923413206391
 10
4.858873195873612
 20
2.523446701539722
  0
LWPOLYLINE
  5
6B4
330
1F
100
AcDbEntity
  8
PDF_Geometry
370
     9
100
AcDbPolyline
 90
        2
 70
     0
 43
0.0
 10
4.846632033373611
 20
2.430672938761944
 10
4.846632033373611
 20
2.510000853206392
  0
LWPOLYLINE
  5
6B6
330
1F
100
AcDbEntity
  8
PDF_Geometry
370
     9
100
AcDbPolyline
 90
        2
 70
     1
 43
0.0
 10
4.852759091429168
 20
2.5163092618175
 10
4.852759091429168
 20
2.430672938761944
  0
LWPOLYLINE
  5
6B8
330
1F
100
AcDbEntity
  8
PDF_Geometry
370
     9
100
AcDbPolyline
 90
        6
 70
     0
 43
0.0
 10
2.858304542262501
 20
2.530454605150833
 10
2.858304542262501
 20
2.524923413206391
 10
2.925261758095833
 20
2.524923413206391
 10
2.922567406984723
 20
2.524923413206391
 10
2.916453302540278
 20
2.524923413206391
 10
2.916453302540278
 20
2.34744598737306
  0
LWPOLYLINE
  5
6BA
330
1F
100
AcDbEntity
  8
PDF_Geometry
370
     9
100
AcDbPolyline
 90
        5
 70
     0
 43
0.0
 10
2.928681511429167
 20
2.522216108484169
 10
2.928681511429167
 20
2.524923413206391
 10
2.926064881984722
 20
2.524923413206391
 10
2.986830271706945
 20
2.524923413206391
 10
2.986830271706945
 20
2.531037517650833
  0
LWPOLYLINE
  5
6BC
330
1F
100
AcDbEntity
  8
PDF_Geometry
370
     9
100
AcDbPolyline
 90
        6
 70
     1
 43
0.0
 10
9.665958279206945
 20
2.702387885428613
 10
9.659235355040278
 20
2.690768496261945
 10
9.645815413929167
 20
2.690768496261945
 10
9.639105443373612
 20
2.702387885428613
 10
9.645815413929167
 20
2.714020228206393
 10
9.659235355040278
 20
2.714020228206393
  0
LWPOLYLINE
  5
6C2
330
1F
100
AcDbEntity
  8
PDF_Geometry
370
     9
100
AcDbPolyline
 90
        6
 70
     1
 43
0.0
 10
9.665958279206945
 20
2.604471539039725
 10
9.659235355040278
 20
2.592852149873056
 10
9.645815413929167
 20
2.592852149873056
 10
9.639105443373612
 20
2.604471539039725
 10
9.645815413929167
 20
2.616103881817501
 10
9.659235355040278
 20
2.616103881817501
  0
LWPOLYLINE
  5
6C8
330
1F
100
AcDbEntity
  8
PDF_Geometry
370
     9
100
AcDbPolyline
 90
        3
 70
     0
 43
0.0
 10
5.449441280040279
 20
2.531037517650833
 10
5.449441280040279
 20
2.524923413206391
 10
5.472291450040278
 20
2.524923413206391
  0
LWPOLYLINE
  5
6CA
330
1F
100
AcDbEntity
  8
PDF_Geometry
370
     9
100
AcDbPolyline
 90
        2
 70
     0
 43
0.0
 10
5.473094573929166
 20
2.524923413206391
 10
5.555803380873612
 20
2.524923413206391
  0
LWPOLYLINE
  5
6CB
330
1F
100
AcDbEntity
  8
PDF_Geometry
370
     9
100
AcDbPolyline
 90
        2
 70
     0
 43
0.0
 10
5.577954055873612
 20
2.524923413206391
 10
5.577954055873612
 20
2.531037517650833
  0
LWPOLYLINE
  5
6CC
330
1F
100
AcDbEntity
  8
PDF_Geometry
370
     9
100
AcDbPolyline
 90
        6
 70
     1
 43
0.0
 10
2.939743895318055
 20
2.387835346817499
 10
2.946453865873612
 20
2.399454735984168
 10
2.959873806984723
 20
2.399454735984168
 10
2.96659673115139
 20
2.387835346817499
 10
2.959873806984723
 20
2.376203004039723
 10
2.946453865873612
 20
2.376203004039723
  0
LWPOLYLINE
  5
6D2
330
1F
100
AcDbEntity
  8
PDF_Geometry
370
     9
100
AcDbPolyline
 90
        4
 70
     0
 43
0.0
 10
7.0773086347625
 20
2.745225477373054
 10
7.083435692818055
 20
2.745225477373054
 10
7.083435692818055
 20
2.56163394709528
 10
7.0773086347625
 20
2.56163394709528
  0
LWPOLYLINE
  5
6D5
330
1F
100
AcDbEntity
  8
PDF_Geometry
370
     9
100
AcDbPolyline
 90
        2
 70
     0
 43
0.0
 10
7.1507556097625
 20
2.56163394709528
 10
7.1507556097625
 20
2.745225477373054
  0
LWPOLYLINE
  5
6D6
330
1F
100
AcDbEntity
  8
PDF_Geometry
370
     9
100
AcDbPolyline
 90
        2
 70
     0
 43
0.0
 10
6.126902187540278
 20
2.430672938761944
 10
6.126902187540278
 20
2.524923413206391
  0
LWPOLYLINE
  5
6D7
330
1F
100
AcDbEntity
  8
PDF_Geometry
370
     9
100
AcDbPolyline
 90
        2
 70
     0
 43
0.0
 10
6.181980941984723
 20
2.430672938761944
 10
6.181980941984723
 20
2.52434050070639
  0
LWPOLYLINE
  5
6D8
330
1F
100
AcDbEntity
  8
PDF_Geometry
370
     9
100
AcDbPolyline
 90
        2
 70
     1
 43
0.0
 10
6.188108000040278
 20
2.52434050070639
 10
6.188108000040278
 20
2.430672938761944
  0
LWPOLYLINE
  5
6D9
330
1F
100
AcDbEntity
  8
PDF_Geometry
370
     9
100
AcDbPolyline
 90
        7
 70
     0
 43
0.0
 10
2.861374548095833
 20
2.524923413206391
 10
2.861374548095833
 20
2.34744598737306
 10
2.922567406984723
 20
2.34744598737306
 10
2.922567406984723
 20
2.524923413206391
 10
2.922567406984723
 20
2.34744598737306
 10
2.983760265873611
 20
2.34744598737306
 10
2.983760265873611
 20
2.488847606261945
  0
LWPOLYLINE
  5
6DB
330
1F
100
AcDbEntity
  8
PDF_Geometry
370
     9
100
AcDbPolyline
 90
        2
 70
     0
 43
0.0
 10
2.983760265873611
 20
2.489417565150834
 10
2.983760265873611
 20
2.524923413206391
  0
LWPOLYLINE
  5
6DC
330
1F
100
AcDbEntity
  8
PDF_Geometry
370
     9
100
AcDbPolyline
 90
        2
 70
     0
 43
0.0
 10
2.928681511429167
 20
2.34744598737306
 10
2.928681511429167
 20
2.521387077373056
  0
LWPOLYLINE
  5
6E1
330
1F
100
AcDbEntity
  8
PDF_Geometry
370
     9
100
AcDbPolyline
 90
        4
 70
     0
 43
0.0
 10
6.170931511706945
 20
2.52434050070639
 10
6.170931511706945
 20
2.515130483206387
 10
6.144078675873611
 20
2.515130483206387
 10
6.144078675873611
 20
2.524923413206391
  0
LWPOLYLINE
  5
6E2
330
1F
100
AcDbEntity
  8
PDF_Geometry
370
     9
100
AcDbPolyline
 90
        2
 70
     0
 43
0.0
 10
6.150788646429168
 20
2.515130483206387
 10
6.150788646429168
 20
2.524923413206391
  0
LWPOLYLINE
  5
6E3
330
1F
100
AcDbEntity
  8
PDF_Geometry
370
     9
100
AcDbPolyline
 90
        2
 70
     0
 43
0.0
 10
6.164221541151388
 20
2.515130483206387
 10
6.164221541151388
 20
2.524923413206391
  0
LWPOLYLINE
  5
6E6
330
1F
100
AcDbEntity
  8
PDF_Geometry
370
     9
100
AcDbPolyline
 90
        4
 70
     0
 43
0.0
 10
6.232124370595833
 20
2.524923413206391
 10
6.232124370595833
 20
2.515130483206387
 10
6.2052715347625
 20
2.515130483206387
 10
6.2052715347625
 20
2.52434050070639
  0
LWPOLYLINE
  5
6E7
330
1F
100
AcDbEntity
  8
PDF_Geometry
370
     9
100
AcDbPolyline
 90
        2
 70
     0
 43
0.0
 10
6.211994458929167
 20
2.515130483206387
 10
6.211994458929167
 20
2.524923413206391
  0
LWPOLYLINE
  5
6E8
330
1F
100
AcDbEntity
  8
PDF_Geometry
370
     9
100
AcDbPolyline
 90
        2
 70
     0
 43
0.0
 10
6.225414400040278
 20
2.515130483206387
 10
6.225414400040278
 20
2.524923413206391
  0
LWPOLYLINE
  5
6F0
330
1F
100
AcDbEntity
  8
PDF_Geometry
370
     9
100
AcDbPolyline
 90
        2
 70
     0
 43
0.0
 10
6.784790188651388
 20
2.524923413206391
 10
6.784790188651388
 20
2.531037517650833
  0
LWPOLYLINE
  5
6F1
330
1F
100
AcDbEntity
  8
PDF_Geometry
370
     9
100
AcDbPolyline
 90
        2
 70
     0
 43
0.0
 10
6.820438526429168
 20
2.524923413206391
 10
6.903147333373611
 20
2.524923413206391
  0
LWPOLYLINE
  5
6F2
330
1F
100
AcDbEntity
  8
PDF_Geometry
370
     9
100
AcDbPolyline
 90
        3
 70
     0
 43
0.0
 10
6.903950457262499
 20
2.524923413206391
 10
6.913302964484723
 20
2.524923413206391
 10
6.913302964484723
 20
2.531037517650833
  0
LWPOLYLINE
  5
6F4
330
1F
100
AcDbEntity
  8
PDF_Geometry
370
     9
100
AcDbPolyline
 90
        2
 70
     0
 43
0.0
 10
4.913951950318057
 20
2.430672938761944
 10
4.913951950318057
 20
2.524923413206391
  0
LWPOLYLINE
  5
6F5
330
1F
100
AcDbEntity
  8
PDF_Geometry
370
     9
100
AcDbPolyline
 90
        2
 70
     0
 43
0.0
 10
4.858873195873612
 20
2.430672938761944
 10
4.858873195873612
 20
2.522617670428612
  0
LWPOLYLINE
  5
6FA
330
1F
100
AcDbEntity
  8
PDF_Geometry
370
     9
100
AcDbPolyline
 90
        2
 70
     0
 43
0.0
 10
7.144628551706945
 20
2.430672938761944
 10
7.144628551706945
 20
2.524923413206391
  0
LWPOLYLINE
  5
6FB
330
1F
100
AcDbEntity
  8
PDF_Geometry
370
     9
100
AcDbPolyline
 90
        8
 70
     0
 43
0.0
 10
7.141571499484722
 20
2.530454605150833
 10
7.141571499484722
 20
2.524923413206391
 10
7.209137535040278
 20
2.524923413206391
 10
7.205821410595834
 20
2.524923413206391
 10
7.205821410595834
 20
2.430672938761944
 10
7.205821410595834
 20
2.524923413206391
 10
7.199707306151389
 20
2.524923413206391
 10
7.199707306151389
 20
2.430672938761944
  0
LWPOLYLINE
  5
6FE
330
1F
100
AcDbEntity
  8
PDF_Geometry
370
     9
100
AcDbPolyline
 90
       76
 70
     1
 43
0.0
 10
6.619670507818056
 20
2.501814170984165
 10
6.632157788929166
 20
2.488847606261945
 10
6.662041769762501
 20
2.488847606261945
 10
6.702431129206945
 20
2.530454605150833
 10
6.775334052540278
 20
2.530454605150833
 10
6.780230517540278
 20
2.52434050070639
 10
6.819972196429167
 20
2.52434050070639
 10
6.824868661429167
 20
2.530454605150833
 10
6.89775863115139
 20
2.530454605150833
 10
6.938160944206945
 20
2.488847606261945
 10
6.968031971429168
 20
2.488847606261945
 10
7.008421330873612
 20
2.530454605150833
 10
7.081324254206944
 20
2.530454605150833
 10
7.086220719206945
 20
2.52434050070639
 10
7.125962398095833
 20
2.52434050070639
 10
7.130858863095833
 20
2.530454605150833
 10
7.203748832818056
 20
2.530454605150833
 10
7.244151145873611
 20
2.488847606261945
 10
7.274022173095834
 20
2.488847606261945
 10
7.314411532540278
 20
2.530454605150833
 10
7.38731445587361
 20
2.530454605150833
 10
7.392210920873611
 20
2.52434050070639
 10
7.4319525997625
 20
2.52434050070639
 10
7.4368490647625
 20
2.530454605150833
 10
7.509751988095834
 20
2.530454605150833
 10
7.550141347540278
 20
2.488847606261945
 10
7.5800123747625
 20
2.488847606261945
 10
7.620401734206945
 20
2.530454605150833
 10
7.693304657540278
 20
2.530454605150833
 10
7.698201122540277
 20
2.52434050070639
 10
7.737942801429166
 20
2.52434050070639
 10
7.742839266429166
 20
2.530454605150833
 10
7.815742189762501
 20
2.530454605150833
 10
7.856131549206945
 20
2.488847606261945
 10
7.886002576429167
 20
2.488847606261945
 10
7.926391935873612
 20
2.530454605150833
 10
7.935925793651389
 20
2.530454605150833
 10
7.935925793651389
 20
2.531037517650833
 10
7.926145817262501
 20
2.531037517650833
 10
7.885756457818056
 20
2.489417565150834
 10
7.856377667818056
 20
2.489417565150834
 10
7.8159753547625
 20
2.531037517650833
 10
7.742554286984722
 20
2.531037517650833
 10
7.737657821984722
 20
2.524923413206391
 10
7.698486101984722
 20
2.524923413206391
 10
7.693589636984722
 20
2.531037517650833
 10
7.620155615595834
 20
2.531037517650833
 10
7.579766256151389
 20
2.489417565150834
 10
7.55038746615139
 20
2.489417565150834
 10
7.509985153095833
 20
2.531037517650833
 10
7.436564085318055
 20
2.531037517650833
 10
7.431667620318055
 20
2.524923413206391
 10
7.392495900318055
 20
2.524923413206391
 10
7.387599435318056
 20
2.531037517650833
 10
7.314165413929167
 20
2.531037517650833
 10
7.273776054484723
 20
2.489417565150834
 10
7.244397264484723
 20
2.489417565150834
 10
7.203994951429167
 20
2.531037517650833
 10
7.130573883651389
 20
2.531037517650833
 10
7.125677418651389
 20
2.524923413206391
 10
7.086492745040278
 20
2.524923413206391
 10
7.081609233651389
 20
2.531037517650833
 10
7.0081752122625
 20
2.531037517650833
 10
6.967785852818057
 20
2.489417565150834
 10
6.938394109206945
 20
2.489417565150834
 10
6.8980047497625
 20
2.531037517650833
 10
6.824583681984723
 20
2.531037517650833
 10
6.819687216984722
 20
2.524923413206391
 10
6.780502543373611
 20
2.524923413206391
 10
6.775606078373611
 20
2.531037517650833
 10
6.702185010595833
 20
2.531037517650833
 10
6.66179565115139
 20
2.489417565150834
 10
6.632403907540278
 20
2.489417565150834
 10
6.620162745040278
 20
2.502138011261944
 10
6.614670413929167
 20
2.515739302928615
 10
6.6141263622625
 20
2.515519091539726
  0
LWPOLYLINE
  5
74A
330
1F
100
AcDbEntity
  8
PDF_Geometry
370
     9
100
AcDbPolyline
 90
        2
 70
     0
 43
0.0
 10
4.803794441429167
 20
2.56163394709528
 10
4.803794441429167
 20
2.745225477373054
  0
LWPOLYLINE
  5
74B
330
1F
100
AcDbEntity
  8
PDF_Geometry
370
     9
100
AcDbPolyline
 90
       41
 70
     0
 43
0.0
 10
4.632444073651389
 20
2.745225477373054
 10
4.714453385595833
 20
2.745225477373054
 10
4.714453385595833
 20
2.768490162928614
 10
4.714362710318056
 20
2.769435776539722
 10
4.714116591706945
 20
2.770368436539722
 10
4.713715029762501
 20
2.771236328484164
 10
4.713158024484722
 20
2.772026498761945
 10
4.712484436706946
 20
2.772700086539725
 10
4.711694266429167
 20
2.773257091817502
 10
4.710826374484723
 20
2.773658653761945
 10
4.709893714484723
 20
2.773904772373057
 10
4.708948100873612
 20
2.773995447650836
 10
4.637949358373612
 20
2.773995447650836
 10
4.636874208651389
 20
2.773891818761946
 10
4.635837919762501
 20
2.773580932095278
 10
4.63489230615139
 20
2.773062787650832
 10
4.634063275040278
 20
2.772376246261945
 10
4.63337673365139
 20
2.771547215150835
 10
4.632858589206946
 20
2.770588647928612
 10
4.632547702540279
 20
2.769565312650833
 10
4.632444073651389
 20
2.768490162928614
 10
4.632444073651389
 20
2.538382215150832
 10
4.632547702540279
 20
2.53730706542861
 10
4.632858589206946
 20
2.536270776539723
 10
4.63337673365139
 20
2.535325162928614
 10
4.634063275040278
 20
2.534483178206389
 10
4.63489230615139
 20
2.533796636817498
 10
4.635837919762501
 20
2.533291445984165
 10
4.636874208651389
 20
2.5329805593175
 10
4.637949358373612
 20
2.532876930428614
 10
4.708948100873612
 20
2.532876930428614
 10
4.709893714484723
 20
2.532954652095281
 10
4.710826374484723
 20
2.53320077070639
 10
4.711694266429167
 20
2.533615286261944
 10
4.712484436706946
 20
2.53415933792861
 10
4.713158024484722
 20
2.534845879317497
 10
4.713715029762501
 20
2.535623095984167
 10
4.714116591706945
 20
2.536490987928612
 10
4.714362710318056
 20
2.537423647928612
 10
4.714453385595833
 20
2.538382215150832
 10
4.714453385595833
 20
2.56163394709528
  0
LWPOLYLINE
  5
74C
330
1F
100
AcDbEntity
  8
PDF_Geometry
370
     9
100
AcDbPolyline
 90
        7
 70
     0
 43
0.0
 10
4.714453385595833
 20
2.745225477373054
 10
4.7162798447625
 20
2.745225477373054
 10
4.730360420040279
 20
2.745225477373054
 10
4.730360420040279
 20
2.775834860428613
 10
6.97143877115139
 20
2.775834860428613
 10
6.97143877115139
 20
2.745225477373054
 10
4.730360420040279
 20
2.745225477373054
  0
LWPOLYLINE
  5
74D
330
1F
100
AcDbEntity
  8
PDF_Geometry
370
     9
100
AcDbPolyline
 90
        7
 70
     0
 43
0.0
 10
4.632444073651389
 20
2.56163394709528
 10
4.714453385595833
 20
2.56163394709528
 10
4.7162798447625
 20
2.56163394709528
 10
4.730360420040279
 20
2.56163394709528
 10
4.730360420040279
 20
2.53586921459528
 10
6.97143877115139
 20
2.53586921459528
 10
6.97143877115139
 20
2.534703389595275
  0
LWPOLYLINE
  5
74F
330
1F
100
AcDbEntity
  8
PDF_Geometry
370
     9
100
AcDbPolyline
 90
        2
 70
     0
 43
0.0
 10
4.638558178095834
 20
2.745225477373054
 10
4.638558178095834
 20
2.56163394709528
  0
LWPOLYLINE
  5
750
330
1F
100
AcDbEntity
  8
PDF_Geometry
370
     9
100
AcDbPolyline
 90
        2
 70
     0
 43
0.0
 10
7.267027223095833
 20
2.430672938761944
 10
7.267027223095833
 20
2.488847606261945
  0
LWPOLYLINE
  5
751
330
1F
100
AcDbEntity
  8
PDF_Geometry
370
     9
100
AcDbPolyline
 90
        2
 70
     0
 43
0.0
 10
7.267027223095833
 20
2.489417565150834
 10
7.267027223095833
 20
2.524923413206391
  0
LWPOLYLINE
  5
752
330
1F
100
AcDbEntity
  8
PDF_Geometry
370
     9
100
AcDbPolyline
 90
        2
 70
     0
 43
0.0
 10
7.211948468651389
 20
2.430672938761944
 10
7.211948468651389
 20
2.5220218043175
  0
LWPOLYLINE
  5
753
330
1F
100
AcDbEntity
  8
PDF_Geometry
370
     9
100
AcDbPolyline
 90
        5
 70
     0
 43
0.0
 10
7.211948468651389
 20
2.522850835428613
 10
7.211948468651389
 20
2.524923413206391
 10
7.209940658929166
 20
2.524923413206391
 10
7.270084275318056
 20
2.524923413206391
 10
7.270084275318056
 20
2.531037517650833
  0
LWPOLYLINE
  5
757
330
1F
100
AcDbEntity
  8
PDF_Geometry
370
     9
100
AcDbPolyline
 90
       76
 70
     1
 43
0.0
 10
2.947775134206946
 20
2.501814170984165
 10
2.960275368929166
 20
2.488847606261945
 10
2.9901593497625
 20
2.488847606261945
 10
3.030548709206945
 20
2.530454605150833
 10
3.103438678929168
 20
2.530454605150833
 10
3.108335143929167
 20
2.52434050070639
 10
3.148076822818056
 20
2.52434050070639
 10
3.152973287818055
 20
2.530454605150833
 10
3.225876211151389
 20
2.530454605150833
 10
3.266265570595836
 20
2.488847606261945
 10
3.296149551429167
 20
2.488847606261945
 10
3.336538910873612
 20
2.530454605150833
 10
3.409428880595834
 20
2.530454605150833
 10
3.414325345595835
 20
2.52434050070639
 10
3.454067024484723
 20
2.52434050070639
 10
3.458963489484722
 20
2.530454605150833
 10
3.531866412818057
 20
2.530454605150833
 10
3.572255772262502
 20
2.488847606261945
 10
3.602139753095833
 20
2.488847606261945
 10
3.642529112540279
 20
2.530454605150833
 10
3.715419082262499
 20
2.530454605150833
 10
3.720315547262501
 20
2.52434050070639
 10
3.760057226151388
 20
2.52434050070639
 10
3.764953691151389
 20
2.530454605150833
 10
3.837856614484723
 20
2.530454605150833
 10
3.878245973929168
 20
2.488847606261945
 10
3.908129954762501
 20
2.488847606261945
 10
3.948519314206945
 20
2.530454605150833
 10
4.021422237540278
 20
2.530454605150833
 10
4.026318702540279
 20
2.52434050070639
 10
4.066047427818056
 20
2.52434050070639
 10
4.070943892818055
 20
2.530454605150833
 10
4.143846816151389
 20
2.530454605150833
 10
4.184236175595834
 20
2.488847606261945
 10
4.214120156429167
 20
2.488847606261945
 10
4.254509515873611
 20
2.530454605150833
 10
4.264030420040278
 20
2.530454605150833
 10
4.264030420040278
 20
2.531037517650833
 10
4.254263397262501
 20
2.531037517650833
 10
4.213874037818056
 20
2.489417565150834
 10
4.184482294206945
 20
2.489417565150834
 10
4.1440929347625
 20
2.531037517650833
 10
4.070671866984723
 20
2.531037517650833
 10
4.065775401984723
 20
2.524923413206391
 10
4.026590728373612
 20
2.524923413206391
 10
4.021694263373611
 20
2.531037517650833
 10
3.948273195595834
 20
2.531037517650833
 10
3.90788383615139
 20
2.489417565150834
 10
3.878492092540278
 20
2.489417565150834
 10
3.838102733095833
 20
2.531037517650833
 10
3.764681665318057
 20
2.531037517650833
 10
3.759785200318056
 20
2.524923413206391
 10
3.720600526706944
 20
2.524923413206391
 10
3.715704061706944
 20
2.531037517650833
 10
3.642282993929168
 20
2.531037517650833
 10
3.601893634484724
 20
2.489417565150834
 10
3.572501890873613
 20
2.489417565150834
 10
3.532112531429167
 20
2.531037517650833
 10
3.45869146365139
 20
2.531037517650833
 10
3.453794998651389
 20
2.524923413206391
 10
3.414610325040278
 20
2.524923413206391
 10
3.409713860040278
 20
2.531037517650833
 10
3.336292792262502
 20
2.531037517650833
 10
3.295903432818055
 20
2.489417565150834
 10
3.266511689206945
 20
2.489417565150834
 10
3.226122329762501
 20
2.531037517650833
 10
3.152701261984722
 20
2.531037517650833
 10
3.147804796984723
 20
2.524923413206391
 10
3.108620123373612
 20
2.524923413206391
 10
3.103723658373612
 20
2.531037517650833
 10
3.030302590595832
 20
2.531037517650833
 10
2.98991323115139
 20
2.489417565150834
 10
2.960521487540278
 20
2.489417565150834
 10
2.948267371429167
 20
2.502138011261944
 10
2.942775040318057
 20
2.515739302928615
 10
2.942243942262501
 20
2.515519091539726
  0
LWPOLYLINE
  5
7A3
330
1F
100
AcDbEntity
  8
PDF_Geometry
370
     9
100
AcDbPolyline
 90
        2
 70
     0
 43
0.0
 10
6.910245912262499
 20
2.430672938761944
 10
6.910245912262499
 20
2.517604622928612
  0
LWPOLYLINE
  5
7A4
330
1F
100
AcDbEntity
  8
PDF_Geometry
370
     9
100
AcDbPolyline
 90
        2
 70
     0
 43
0.0
 10
6.910245912262499
 20
2.518433654039721
 10
6.910245912262499
 20
2.524923413206391
  0
LWPOLYLINE
  5
7A8
330
1F
100
AcDbEntity
  8
PDF_Geometry
370
     9
100
AcDbPolyline
 90
        4
 70
     0
 43
0.0
 10
4.835582603095834
 20
2.524923413206391
 10
4.835582603095834
 20
2.515130483206387
 10
4.808729767262501
 20
2.515130483206387
 10
4.808729767262501
 20
2.524923413206391
  0
LWPOLYLINE
  5
7A9
330
1F
100
AcDbEntity
  8
PDF_Geometry
370
     9
100
AcDbPolyline
 90
        2
 70
     0
 43
0.0
 10
4.815439737818056
 20
2.515130483206387
 10
4.815439737818056
 20
2.524923413206391
  0
LWPOLYLINE
  5
7AA
330
1F
100
AcDbEntity
  8
PDF_Geometry
370
     9
100
AcDbPolyline
 90
        2
 70
     0
 43
0.0
 10
4.828872632540279
 20
2.515130483206387
 10
4.828872632540279
 20
2.524923413206391
  0
LWPOLYLINE
  5
7AD
330
1F
100
AcDbEntity
  8
PDF_Geometry
370
     9
100
AcDbPolyline
 90
        4
 70
     0
 43
0.0
 10
4.896788415595834
 20
2.524923413206391
 10
4.896788415595834
 20
2.515130483206387
 10
4.869935579762501
 20
2.515130483206387
 10
4.869935579762501
 20
2.524923413206391
  0
LWPOLYLINE
  5
7AE
330
1F
100
AcDbEntity
  8
PDF_Geometry
370
     9
100
AcDbPolyline
 90
        2
 70
     0
 43
0.0
 10
4.876645550318055
 20
2.515130483206387
 10
4.876645550318055
 20
2.524923413206391
  0
LWPOLYLINE
  5
7AF
330
1F
100
AcDbEntity
  8
PDF_Geometry
370
     9
100
AcDbPolyline
 90
        2
 70
     0
 43
0.0
 10
4.890065491429167
 20
2.515130483206387
 10
4.890065491429167
 20
2.524923413206391
  0
LWPOLYLINE
  5
7B2
330
1F
100
AcDbEntity
  8
PDF_Geometry
370
     9
100
AcDbPolyline
 90
        6
 70
     1
 43
0.0
 10
4.638558178095834
 20
2.690768496261945
 10
4.648351108095834
 20
2.690768496261945
 10
4.648351108095834
 20
2.714020228206393
 10
4.638558178095834
 20
2.714020228206393
 10
4.642237003651389
 20
2.714020228206393
 10
4.642237003651389
 20
2.690768496261945
  0
LWPOLYLINE
  5
7B3
330
1F
100
AcDbEntity
  8
PDF_Geometry
370
     9
100
AcDbPolyline
 90
        3
 70
     0
 43
0.0
 10
4.642237003651389
 20
2.702387885428613
 10
4.638558178095834
 20
2.702387885428613
 10
4.648351108095834
 20
2.702387885428613
  0
LWPOLYLINE
  5
7B6
330
1F
100
AcDbEntity
  8
PDF_Geometry
370
     9
100
AcDbPolyline
 90
        6
 70
     1
 43
0.0
 10
4.614697626429167
 20
2.714020228206393
 10
4.624490556429167
 20
2.714020228206393
 10
4.622651143651389
 20
2.714020228206393
 10
4.622651143651389
 20
2.690768496261945
 10
4.624490556429167
 20
2.690768496261945
 10
4.614697626429167
 20
2.690768496261945
  0
LWPOLYLINE
  5
7B8
330
1F
100
AcDbEntity
  8
PDF_Geometry
370
     9
100
AcDbPolyline
 90
        3
 70
     0
 43
0.0
 10
4.622651143651389
 20
2.702387885428613
 10
4.624490556429167
 20
2.702387885428613
 10
4.614697626429167
 20
2.702387885428613
  0
LWPOLYLINE
  5
7BA
330
1F
100
AcDbEntity
  8
PDF_Geometry
370
     9
100
AcDbPolyline
 90
        6
 70
     1
 43
0.0
 10
4.638558178095834
 20
2.592852149873056
 10
4.648351108095834
 20
2.592852149873056
 10
4.648351108095834
 20
2.616103881817501
 10
4.638558178095834
 20
2.616103881817501
 10
4.642237003651389
 20
2.616103881817501
 10
4.642237003651389
 20
2.592852149873056
  0
LWPOLYLINE
  5
7BB
330
1F
100
AcDbEntity
  8
PDF_Geometry
370
     9
100
AcDbPolyline
 90
        3
 70
     0
 43
0.0
 10
4.642237003651389
 20
2.604471539039725
 10
4.638558178095834
 20
2.604471539039725
 10
4.648351108095834
 20
2.604471539039725
  0
LWPOLYLINE
  5
7BE
330
1F
100
AcDbEntity
  8
PDF_Geometry
370
     9
100
AcDbPolyline
 90
        6
 70
     1
 43
0.0
 10
4.614697626429167
 20
2.616103881817501
 10
4.624490556429167
 20
2.616103881817501
 10
4.622651143651389
 20
2.616103881817501
 10
4.622651143651389
 20
2.592852149873056
 10
4.624490556429167
 20
2.592852149873056
 10
4.614697626429167
 20
2.592852149873056
  0
LWPOLYLINE
  5
7C0
330
1F
100
AcDbEntity
  8
PDF_Geometry
370
     9
100
AcDbPolyline
 90
        3
 70
     0
 43
0.0
 10
4.622651143651389
 20
2.604471539039725
 10
4.624490556429167
 20
2.604471539039725
 10
4.614697626429167
 20
2.604471539039725
  0
LWPOLYLINE
  5
7C2
330
1F
100
AcDbEntity
  8
PDF_Geometry
370
     9
100
AcDbPolyline
 90
        6
 70
     1
 43
0.0
 10
4.780503848651389
 20
2.702387885428613
 10
4.773793878095834
 20
2.690768496261945
 10
4.760360983373612
 20
2.690768496261945
 10
4.753651012818055
 20
2.702387885428613
 10
4.760360983373612
 20
2.714020228206393
 10
4.773793878095834
 20
2.714020228206393
  0
LWPOLYLINE
  5
7C8
330
1F
100
AcDbEntity
  8
PDF_Geometry
370
     9
100
AcDbPolyline
 90
        6
 70
     1
 43
0.0
 10
4.780503848651389
 20
2.604471539039725
 10
4.773793878095834
 20
2.592852149873056
 10
4.760360983373612
 20
2.592852149873056
 10
4.753651012818055
 20
2.604471539039725
 10
4.760360983373612
 20
2.616103881817501
 10
4.773793878095834
 20
2.616103881817501
  0
LWPOLYLINE
  5
7CE
330
1F
100
AcDbEntity
  8
PDF_Geometry
370
     9
100
AcDbPolyline
 90
        4
 70
     0
 43
0.0
 10
9.689248871984721
 20
2.56163394709528
 10
9.683121813929167
 20
2.56163394709528
 10
9.683121813929167
 20
2.745225477373054
 10
9.689248871984721
 20
2.745225477373054
  0
LWPOLYLINE
  5
7D1
330
1F
100
AcDbEntity
  8
PDF_Geometry
370
     9
100
AcDbPolyline
 90
        2
 70
     0
 43
0.0
 10
9.615814850595834
 20
2.56163394709528
 10
9.615814850595834
 20
2.745225477373054
  0
LWPOLYLINE
  5
7D2
330
1F
100
AcDbEntity
  8
PDF_Geometry
370
     9
100
AcDbPolyline
 90
       41
 70
     0
 43
0.0
 10
4.7162798447625
 20
2.745225477373054
 10
4.7162798447625
 20
2.768490162928614
 10
4.716176215873612
 20
2.769759616817502
 10
4.715839421984722
 20
2.771003163484166
 10
4.715295370318055
 20
2.772156034873056
 10
4.714569968095833
 20
2.773205277373055
 10
4.713663215318057
 20
2.774112030150831
 10
4.712613972818056
 20
2.774850385984169
 10
4.711448147818057
 20
2.775381484039723
 10
4.710217554762501
 20
2.775718277928614
 10
4.708948100873612
 20
2.775834860428613
 10
4.637949358373612
 20
2.775834860428613
 10
4.636524461151389
 20
2.775692370706391
 10
4.635138424762501
 20
2.775264901539724
 10
4.633868970873612
 20
2.774591313761945
 10
4.632754960318057
 20
2.773684560984165
 10
4.631848207540278
 20
2.772570550428614
 10
4.631161666151389
 20
2.771301096539723
 10
4.630747150595834
 20
2.769915060150832
 10
4.63060466087361
 20
2.768490162928614
 10
4.63060466087361
 20
2.538382215150832
 10
4.630721243373612
 20
2.537112761261944
 10
4.631045083651389
 20
2.53586921459528
 10
4.631589135318057
 20
2.534703389595275
 10
4.632327491151389
 20
2.533654147095276
 10
4.633234243929168
 20
2.532760347928611
 10
4.634283486429167
 20
2.532021992095277
 10
4.635436357818056
 20
2.531477940428608
 10
4.636679904484722
 20
2.531154100150832
 10
4.637949358373612
 20
2.531037517650833
 10
4.708948100873612
 20
2.531037517650833
 10
4.710217554762501
 20
2.531154100150832
 10
4.711448147818057
 20
2.531477940428608
 10
4.712613972818056
 20
2.532021992095277
 10
4.713663215318057
 20
2.532760347928611
 10
4.714569968095833
 20
2.533654147095276
 10
4.715295370318055
 20
2.534703389595275
 10
4.715839421984722
 20
2.53586921459528
 10
4.716176215873612
 20
2.537112761261944
 10
4.7162798447625
 20
2.538382215150832
 10
4.7162798447625
 20
2.56163394709528
  0
LWPOLYLINE
  5
823
330
1F
100
AcDbEntity
  8
PDF_Geometry
370
     9
100
AcDbPolyline
 90
        2
 70
     0
 43
0.0
 10
9.499530283651388
 20
2.430672938761944
 10
9.499530283651388
 20
2.524923413206391
  0
LWPOLYLINE
  5
824
330
1F
100
AcDbEntity
  8
PDF_Geometry
370
     9
100
AcDbPolyline
 90
        2
 70
     0
 43
0.0
 10
9.554609038095833
 20
2.430672938761944
 10
9.554609038095833
 20
2.52434050070639
  0
LWPOLYLINE
  5
825
330
1F
100
AcDbEntity
  8
PDF_Geometry
370
     9
100
AcDbPolyline
 90
        2
 70
     1
 43
0.0
 10
9.560736096151389
 20
2.52434050070639
 10
9.560736096151389
 20
2.430672938761944
  0
LWPOLYLINE
  5
826
330
1F
100
AcDbEntity
  8
PDF_Geometry
370
     9
100
AcDbPolyline
 90
        3
 70
     0
 43
0.0
 10
8.713142460318056
 20
2.530454605150833
 10
8.713142460318056
 20
2.524923413206391
 10
8.739088543373611
 20
2.524923413206391
  0
LWPOLYLINE
  5
828
330
1F
100
AcDbEntity
  8
PDF_Geometry
370
     9
100
AcDbPolyline
 90
        2
 70
     0
 43
0.0
 10
8.739891667262501
 20
2.524923413206391
 10
8.838183668373611
 20
2.524923413206391
  0
LWPOLYLINE
  5
829
330
1F
100
AcDbEntity
  8
PDF_Geometry
370
     9
100
AcDbPolyline
 90
        3
 70
     0
 43
0.0
 10
8.838986792262501
 20
2.524923413206391
 10
8.841655236151389
 20
2.524923413206391
 10
8.841655236151389
 20
2.527656625150832
  0
LWPOLYLINE
  5
82B
330
1F
100
AcDbEntity
  8
PDF_Geometry
370
     9
100
AcDbPolyline
 90
        2
 70
     0
 43
0.0
 10
8.841655236151389
 20
2.528485656261945
 10
8.841655236151389
 20
2.531037517650833
  0
LWPOLYLINE
  5
82C
330
1F
100
AcDbEntity
  8
PDF_Geometry
370
     9
100
AcDbPolyline
 90
        6
 70
     1
 43
0.0
 10
7.083435692818055
 20
2.690768496261945
 10
7.093228622818056
 20
2.690768496261945
 10
7.093228622818056
 20
2.714020228206393
 10
7.083435692818055
 20
2.714020228206393
 10
7.085262151984723
 20
2.714020228206393
 10
7.085262151984723
 20
2.690768496261945
  0
LWPOLYLINE
  5
82D
330
1F
100
AcDbEntity
  8
PDF_Geometry
370
     9
100
AcDbPolyline
 90
        3
 70
     0
 43
0.0
 10
7.085262151984723
 20
2.702387885428613
 10
7.083435692818055
 20
2.702387885428613
 10
7.093228622818056
 20
2.702387885428613
  0
LWPOLYLINE
  5
830
330
1F
100
AcDbEntity
  8
PDF_Geometry
370
     9
100
AcDbPolyline
 90
        6
 70
     1
 43
0.0
 10
7.059562187540278
 20
2.714020228206393
 10
7.069355117540278
 20
2.714020228206393
 10
7.065689245595833
 20
2.714020228206393
 10
7.065689245595833
 20
2.690768496261945
 10
7.069355117540278
 20
2.690768496261945
 10
7.059562187540278
 20
2.690768496261945
  0
LWPOLYLINE
  5
832
330
1F
100
AcDbEntity
  8
PDF_Geometry
370
     9
100
AcDbPolyline
 90
        3
 70
     0
 43
0.0
 10
7.065689245595833
 20
2.702387885428613
 10
7.069355117540278
 20
2.702387885428613
 10
7.059562187540278
 20
2.702387885428613
  0
LWPOLYLINE
  5
834
330
1F
100
AcDbEntity
  8
PDF_Geometry
370
     9
100
AcDbPolyline
 90
        6
 70
     1
 43
0.0
 10
7.083435692818055
 20
2.592852149873056
 10
7.093228622818056
 20
2.592852149873056
 10
7.093228622818056
 20
2.616103881817501
 10
7.083435692818055
 20
2.616103881817501
 10
7.085262151984723
 20
2.616103881817501
 10
7.085262151984723
 20
2.592852149873056
  0
LWPOLYLINE
  5
835
330
1F
100
AcDbEntity
  8
PDF_Geometry
370
     9
100
AcDbPolyline
 90
        3
 70
     0
 43
0.0
 10
7.085262151984723
 20
2.604471539039725
 10
7.083435692818055
 20
2.604471539039725
 10
7.093228622818056
 20
2.604471539039725
  0
LWPOLYLINE
  5
838
330
1F
100
AcDbEntity
  8
PDF_Geometry
370
     9
100
AcDbPolyline
 90
        6
 70
     1
 43
0.0
 10
7.059562187540278
 20
2.616103881817501
 10
7.069355117540278
 20
2.616103881817501
 10
7.065689245595833
 20
2.616103881817501
 10
7.065689245595833
 20
2.592852149873056
 10
7.069355117540278
 20
2.592852149873056
 10
7.059562187540278
 20
2.592852149873056
  0
LWPOLYLINE
  5
83A
330
1F
100
AcDbEntity
  8
PDF_Geometry
370
     9
100
AcDbPolyline
 90
        3
 70
     0
 43
0.0
 10
7.065689245595833
 20
2.604471539039725
 10
7.069355117540278
 20
2.604471539039725
 10
7.059562187540278
 20
2.604471539039725
  0
LWPOLYLINE
  5
83C
330
1F
100
AcDbEntity
  8
PDF_Geometry
370
     9
100
AcDbPolyline
 90
       81
 70
     1
 43
0.0
 10
3.321409093095834
 20
2.53586921459528
 10
3.321953144762501
 20
2.534703389595275
 10
3.322691500595833
 20
2.533654147095276
 10
3.323585299762502
 20
2.532760347928611
 10
3.324634542262502
 20
2.532021992095277
 10
3.325800367262501
 20
2.531477940428608
 10
3.327030960318055
 20
2.531154100150832
 10
3.328313367818056
 20
2.531037517650833
 10
3.399299156706945
 20
2.531037517650833
 10
3.400737007540278
 20
2.531180007373055
 10
3.402110090318056
 20
2.53159452292861
 10
3.403379544206946
 20
2.532281064317501
 10
3.4044935547625
 20
2.533187817095281
 10
3.405413261151389
 20
2.534301827650832
 10
3.406086848929166
 20
2.535571281539723
 10
3.406501364484723
 20
2.536944364317502
 10
3.406643854206945
 20
2.538382215150832
 10
3.406643854206945
 20
2.768490162928614
 10
3.406527271706945
 20
2.769759616817502
 10
3.406203431429167
 20
2.771003163484166
 10
3.4056593797625
 20
2.772156034873056
 10
3.404921023929166
 20
2.773205277373055
 10
3.404027224762502
 20
2.774112030150831
 10
3.4029779822625
 20
2.774850385984169
 10
3.4018121572625
 20
2.775381484039723
 10
3.400581564206944
 20
2.775718277928614
 10
3.399299156706945
 20
2.775834860428613
 10
3.328313367818056
 20
2.775834860428613
 10
3.327030960318055
 20
2.775718277928614
 10
3.325800367262501
 20
2.775381484039723
 10
3.324634542262502
 20
2.774850385984169
 10
3.323585299762502
 20
2.774112030150831
 10
3.322691500595833
 20
2.773205277373055
 10
3.321953144762501
 20
2.772156034873056
 10
3.321409093095834
 20
2.771003163484166
 10
3.321085252818056
 20
2.769759616817502
 10
3.320968670318055
 20
2.768490162928614
 10
3.320968670318055
 20
2.745225477373054
 10
3.322808083095834
 20
2.745225477373054
 10
3.322808083095834
 20
2.768490162928614
 10
3.3228858047625
 20
2.769435776539722
 10
3.323131923373612
 20
2.770368436539722
 10
3.323546438929168
 20
2.771236328484164
 10
3.324090490595833
 20
2.772026498761945
 10
3.324777031984724
 20
2.772700086539725
 10
3.325554248651389
 20
2.773257091817502
 10
3.326422140595834
 20
2.773658653761945
 10
3.327354800595834
 20
2.773904772373057
 10
3.328313367818056
 20
2.773995447650836
 10
3.399299156706945
 20
2.773995447650836
 10
3.400374306429166
 20
2.773891818761946
 10
3.401410595318056
 20
2.773580932095278
 10
3.402356208929169
 20
2.773062787650832
 10
3.40319819365139
 20
2.772376246261945
 10
3.403884735040278
 20
2.771547215150835
 10
3.404389925873612
 20
2.770588647928612
 10
3.404700812540277
 20
2.769565312650833
 10
3.404804441429167
 20
2.768490162928614
 10
3.404804441429167
 20
2.538382215150832
 10
3.404700812540277
 20
2.53730706542861
 10
3.404389925873612
 20
2.536270776539723
 10
3.403884735040278
 20
2.535325162928614
 10
3.40319819365139
 20
2.534483178206389
 10
3.402356208929169
 20
2.533796636817498
 10
3.401410595318056
 20
2.533291445984165
 10
3.400374306429166
 20
2.5329805593175
 10
3.399299156706945
 20
2.532876930428614
 10
3.328313367818056
 20
2.532876930428614
 10
3.327354800595834
 20
2.532954652095281
 10
3.326422140595834
 20
2.53320077070639
 10
3.325554248651389
 20
2.533615286261944
 10
3.324777031984724
 20
2.53415933792861
 10
3.324090490595833
 20
2.534845879317497
 10
3.323546438929168
 20
2.535623095984167
 10
3.323131923373612
 20
2.536490987928612
 10
3.3228858047625
 20
2.537423647928612
 10
3.322808083095834
 20
2.538382215150832
 10
3.322808083095834
 20
2.56163394709528
 10
3.320968670318055
 20
2.56163394709528
 10
3.320968670318055
 20
2.538382215150832
 10
3.321085252818056
 20
2.537112761261944
  0
LWPOLYLINE
  5
88D
330
1F
100
AcDbEntity
  8
PDF_Geometry
370
     9
100
AcDbPolyline
 90
        2
 70
     0
 43
0.0
 10
9.621928955040278
 20
2.430672938761944
 10
9.621928955040278
 20
2.524923413206391
  0
LWPOLYLINE
  5
88E
330
1F
100
AcDbEntity
  8
PDF_Geometry
370
     9
100
AcDbPolyline
 90
        2
 70
     0
 43
0.0
 10
9.566850200595833
 20
2.430672938761944
 10
9.566850200595833
 20
2.52434050070639
  0
LWPOLYLINE
  5
892
330
1F
100
AcDbEntity
  8
PDF_Geometry
370
     9
100
AcDbPolyline
 90
        2
 70
     0
 43
0.0
 10
4.730360420040279
 20
2.768490162928614
 10
6.97143877115139
 20
2.768490162928614
  0
LWPOLYLINE
  5
893
330
1F
100
AcDbEntity
  8
PDF_Geometry
370
     9
100
AcDbPolyline
 90
        2
 70
     0
 43
0.0
 10
4.730360420040279
 20
2.769759616817502
 10
6.97143877115139
 20
2.769759616817502
  0
LWPOLYLINE
  5
894
330
1F
100
AcDbEntity
  8
PDF_Geometry
370
     9
100
AcDbPolyline
 90
        2
 70
     0
 43
0.0
 10
4.730360420040279
 20
2.771003163484166
 10
6.97143877115139
 20
2.771003163484166
  0
LWPOLYLINE
  5
895
330
1F
100
AcDbEntity
  8
PDF_Geometry
370
     9
100
AcDbPolyline
 90
        2
 70
     0
 43
0.0
 10
4.730360420040279
 20
2.772156034873056
 10
6.97143877115139
 20
2.772156034873056
  0
LWPOLYLINE
  5
896
330
1F
100
AcDbEntity
  8
PDF_Geometry
370
     9
100
AcDbPolyline
 90
        2
 70
     0
 43
0.0
 10
4.730360420040279
 20
2.773205277373055
 10
6.97143877115139
 20
2.773205277373055
  0
LWPOLYLINE
  5
897
330
1F
100
AcDbEntity
  8
PDF_Geometry
370
     9
100
AcDbPolyline
 90
        2
 70
     0
 43
0.0
 10
4.730360420040279
 20
2.774112030150831
 10
6.97143877115139
 20
2.774112030150831
  0
LWPOLYLINE
  5
898
330
1F
100
AcDbEntity
  8
PDF_Geometry
370
     9
100
AcDbPolyline
 90
        2
 70
     0
 43
0.0
 10
4.730360420040279
 20
2.774850385984169
 10
6.97143877115139
 20
2.774850385984169
  0
LWPOLYLINE
  5
899
330
1F
100
AcDbEntity
  8
PDF_Geometry
370
     9
100
AcDbPolyline
 90
        2
 70
     0
 43
0.0
 10
4.730360420040279
 20
2.775381484039723
 10
6.97143877115139
 20
2.775381484039723
  0
LWPOLYLINE
  5
89A
330
1F
100
AcDbEntity
  8
PDF_Geometry
370
     9
100
AcDbPolyline
 90
        2
 70
     0
 43
0.0
 10
4.730360420040279
 20
2.775718277928614
 10
6.97143877115139
 20
2.775718277928614
  0
LWPOLYLINE
  5
89C
330
1F
100
AcDbEntity
  8
PDF_Geometry
370
     9
100
AcDbPolyline
 90
        8
 70
     0
 43
0.0
 10
4.730360420040279
 20
2.531037517650833
 10
4.730360420040279
 20
2.531154100150832
 10
4.730360420040279
 20
2.531477940428608
 10
4.730360420040279
 20
2.532021992095277
 10
4.730360420040279
 20
2.532760347928611
 10
4.730360420040279
 20
2.533654147095276
 10
4.730360420040279
 20
2.534703389595275
 10
4.730360420040279
 20
2.53586921459528
  0
LWPOLYLINE
  5
89D
330
1F
100
AcDbEntity
  8
PDF_Geometry
370
     9
100
AcDbPolyline
 90
        8
 70
     0
 43
0.0
 10
4.866243800595834
 20
2.531037517650833
 10
4.825854441151389
 20
2.489417565150834
 10
4.796462697540278
 20
2.489417565150834
 10
4.756073338095834
 20
2.531037517650833
 10
4.866243800595834
 20
2.531037517650833
 10
4.939664868373612
 20
2.531037517650833
 10
4.988642471984722
 20
2.531037517650833
 10
5.0620635397625
 20
2.531037517650833
  0
LWPOLYLINE
  5
89F
330
1F
100
AcDbEntity
  8
PDF_Geometry
370
     9
100
AcDbPolyline
 90
        8
 70
     0
 43
0.0
 10
5.1722340022625
 20
2.531037517650833
 10
5.131844642818056
 20
2.489417565150834
 10
5.102452899206945
 20
2.489417565150834
 10
5.0620635397625
 20
2.531037517650833
 10
5.1722340022625
 20
2.531037517650833
 10
5.245655070040278
 20
2.531037517650833
 10
5.294632673651389
 20
2.531037517650833
 10
5.368053741429167
 20
2.531037517650833
  0
LWPOLYLINE
  5
8A2
330
1F
100
AcDbEntity
  8
PDF_Geometry
370
     9
100
AcDbPolyline
 90
        8
 70
     0
 43
0.0
 10
5.600622875318056
 20
2.531037517650833
 10
5.595726410318056
 20
2.524923413206391
 10
5.556541736706945
 20
2.524923413206391
 10
5.551645271706945
 20
2.531037517650833
 10
5.600622875318056
 20
2.531037517650833
 10
5.674043943095834
 20
2.531037517650833
 10
5.784214405595834
 20
2.531037517650833
 10
5.857635473373612
 20
2.531037517650833
  0
LWPOLYLINE
  5
8A4
330
1F
100
AcDbEntity
  8
PDF_Geometry
370
     9
100
AcDbPolyline
 90
        8
 70
     0
 43
0.0
 10
5.906613076984723
 20
2.531037517650833
 10
5.901716611984722
 20
2.524923413206391
 10
5.862531938373612
 20
2.524923413206391
 10
5.857635473373612
 20
2.531037517650833
 10
5.906613076984723
 20
2.531037517650833
 10
5.980034144762501
 20
2.531037517650833
 10
6.090204607262501
 20
2.531037517650833
 10
6.163625675040279
 20
2.531037517650833
  0
LWPOLYLINE
  5
8A6
330
1F
100
AcDbEntity
  8
PDF_Geometry
370
     9
100
AcDbPolyline
 90
        8
 70
     0
 43
0.0
 10
6.212603278651389
 20
2.531037517650833
 10
6.207706813651389
 20
2.524923413206391
 10
6.168522140040279
 20
2.524923413206391
 10
6.163625675040279
 20
2.531037517650833
 10
6.212603278651389
 20
2.531037517650833
 10
6.286024346429167
 20
2.531037517650833
 10
6.396194808929166
 20
2.531037517650833
 10
6.469615876706944
 20
2.531037517650833
  0
LWPOLYLINE
  5
8A9
330
1F
100
AcDbEntity
  8
PDF_Geometry
370
     9
100
AcDbPolyline
 90
       93
 70
     0
 43
0.0
 10
6.702185010595833
 20
2.531037517650833
 10
6.66179565115139
 20
2.489417565150834
 10
6.632403907540278
 20
2.489417565150834
 10
6.592014548095834
 20
2.531037517650833
 10
6.702185010595833
 20
2.531037517650833
 10
6.711952033373611
 20
2.531037517650833
 10
6.711952033373611
 20
2.530454605150833
 10
6.702431129206945
 20
2.530454605150833
 10
6.662041769762501
 20
2.488847606261945
 10
6.632157788929166
 20
2.488847606261945
 10
6.591768429484723
 20
2.530454605150833
 10
6.5188784597625
 20
2.530454605150833
 10
6.513981994762501
 20
2.52434050070639
 10
6.474240315873611
 20
2.52434050070639
 10
6.469343850873611
 20
2.530454605150833
 10
6.396440927540278
 20
2.530454605150833
 10
6.356051568095834
 20
2.488847606261945
 10
6.3261675872625
 20
2.488847606261945
 10
6.285778227818056
 20
2.530454605150833
 10
6.212888258095834
 20
2.530454605150833
 10
6.207991793095834
 20
2.52434050070639
 10
6.168250114206945
 20
2.52434050070639
 10
6.163353649206945
 20
2.530454605150833
 10
6.090450725873611
 20
2.530454605150833
 10
6.050061366429167
 20
2.488847606261945
 10
6.020177385595833
 20
2.488847606261945
 10
5.97978802615139
 20
2.530454605150833
 10
5.906898056429167
 20
2.530454605150833
 10
5.902001591429168
 20
2.52434050070639
 10
5.862259912540278
 20
2.52434050070639
 10
5.857363447540279
 20
2.530454605150833
 10
5.784460524206945
 20
2.530454605150833
 10
5.7440711647625
 20
2.488847606261945
 10
5.714187183929168
 20
2.488847606261945
 10
5.673797824484722
 20
2.530454605150833
 10
5.600907854762501
 20
2.530454605150833
 10
5.5960113897625
 20
2.52434050070639
 10
5.556269710873611
 20
2.52434050070639
 10
5.551373245873612
 20
2.530454605150833
 10
5.478470322540278
 20
2.530454605150833
 10
5.438080963095834
 20
2.488847606261945
 10
5.4081969822625
 20
2.488847606261945
 10
5.395709701151389
 20
2.501814170984165
 10
5.390165555595833
 20
2.515519091539726
 10
5.39069665365139
 20
2.515739302928615
 10
5.396201938373612
 20
2.502138011261944
 10
5.408443100873611
 20
2.489417565150834
 10
5.368053741429167
 20
2.531037517650833
 10
5.478224203929167
 20
2.531037517650833
 10
5.487991226706945
 20
2.531037517650833
 10
5.487991226706945
 20
2.530454605150833
 10
5.478470322540278
 20
2.530454605150833
 10
5.438080963095834
 20
2.488847606261945
 10
5.4081969822625
 20
2.488847606261945
 10
5.367807622818057
 20
2.530454605150833
 10
5.294904699484722
 20
2.530454605150833
 10
5.290021188095835
 20
2.52434050070639
 10
5.250279509206944
 20
2.52434050070639
 10
5.245383044206945
 20
2.530454605150833
 10
5.172480120873611
 20
2.530454605150833
 10
5.132090761429168
 20
2.488847606261945
 10
5.102206780595834
 20
2.488847606261945
 10
5.061817421151389
 20
2.530454605150833
 10
4.988914497818057
 20
2.530454605150833
 10
4.984018032818055
 20
2.52434050070639
 10
4.944289307540279
 20
2.52434050070639
 10
4.939392842540278
 20
2.530454605150833
 10
4.866489919206945
 20
2.530454605150833
 10
4.8261005597625
 20
2.488847606261945
 10
4.796216578929167
 20
2.488847606261945
 10
4.755827219484723
 20
2.530454605150833
 10
4.682924296151389
 20
2.530454605150833
 10
4.67802783115139
 20
2.52434050070639
 10
4.638299105873612
 20
2.52434050070639
 10
4.633402640873613
 20
2.530454605150833
 10
4.560499717540277
 20
2.530454605150833
 10
4.520110358095833
 20
2.488847606261945
 10
4.490226377262501
 20
2.488847606261945
 10
4.449837017818056
 20
2.530454605150833
 10
4.376934094484723
 20
2.530454605150833
 10
4.372037629484722
 20
2.52434050070639
 10
4.332308904206945
 20
2.52434050070639
 10
4.327412439206945
 20
2.530454605150833
 10
4.254509515873611
 20
2.530454605150833
 10
4.214120156429167
 20
2.488847606261945
 10
4.184236175595834
 20
2.488847606261945
 10
4.171735940873611
 20
2.501814170984165
 10
4.166204748929168
 20
2.515519091539726
 10
4.166735846984723
 20
2.515739302928615
 10
4.172241131706945
 20
2.502138011261944
 10
4.184482294206945
 20
2.489417565150834
 10
4.213874037818056
 20
2.489417565150834
 10
4.254263397262501
 20
2.531037517650833
  0
LWPOLYLINE
  5
8AA
330
1F
100
AcDbEntity
  8
PDF_Geometry
370
     9
100
AcDbPolyline
 90
        2
 70
     0
 43
0.0
 10
6.775606078373611
 20
2.531037517650833
 10
6.824583681984723
 20
2.531037517650833
  0
LWPOLYLINE
  5
8AB
330
1F
100
AcDbEntity
  8
PDF_Geometry
370
     9
100
AcDbPolyline
 90
        4
 70
     0
 43
0.0
 10
6.8980047497625
 20
2.531037517650833
 10
6.97143877115139
 20
2.531037517650833
 10
6.97143877115139
 20
2.531154100150832
 10
4.730360420040279
 20
2.531154100150832
  0
LWPOLYLINE
  5
8AF
330
1F
100
AcDbEntity
  8
PDF_Geometry
370
     9
100
AcDbPolyline
 90
        3
 70
     0
 43
0.0
 10
4.730360420040279
 20
2.531477940428608
 10
6.97143877115139
 20
2.531477940428608
 10
6.97143877115139
 20
2.531154100150832
  0
LWPOLYLINE
  5
8B1
330
1F
100
AcDbEntity
  8
PDF_Geometry
370
     9
100
AcDbPolyline
 90
        3
 70
     0
 43
0.0
 10
4.730360420040279
 20
2.532021992095277
 10
6.97143877115139
 20
2.532021992095277
 10
6.97143877115139
 20
2.531477940428608
  0
LWPOLYLINE
  5
8B3
330
1F
100
AcDbEntity
  8
PDF_Geometry
370
     9
100
AcDbPolyline
 90
        3
 70
     0
 43
0.0
 10
4.730360420040279
 20
2.532760347928611
 10
6.97143877115139
 20
2.532760347928611
 10
6.97143877115139
 20
2.532021992095277
  0
LWPOLYLINE
  5
8B5
330
1F
100
AcDbEntity
  8
PDF_Geometry
370
     9
100
AcDbPolyline
 90
        3
 70
     0
 43
0.0
 10
4.730360420040279
 20
2.533654147095276
 10
6.97143877115139
 20
2.533654147095276
 10
6.97143877115139
 20
2.532760347928611
  0
LWPOLYLINE
  5
8B7
330
1F
100
AcDbEntity
  8
PDF_Geometry
370
     9
100
AcDbPolyline
 90
        3
 70
     0
 43
0.0
 10
4.730360420040279
 20
2.534703389595275
 10
6.97143877115139
 20
2.534703389595275
 10
6.97143877115139
 20
2.533654147095276
  0
LWPOLYLINE
  5
8BA
330
1F
100
AcDbEntity
  8
PDF_Geometry
370
     9
100
AcDbPolyline
 90
        2
 70
     0
 43
0.0
 10
4.730360420040279
 20
2.537112761261944
 10
6.97143877115139
 20
2.537112761261944
  0
LWPOLYLINE
  5
8BB
330
1F
100
AcDbEntity
  8
PDF_Geometry
370
     9
100
AcDbPolyline
 90
        2
 70
     0
 43
0.0
 10
4.730360420040279
 20
2.538382215150832
 10
6.97143877115139
 20
2.538382215150832
  0
LWPOLYLINE
  5
8BC
330
1F
100
AcDbEntity
  8
PDF_Geometry
370
     9
100
AcDbPolyline
 90
        3
 70
     0
 43
0.0
 10
4.730360420040279
 20
2.56163394709528
 10
6.97143877115139
 20
2.56163394709528
 10
6.97143877115139
 20
2.53586921459528
  0
LWPOLYLINE
  5
8C6
330
1F
100
AcDbEntity
  8
PDF_Geometry
370
     9
100
AcDbPolyline
 90
        6
 70
     1
 43
0.0
 10
7.127452063373612
 20
2.702387885428613
 10
7.120742092818056
 20
2.690768496261945
 10
7.107322151706945
 20
2.690768496261945
 10
7.100599227540278
 20
2.702387885428613
 10
7.107322151706945
 20
2.714020228206393
 10
7.120742092818056
 20
2.714020228206393
  0
LWPOLYLINE
  5
8CC
330
1F
100
AcDbEntity
  8
PDF_Geometry
370
     9
100
AcDbPolyline
 90
        6
 70
     1
 43
0.0
 10
7.127452063373612
 20
2.604471539039725
 10
7.120742092818056
 20
2.592852149873056
 10
7.107322151706945
 20
2.592852149873056
 10
7.100599227540278
 20
2.604471539039725
 10
7.107322151706945
 20
2.616103881817501
 10
7.120742092818056
 20
2.616103881817501
  0
LWPOLYLINE
  5
8D2
330
1F
100
AcDbEntity
  8
PDF_Geometry
370
     9
100
AcDbPolyline
 90
        6
 70
     1
 43
0.0
 10
4.607314068095834
 20
2.702387885428613
 10
4.600604097540278
 20
2.690768496261945
 10
4.587171202818057
 20
2.690768496261945
 10
4.580461232262501
 20
2.702387885428613
 10
4.587171202818057
 20
2.714020228206393
 10
4.600604097540278
 20
2.714020228206393
  0
LWPOLYLINE
  5
8D8
330
1F
100
AcDbEntity
  8
PDF_Geometry
370
     9
100
AcDbPolyline
 90
        6
 70
     1
 43
0.0
 10
4.607314068095834
 20
2.604471539039725
 10
4.600604097540278
 20
2.592852149873056
 10
4.587171202818057
 20
2.592852149873056
 10
4.580461232262501
 20
2.604471539039725
 10
4.587171202818057
 20
2.616103881817501
 10
4.600604097540278
 20
2.616103881817501
  0
LWPOLYLINE
  5
8DE
330
1F
100
AcDbEntity
  8
PDF_Geometry
370
     9
100
AcDbPolyline
 90
        2
 70
     0
 43
0.0
 10
6.904118854206945
 20
2.56163394709528
 10
6.904118854206945
 20
2.745225477373054
  0
LWPOLYLINE
  5
8E0
330
1F
100
AcDbEntity
  8
PDF_Geometry
370
     9
100
AcDbPolyline
 90
        3
 70
     0
 43
0.0
 10
6.991633450873611
 20
2.745225477373054
 10
6.99347286365139
 20
2.745225477373054
 10
7.075469221984722
 20
2.745225477373054
  0
LWPOLYLINE
  5
8E1
330
1F
100
AcDbEntity
  8
PDF_Geometry
370
     9
100
AcDbPolyline
 90
        4
 70
     0
 43
0.0
 10
6.97143877115139
 20
2.56163394709528
 10
6.991633450873611
 20
2.56163394709528
 10
6.99347286365139
 20
2.56163394709528
 10
7.075469221984722
 20
2.56163394709528
  0
LWPOLYLINE
  5
8E3
330
1F
100
AcDbEntity
  8
PDF_Geometry
370
     9
100
AcDbPolyline
 90
        2
 70
     0
 43
0.0
 10
7.069355117540278
 20
2.745225477373054
 10
7.069355117540278
 20
2.56163394709528
  0
LWPOLYLINE
  5
8E4
330
1F
100
AcDbEntity
  8
PDF_Geometry
370
     9
100
AcDbPolyline
 90
        6
 70
     1
 43
0.0
 10
6.954262282818056
 20
2.702387885428613
 10
6.9475523122625
 20
2.690768496261945
 10
6.934119417540278
 20
2.690768496261945
 10
6.927409446984722
 20
2.702387885428613
 10
6.934119417540278
 20
2.714020228206393
 10
6.9475523122625
 20
2.714020228206393
  0
LWPOLYLINE
  5
8EA
330
1F
100
AcDbEntity
  8
PDF_Geometry
370
     9
100
AcDbPolyline
 90
        6
 70
     1
 43
0.0
 10
6.954262282818056
 20
2.604471539039725
 10
6.9475523122625
 20
2.592852149873056
 10
6.934119417540278
 20
2.592852149873056
 10
6.927409446984722
 20
2.604471539039725
 10
6.934119417540278
 20
2.616103881817501
 10
6.9475523122625
 20
2.616103881817501
  0
LWPOLYLINE
  5
910
330
1F
100
AcDbEntity
  8
PDF_Geometry
370
     9
100
AcDbPolyline
 90
        6
 70
     1
 43
0.0
 10
3.456787282818056
 20
2.702387885428613
 10
3.4500773122625
 20
2.690768496261945
 10
3.436657371151389
 20
2.690768496261945
 10
3.429934446984725
 20
2.702387885428613
 10
3.436657371151389
 20
2.714020228206393
 10
3.4500773122625
 20
2.714020228206393
  0
LWPOLYLINE
  5
916
330
1F
100
AcDbEntity
  8
PDF_Geometry
370
     9
100
AcDbPolyline
 90
        6
 70
     1
 43
0.0
 10
3.456787282818056
 20
2.604471539039725
 10
3.4500773122625
 20
2.592852149873056
 10
3.436657371151389
 20
2.592852149873056
 10
3.429934446984725
 20
2.604471539039725
 10
3.436657371151389
 20
2.616103881817501
 10
3.4500773122625
 20
2.616103881817501
  0
LWPOLYLINE
  5
91C
330
1F
100
AcDbEntity
  8
PDF_Geometry
370
     9
100
AcDbPolyline
 90
        4
 70
     1
 43
0.0
 10
10.25778286365139
 20
2.537151622095279
 10
10.25778286365139
 20
2.781948964873055
 10
10.25288639865139
 20
2.781948964873055
 10
10.25288639865139
 20
2.537151622095279
  0
LWPOLYLINE
  5
920
330
1F
100
AcDbEntity
  8
PDF_Geometry
370
     9
100
AcDbPolyline
 90
        4
 70
     0
 43
0.0
 10
3.412770912262502
 20
2.690768496261945
 10
3.422563842262501
 20
2.690768496261945
 10
3.422563842262501
 20
2.714020228206393
 10
3.412770912262502
 20
2.714020228206393
  0
LWPOLYLINE
  5
921
330
1F
100
AcDbEntity
  8
PDF_Geometry
370
     9
100
AcDbPolyline
 90
        2
 70
     0
 43
0.0
 10
3.412770912262502
 20
2.702387885428613
 10
3.422563842262501
 20
2.702387885428613
  0
LWPOLYLINE
  5
924
330
1F
100
AcDbEntity
  8
PDF_Geometry
370
     9
100
AcDbPolyline
 90
        4
 70
     0
 43
0.0
 10
3.404804441429167
 20
2.714020228206393
 10
3.395011511429167
 20
2.714020228206393
 10
3.395011511429167
 20
2.690768496261945
 10
3.404804441429167
 20
2.690768496261945
  0
LWPOLYLINE
  5
926
330
1F
100
AcDbEntity
  8
PDF_Geometry
370
     9
100
AcDbPolyline
 90
        2
 70
     0
 43
0.0
 10
3.395011511429167
 20
2.702387885428613
 10
3.404804441429167
 20
2.702387885428613
  0
LWPOLYLINE
  5
928
330
1F
100
AcDbEntity
  8
PDF_Geometry
370
     9
100
AcDbPolyline
 90
        4
 70
     0
 43
0.0
 10
3.412770912262502
 20
2.592852149873056
 10
3.422563842262501
 20
2.592852149873056
 10
3.422563842262501
 20
2.616103881817501
 10
3.412770912262502
 20
2.616103881817501
  0
LWPOLYLINE
  5
929
330
1F
100
AcDbEntity
  8
PDF_Geometry
370
     9
100
AcDbPolyline
 90
        2
 70
     0
 43
0.0
 10
3.412770912262502
 20
2.604471539039725
 10
3.422563842262501
 20
2.604471539039725
  0
LWPOLYLINE
  5
92C
330
1F
100
AcDbEntity
  8
PDF_Geometry
370
     9
100
AcDbPolyline
 90
        4
 70
     0
 43
0.0
 10
3.404804441429167
 20
2.616103881817501
 10
3.395011511429167
 20
2.616103881817501
 10
3.395011511429167
 20
2.592852149873056
 10
3.404804441429167
 20
2.592852149873056
  0
LWPOLYLINE
  5
92E
330
1F
100
AcDbEntity
  8
PDF_Geometry
370
     9
100
AcDbPolyline
 90
        2
 70
     0
 43
0.0
 10
3.395011511429167
 20
2.604471539039725
 10
3.404804441429167
 20
2.604471539039725
  0
LWPOLYLINE
  5
930
330
1F
100
AcDbEntity
  8
PDF_Geometry
370
     9
100
AcDbPolyline
 90
        4
 70
     1
 43
0.0
 10
3.014369648929167
 20
2.531037517650833
 10
3.014369648929167
 20
2.538382215150832
 10
2.830765165040278
 20
2.538382215150832
 10
2.830765165040278
 20
2.531037517650833
  0
LWPOLYLINE
  5
934
330
1F
100
AcDbEntity
  8
PDF_Geometry
370
     9
100
AcDbPolyline
 90
        4
 70
     1
 43
0.0
 10
4.624490556429167
 20
2.775834860428613
 10
3.412770912262502
 20
2.775834860428613
 10
3.412770912262502
 20
2.745225477373054
 10
4.624490556429167
 20
2.745225477373054
  0
LWPOLYLINE
  5
936
330
1F
100
AcDbEntity
  8
PDF_Geometry
370
     9
100
AcDbPolyline
 90
        2
 70
     0
 43
0.0
 10
3.412770912262502
 20
2.768490162928614
 10
4.624490556429167
 20
2.768490162928614
  0
LWPOLYLINE
  5
937
330
1F
100
AcDbEntity
  8
PDF_Geometry
370
     9
100
AcDbPolyline
 90
        2
 70
     0
 43
0.0
 10
3.412770912262502
 20
2.769759616817502
 10
4.624490556429167
 20
2.769759616817502
  0
LWPOLYLINE
  5
938
330
1F
100
AcDbEntity
  8
PDF_Geometry
370
     9
100
AcDbPolyline
 90
        2
 70
     0
 43
0.0
 10
3.412770912262502
 20
2.771003163484166
 10
4.624490556429167
 20
2.771003163484166
  0
LWPOLYLINE
  5
939
330
1F
100
AcDbEntity
  8
PDF_Geometry
370
     9
100
AcDbPolyline
 90
        2
 70
     0
 43
0.0
 10
3.412770912262502
 20
2.772156034873056
 10
4.624490556429167
 20
2.772156034873056
  0
LWPOLYLINE
  5
93A
330
1F
100
AcDbEntity
  8
PDF_Geometry
370
     9
100
AcDbPolyline
 90
        2
 70
     0
 43
0.0
 10
3.412770912262502
 20
2.773205277373055
 10
4.624490556429167
 20
2.773205277373055
  0
LWPOLYLINE
  5
93B
330
1F
100
AcDbEntity
  8
PDF_Geometry
370
     9
100
AcDbPolyline
 90
        2
 70
     0
 43
0.0
 10
3.412770912262502
 20
2.774112030150831
 10
4.624490556429167
 20
2.774112030150831
  0
LWPOLYLINE
  5
93C
330
1F
100
AcDbEntity
  8
PDF_Geometry
370
     9
100
AcDbPolyline
 90
        2
 70
     0
 43
0.0
 10
3.412770912262502
 20
2.774850385984169
 10
4.624490556429167
 20
2.774850385984169
  0
LWPOLYLINE
  5
93D
330
1F
100
AcDbEntity
  8
PDF_Geometry
370
     9
100
AcDbPolyline
 90
        2
 70
     0
 43
0.0
 10
3.412770912262502
 20
2.775381484039723
 10
4.624490556429167
 20
2.775381484039723
  0
LWPOLYLINE
  5
93E
330
1F
100
AcDbEntity
  8
PDF_Geometry
370
     9
100
AcDbPolyline
 90
        2
 70
     0
 43
0.0
 10
3.412770912262502
 20
2.775718277928614
 10
4.624490556429167
 20
2.775718277928614
  0
LWPOLYLINE
  5
940
330
1F
100
AcDbEntity
  8
PDF_Geometry
370
     9
100
AcDbPolyline
 90
       12
 70
     0
 43
0.0
 10
4.624490556429167
 20
2.53586921459528
 10
4.624490556429167
 20
2.56163394709528
 10
3.412770912262502
 20
2.56163394709528
 10
3.412770912262502
 20
2.53586921459528
 10
3.412770912262502
 20
2.534703389595275
 10
3.412770912262502
 20
2.533654147095276
 10
3.412770912262502
 20
2.532760347928611
 10
3.412770912262502
 20
2.532021992095277
 10
3.412770912262502
 20
2.531477940428608
 10
3.412770912262502
 20
2.531154100150832
 10
3.412770912262502
 20
2.531037517650833
 10
3.45869146365139
 20
2.531037517650833
  0
LWPOLYLINE
  5
942
330
1F
100
AcDbEntity
  8
PDF_Geometry
370
     9
100
AcDbPolyline
 90
        2
 70
     0
 43
0.0
 10
3.532112531429167
 20
2.531037517650833
 10
3.642282993929168
 20
2.531037517650833
  0
LWPOLYLINE
  5
943
330
1F
100
AcDbEntity
  8
PDF_Geometry
370
     9
100
AcDbPolyline
 90
        2
 70
     0
 43
0.0
 10
3.715704061706944
 20
2.531037517650833
 10
3.764681665318057
 20
2.531037517650833
  0
LWPOLYLINE
  5
944
330
1F
100
AcDbEntity
  8
PDF_Geometry
370
     9
100
AcDbPolyline
 90
        2
 70
     0
 43
0.0
 10
3.838102733095833
 20
2.531037517650833
 10
3.948273195595834
 20
2.531037517650833
  0
LWPOLYLINE
  5
945
330
1F
100
AcDbEntity
  8
PDF_Geometry
370
     9
100
AcDbPolyline
 90
        2
 70
     0
 43
0.0
 10
4.021694263373611
 20
2.531037517650833
 10
4.070671866984723
 20
2.531037517650833
  0
LWPOLYLINE
  5
946
330
1F
100
AcDbEntity
  8
PDF_Geometry
370
     9
100
AcDbPolyline
 90
        5
 70
     0
 43
0.0
 10
4.1440929347625
 20
2.531037517650833
 10
4.254263397262501
 20
2.531037517650833
 10
4.327684465040278
 20
2.531037517650833
 10
4.376662068651389
 20
2.531037517650833
 10
4.450083136429167
 20
2.531037517650833
  0
LWPOLYLINE
  5
94A
330
1F
100
AcDbEntity
  8
PDF_Geometry
370
     9
100
AcDbPolyline
 90
        3
 70
     0
 43
0.0
 10
3.412770912262502
 20
2.531154100150832
 10
4.624490556429167
 20
2.531154100150832
 10
4.624490556429167
 20
2.531037517650833
  0
LWPOLYLINE
  5
94C
330
1F
100
AcDbEntity
  8
PDF_Geometry
370
     9
100
AcDbPolyline
 90
        3
 70
     0
 43
0.0
 10
3.412770912262502
 20
2.531477940428608
 10
4.624490556429167
 20
2.531477940428608
 10
4.624490556429167
 20
2.531154100150832
  0
LWPOLYLINE
  5
94E
330
1F
100
AcDbEntity
  8
PDF_Geometry
370
     9
100
AcDbPolyline
 90
        3
 70
     0
 43
0.0
 10
3.412770912262502
 20
2.532021992095277
 10
4.624490556429167
 20
2.532021992095277
 10
4.624490556429167
 20
2.531477940428608
  0
LWPOLYLINE
  5
950
330
1F
100
AcDbEntity
  8
PDF_Geometry
370
     9
100
AcDbPolyline
 90
        3
 70
     0
 43
0.0
 10
3.412770912262502
 20
2.532760347928611
 10
4.624490556429167
 20
2.532760347928611
 10
4.624490556429167
 20
2.532021992095277
  0
LWPOLYLINE
  5
952
330
1F
100
AcDbEntity
  8
PDF_Geometry
370
     9
100
AcDbPolyline
 90
        3
 70
     0
 43
0.0
 10
3.412770912262502
 20
2.533654147095276
 10
4.624490556429167
 20
2.533654147095276
 10
4.624490556429167
 20
2.532760347928611
  0
LWPOLYLINE
  5
954
330
1F
100
AcDbEntity
  8
PDF_Geometry
370
     9
100
AcDbPolyline
 90
        3
 70
     0
 43
0.0
 10
3.412770912262502
 20
2.534703389595275
 10
4.624490556429167
 20
2.534703389595275
 10
4.624490556429167
 20
2.533654147095276
  0
LWPOLYLINE
  5
956
330
1F
100
AcDbEntity
  8
PDF_Geometry
370
     9
100
AcDbPolyline
 90
        3
 70
     0
 43
0.0
 10
3.412770912262502
 20
2.53586921459528
 10
4.624490556429167
 20
2.53586921459528
 10
4.624490556429167
 20
2.534703389595275
  0
LWPOLYLINE
  5
957
330
1F
100
AcDbEntity
  8
PDF_Geometry
370
     9
100
AcDbPolyline
 90
        2
 70
     0
 43
0.0
 10
3.412770912262502
 20
2.537112761261944
 10
4.624490556429167
 20
2.537112761261944
  0
LWPOLYLINE
  5
958
330
1F
100
AcDbEntity
  8
PDF_Geometry
370
     9
100
AcDbPolyline
 90
        2
 70
     0
 43
0.0
 10
3.412770912262502
 20
2.538382215150832
 10
4.624490556429167
 20
2.538382215150832
  0
LWPOLYLINE
  5
967
330
1F
100
AcDbEntity
  8
PDF_Geometry
370
     9
100
AcDbPolyline
 90
        3
 70
     0
 43
0.0
 10
9.496473231429167
 20
2.530454605150833
 10
9.496473231429167
 20
2.524923413206391
 10
9.533688956151388
 20
2.524923413206391
  0
LWPOLYLINE
  5
969
330
1F
100
AcDbEntity
  8
PDF_Geometry
370
     9
100
AcDbPolyline
 90
        3
 70
     0
 43
0.0
 10
9.574350341429166
 20
2.524923413206391
 10
9.624986007262499
 20
2.524923413206391
 10
9.624986007262499
 20
2.530454605150833
  0
LWPOLYLINE
  5
96B
330
1F
100
AcDbEntity
  8
PDF_Geometry
370
     9
100
AcDbPolyline
 90
        2
 70
     0
 43
0.0
 10
8.838598183929166
 20
2.430672938761944
 10
8.838598183929166
 20
2.524508897650836
  0
LWPOLYLINE
  5
96C
330
1F
100
AcDbEntity
  8
PDF_Geometry
370
     9
100
AcDbPolyline
 90
        2
 70
     0
 43
0.0
 10
8.783519429484723
 20
2.430672938761944
 10
8.783519429484723
 20
2.488847606261945
  0
LWPOLYLINE
  5
971
330
1F
100
AcDbEntity
  8
PDF_Geometry
370
     9
100
AcDbPolyline
 90
        4
 70
     0
 43
0.0
 10
2.925624459206945
 20
3.165647879595276
 10
2.925624459206945
 20
2.538382215150832
 10
2.9195103547625
 20
2.538382215150832
 10
2.9195103547625
 20
3.165647879595276
  0
LWPOLYLINE
  5
99A
330
1F
100
AcDbEntity
  8
PDF_Geometry
370
     9
100
AcDbPolyline
 90
        6
 70
     0
 43
0.0
 10
5.551645271706945
 20
2.531037517650833
 10
5.478224203929167
 20
2.531037517650833
 10
5.437834844484723
 20
2.489417565150834
 10
5.408443100873611
 20
2.489417565150834
 10
5.437834844484723
 20
2.489417565150834
 10
5.478224203929167
 20
2.531037517650833
  0
LWPOLYLINE
  5
99E
330
1F
100
AcDbEntity
  8
PDF_Geometry
370
     9
100
AcDbPolyline
 90
        4
 70
     0
 43
0.0
 10
5.294632673651389
 20
2.531037517650833
 10
5.289736208651389
 20
2.524923413206391
 10
5.250551535040279
 20
2.524923413206391
 10
5.245655070040278
 20
2.531037517650833
  0
LWPOLYLINE
  5
9A6
330
1F
100
AcDbEntity
  8
PDF_Geometry
370
     9
100
AcDbPolyline
 90
        4
 70
     0
 43
0.0
 10
4.988642471984722
 20
2.531037517650833
 10
4.983746006984723
 20
2.524923413206391
 10
4.944561333373612
 20
2.524923413206391
 10
4.939664868373612
 20
2.531037517650833
  0
LWPOLYLINE
  5
9AD
330
1F
100
AcDbEntity
  8
PDF_Geometry
370
     9
100
AcDbPolyline
 90
        6
 70
     0
 43
0.0
 10
4.756073338095834
 20
2.531037517650833
 10
4.682652270318055
 20
2.531037517650833
 10
4.677755805318056
 20
2.524923413206391
 10
4.638571131706945
 20
2.524923413206391
 10
4.633674666706945
 20
2.531037517650833
 10
4.560253598929167
 20
2.531037517650833
  0
LWPOLYLINE
  5
9B2
330
1F
100
AcDbEntity
  8
PDF_Geometry
370
     9
100
AcDbPolyline
 90
        4
 70
     1
 43
0.0
 10
4.450083136429167
 20
2.531037517650833
 10
4.560253598929167
 20
2.531037517650833
 10
4.519864239484723
 20
2.489417565150834
 10
4.490472495873611
 20
2.489417565150834
  0
LWPOLYLINE
  5
9B6
330
1F
100
AcDbEntity
  8
PDF_Geometry
370
     9
100
AcDbPolyline
 90
        4
 70
     0
 43
0.0
 10
4.376662068651389
 20
2.531037517650833
 10
4.371765603651389
 20
2.524923413206391
 10
4.332580930040277
 20
2.524923413206391
 10
4.327684465040278
 20
2.531037517650833
  0
LWPOLYLINE
  5
9C0
330
1F
100
AcDbEntity
  8
PDF_Geometry
370
     9
100
AcDbPolyline
 90
        3
 70
     0
 43
0.0
 10
6.123845135318056
 20
2.530454605150833
 10
6.123845135318056
 20
2.524923413206391
 10
6.167783784206945
 20
2.524923413206391
  0
LWPOLYLINE
  5
9C2
330
1F
100
AcDbEntity
  8
PDF_Geometry
370
     9
100
AcDbPolyline
 90
        3
 70
     0
 43
0.0
 10
6.208445169484723
 20
2.524923413206391
 10
6.252357911151389
 20
2.524923413206391
 10
6.252357911151389
 20
2.530454605150833
  0
LWPOLYLINE
  5
9C4
330
1F
100
AcDbEntity
  8
PDF_Geometry
370
     9
100
AcDbPolyline
 90
        2
 70
     0
 43
0.0
 10
6.249300858929167
 20
2.430672938761944
 10
6.249300858929167
 20
2.524923413206391
  0
LWPOLYLINE
  5
9C5
330
1F
100
AcDbEntity
  8
PDF_Geometry
370
     9
100
AcDbPolyline
 90
        2
 70
     0
 43
0.0
 10
6.194222104484723
 20
2.430672938761944
 10
6.194222104484723
 20
2.52434050070639
  0
LWPOLYLINE
  5
9C7
330
1F
100
AcDbEntity
  8
PDF_Geometry
370
     9
100
AcDbPolyline
 90
       76
 70
     1
 43
0.0
 10
9.067592121151388
 20
2.501814170984165
 10
9.080092355873611
 20
2.488847606261945
 10
9.109976336706944
 20
2.488847606261945
 10
9.150365696151389
 20
2.530454605150833
 10
9.223255665873612
 20
2.530454605150833
 10
9.228152130873612
 20
2.52434050070639
 10
9.267893809762501
 20
2.52434050070639
 10
9.272790274762501
 20
2.530454605150833
 10
9.345693198095833
 20
2.530454605150833
 10
9.386082557540278
 20
2.488847606261945
 10
9.415966538373611
 20
2.488847606261945
 10
9.456355897818056
 20
2.530454605150833
 10
9.529245867540279
 20
2.530454605150833
 10
9.534142332540278
 20
2.52434050070639
 10
9.573884011429166
 20
2.52434050070639
 10
9.578780476429166
 20
2.530454605150833
 10
9.6516833997625
 20
2.530454605150833
 10
9.692072759206945
 20
2.488847606261945
 10
9.721956740040278
 20
2.488847606261945
 10
9.762346099484723
 20
2.530454605150833
 10
9.835236069206944
 20
2.530454605150833
 10
9.840132534206944
 20
2.52434050070639
 10
9.879874213095833
 20
2.52434050070639
 10
9.884770678095833
 20
2.530454605150833
 10
9.957673601429167
 20
2.530454605150833
 10
9.99806296087361
 20
2.488847606261945
 10
10.02794694170694
 20
2.488847606261945
 10
10.06833630115139
 20
2.530454605150833
 10
10.14122627087361
 20
2.530454605150833
 10
10.14612273587361
 20
2.52434050070639
 10
10.1858644147625
 20
2.52434050070639
 10
10.1907608797625
 20
2.530454605150833
 10
10.26366380309583
 20
2.530454605150833
 10
10.30405316254028
 20
2.488847606261945
 10
10.33393714337361
 20
2.488847606261945
 10
10.37432650281805
 20
2.530454605150833
 10
10.38384740698472
 20
2.530454605150833
 10
10.38384740698472
 20
2.531037517650833
 10
10.37408038420694
 20
2.531037517650833
 10
10.3336910247625
 20
2.489417565150834
 10
10.30429928115139
 20
2.489417565150834
 10
10.26390992170694
 20
2.531037517650833
 10
10.19048885392916
 20
2.531037517650833
 10
10.18559238892916
 20
2.524923413206391
 10
10.14640771531805
 20
2.524923413206391
 10
10.14151125031805
 20
2.531037517650833
 10
10.06809018254028
 20
2.531037517650833
 10
10.02770082309583
 20
2.489417565150834
 10
9.998309079484723
 20
2.489417565150834
 10
9.957919720040278
 20
2.531037517650833
 10
9.8844986522625
 20
2.531037517650833
 10
9.8796021872625
 20
2.524923413206391
 10
9.840417513651388
 20
2.524923413206391
 10
9.835521048651388
 20
2.531037517650833
 10
9.76209998087361
 20
2.531037517650833
 10
9.721710621429167
 20
2.489417565150834
 10
9.692318877818056
 20
2.489417565150834
 10
9.651929518373611
 20
2.531037517650833
 10
9.578508450595833
 20
2.531037517650833
 10
9.573611985595833
 20
2.524923413206391
 10
9.534427311984723
 20
2.524923413206391
 10
9.529530846984723
 20
2.531037517650833
 10
9.456109779206945
 20
2.531037517650833
 10
9.4157204197625
 20
2.489417565150834
 10
9.386328676151389
 20
2.489417565150834
 10
9.345939316706944
 20
2.531037517650833
 10
9.272518248929166
 20
2.531037517650833
 10
9.267621783929167
 20
2.524923413206391
 10
9.228437110318056
 20
2.524923413206391
 10
9.223540645318056
 20
2.531037517650833
 10
9.150119577540278
 20
2.531037517650833
 10
9.109730218095833
 20
2.489417565150834
 10
9.080338474484722
 20
2.489417565150834
 10
9.068084358373612
 20
2.502138011261944
 10
9.0625920272625
 20
2.515739302928615
 10
9.062060929206944
 20
2.515519091539726
  0
LWPOLYLINE
  5
A13
330
1F
100
AcDbEntity
  8
PDF_Geometry
370
     9
100
AcDbPolyline
 90
        3
 70
     0
 43
0.0
 10
8.748583540318055
 20
2.515130483206387
 10
8.733376000873612
 20
2.515130483206387
 10
8.733376000873612
 20
2.524923413206391
  0
LWPOLYLINE
  5
A14
330
1F
100
AcDbEntity
  8
PDF_Geometry
370
     9
100
AcDbPolyline
 90
        2
 70
     0
 43
0.0
 10
8.740085971429166
 20
2.515130483206387
 10
8.740085971429166
 20
2.5238871243175
  0
LWPOLYLINE
  5
A15
330
1F
100
AcDbEntity
  8
PDF_Geometry
370
     9
100
AcDbPolyline
 90
        2
 70
     0
 43
0.0
 10
8.740085971429166
 20
2.52471615542861
 10
8.740085971429166
 20
2.524923413206391
  0
LWPOLYLINE
  5
A16
330
1F
100
AcDbEntity
  8
PDF_Geometry
370
     9
100
AcDbPolyline
 90
        2
 70
     0
 43
0.0
 10
8.753505912540278
 20
2.515130483206387
 10
8.753505912540278
 20
2.524923413206391
  0
LWPOLYLINE
  5
A17
330
1F
100
AcDbEntity
  8
PDF_Geometry
370
     9
100
AcDbPolyline
 90
        3
 70
     0
 43
0.0
 10
8.749399617818056
 20
2.515130483206387
 10
8.760228836706945
 20
2.515130483206387
 10
8.760228836706945
 20
2.524923413206391
  0
LWPOLYLINE
  5
A1A
330
1F
100
AcDbEntity
  8
PDF_Geometry
370
     9
100
AcDbPolyline
 90
        4
 70
     0
 43
0.0
 10
8.821421695595834
 20
2.524923413206391
 10
8.821421695595834
 20
2.515130483206387
 10
8.794568859762501
 20
2.515130483206387
 10
8.794568859762501
 20
2.524923413206391
  0
LWPOLYLINE
  5
A1B
330
1F
100
AcDbEntity
  8
PDF_Geometry
370
     9
100
AcDbPolyline
 90
        2
 70
     0
 43
0.0
 10
8.801278830318056
 20
2.515130483206387
 10
8.801278830318056
 20
2.524923413206391
  0
LWPOLYLINE
  5
A1C
330
1F
100
AcDbEntity
  8
PDF_Geometry
370
     9
100
AcDbPolyline
 90
        2
 70
     0
 43
0.0
 10
8.814711725040279
 20
2.515130483206387
 10
8.814711725040279
 20
2.524923413206391
  0
LWPOLYLINE
  5
A1F
330
1F
100
AcDbEntity
  8
PDF_Geometry
370
     9
100
AcDbPolyline
 90
        4
 70
     0
 43
0.0
 10
9.543559607818055
 20
2.52434050070639
 10
9.543559607818055
 20
2.515130483206387
 10
9.516706771984722
 20
2.515130483206387
 10
9.516706771984722
 20
2.524923413206391
  0
LWPOLYLINE
  5
A20
330
1F
100
AcDbEntity
  8
PDF_Geometry
370
     9
100
AcDbPolyline
 90
        2
 70
     0
 43
0.0
 10
9.523416742540277
 20
2.515130483206387
 10
9.523416742540277
 20
2.524923413206391
  0
LWPOLYLINE
  5
A21
330
1F
100
AcDbEntity
  8
PDF_Geometry
370
     9
100
AcDbPolyline
 90
        2
 70
     0
 43
0.0
 10
9.5368496372625
 20
2.515130483206387
 10
9.5368496372625
 20
2.52434050070639
  0
LWPOLYLINE
  5
A24
330
1F
100
AcDbEntity
  8
PDF_Geometry
370
     9
100
AcDbPolyline
 90
        4
 70
     0
 43
0.0
 10
9.604752466706944
 20
2.524923413206391
 10
9.604752466706944
 20
2.515130483206387
 10
9.577899630873611
 20
2.515130483206387
 10
9.577899630873611
 20
2.524923413206391
  0
LWPOLYLINE
  5
A25
330
1F
100
AcDbEntity
  8
PDF_Geometry
370
     9
100
AcDbPolyline
 90
        2
 70
     0
 43
0.0
 10
9.584622555040278
 20
2.515130483206387
 10
9.584622555040278
 20
2.524923413206391
  0
LWPOLYLINE
  5
A26
330
1F
100
AcDbEntity
  8
PDF_Geometry
370
     9
100
AcDbPolyline
 90
        2
 70
     0
 43
0.0
 10
9.598042496151389
 20
2.515130483206387
 10
9.598042496151389
 20
2.524923413206391
  0
LWPOLYLINE
  5
A29
330
1F
100
AcDbEntity
  8
PDF_Geometry
370
     9
100
AcDbPolyline
 90
        4
 70
     0
 43
0.0
 10
6.831876565040278
 20
2.524923413206391
 10
6.831876565040278
 20
2.515130483206387
 10
6.805023729206945
 20
2.515130483206387
 10
6.805023729206945
 20
2.52434050070639
  0
LWPOLYLINE
  5
A2A
330
1F
100
AcDbEntity
  8
PDF_Geometry
370
     9
100
AcDbPolyline
 90
        2
 70
     0
 43
0.0
 10
6.8117336997625
 20
2.515130483206387
 10
6.8117336997625
 20
2.52434050070639
  0
LWPOLYLINE
  5
A2B
330
1F
100
AcDbEntity
  8
PDF_Geometry
370
     9
100
AcDbPolyline
 90
        2
 70
     0
 43
0.0
 10
6.825153640873612
 20
2.515130483206387
 10
6.825153640873612
 20
2.524923413206391
  0
LWPOLYLINE
  5
A2E
330
1F
100
AcDbEntity
  8
PDF_Geometry
370
     9
100
AcDbPolyline
 90
        4
 70
     0
 43
0.0
 10
6.893069423929167
 20
2.524923413206391
 10
6.893069423929167
 20
2.515130483206387
 10
6.866216588095834
 20
2.515130483206387
 10
6.866216588095834
 20
2.524923413206391
  0
LWPOLYLINE
  5
A2F
330
1F
100
AcDbEntity
  8
PDF_Geometry
370
     9
100
AcDbPolyline
 90
        2
 70
     0
 43
0.0
 10
6.872926558651389
 20
2.515130483206387
 10
6.872926558651389
 20
2.524923413206391
  0
LWPOLYLINE
  5
A30
330
1F
100
AcDbEntity
  8
PDF_Geometry
370
     9
100
AcDbPolyline
 90
        2
 70
     0
 43
0.0
 10
6.886359453373612
 20
2.515130483206387
 10
6.886359453373612
 20
2.524923413206391
  0
LWPOLYLINE
  5
A33
330
1F
100
AcDbEntity
  8
PDF_Geometry
370
     9
100
AcDbPolyline
 90
        2
 70
     0
 43
0.0
 10
10.38384740698472
 20
0.9549327929286164
 10
10.38384740698472
 20
3.887474905150831
  0
LWPOLYLINE
  5
A34
330
1F
100
AcDbEntity
  8
PDF_Geometry
370
     9
100
AcDbPolyline
 90
        6
 70
     1
 43
0.0
 10
10.46463907948472
 20
4.10778992292861
 10
10.30305573448472
 20
4.10778992292861
 10
10.19289822559583
 20
3.997632414039724
 10
10.30305573448472
 20
3.887474905150831
 10
10.46463907948472
 20
3.887474905150831
 10
10.57479658837361
 20
3.997632414039724
  0
LWPOLYLINE
  5
A60
330
1F
100
AcDbEntity
  8
PDF_Geometry
370
     9
100
AcDbPolyline
 90
       40
 70
     0
 43
0.0
 10
6.99347286365139
 20
2.745225477373054
 10
6.99347286365139
 20
2.768490162928614
 10
6.993550585318057
 20
2.769435776539722
 10
6.993796703929167
 20
2.770368436539722
 10
6.994211219484722
 20
2.771236328484164
 10
6.994755271151389
 20
2.772026498761945
 10
6.995441812540278
 20
2.772700086539725
 10
6.996219029206945
 20
2.773257091817502
 10
6.997086921151389
 20
2.773658653761945
 10
6.998019581151389
 20
2.773904772373057
 10
6.998978148373611
 20
2.773995447650836
 10
7.0699639372625
 20
2.773995447650836
 10
7.071039086984723
 20
2.773891818761946
 10
7.072075375873612
 20
2.773580932095278
 10
7.073020989484723
 20
2.773062787650832
 10
7.073862974206944
 20
2.772376246261945
 10
7.074549515595833
 20
2.771547215150835
 10
7.075054706429167
 20
2.770588647928612
 10
7.075365593095833
 20
2.769565312650833
 10
7.075469221984722
 20
2.768490162928614
 10
7.075469221984722
 20
2.538382215150832
 10
7.075365593095833
 20
2.53730706542861
 10
7.075054706429167
 20
2.536270776539723
 10
7.074549515595833
 20
2.535325162928614
 10
7.073862974206944
 20
2.534483178206389
 10
7.073020989484723
 20
2.533796636817498
 10
7.072075375873612
 20
2.533291445984165
 10
7.071039086984723
 20
2.5329805593175
 10
7.0699639372625
 20
2.532876930428614
 10
6.998978148373611
 20
2.532876930428614
 10
6.998019581151389
 20
2.532954652095281
 10
6.997086921151389
 20
2.53320077070639
 10
6.996219029206945
 20
2.533615286261944
 10
6.995441812540278
 20
2.53415933792861
 10
6.994755271151389
 20
2.534845879317497
 10
6.994211219484722
 20
2.535623095984167
 10
6.993796703929167
 20
2.536490987928612
 10
6.993550585318057
 20
2.537423647928612
 10
6.99347286365139
 20
2.538382215150832
 10
6.99347286365139
 20
2.56163394709528
  0
LWPOLYLINE
  5
A88
330
1F
100
AcDbEntity
  8
PDF_Geometry
370
     9
100
AcDbPolyline
 90
       42
 70
     0
 43
0.0
 10
6.991633450873611
 20
2.56163394709528
 10
6.991633450873611
 20
2.538382215150832
 10
6.991750033373611
 20
2.537112761261944
 10
6.992073873651388
 20
2.53586921459528
 10
6.992617925318056
 20
2.534703389595275
 10
6.993356281151389
 20
2.533654147095276
 10
6.994263033929167
 20
2.532760347928611
 10
6.995299322818056
 20
2.532021992095277
 10
6.996465147818057
 20
2.531477940428608
 10
6.997695740873612
 20
2.531154100150832
 10
6.998978148373611
 20
2.531037517650833
 10
7.0699639372625
 20
2.531037517650833
 10
7.0712463447625
 20
2.531154100150832
 10
7.072476937818056
 20
2.531477940428608
 10
7.073642762818057
 20
2.532021992095277
 10
7.074692005318055
 20
2.532760347928611
 10
7.075598758095833
 20
2.533654147095276
 10
7.076324160318056
 20
2.534703389595275
 10
7.076868211984723
 20
2.53586921459528
 10
7.077205005873612
 20
2.537112761261944
 10
7.0773086347625
 20
2.538382215150832
 10
7.0773086347625
 20
2.768490162928614
 10
7.077166145040278
 20
2.769915060150832
 10
7.076751629484722
 20
2.771301096539723
 10
7.076078041706944
 20
2.772570550428614
 10
7.075158335318056
 20
2.773684560984165
 10
7.0740443247625
 20
2.774591313761945
 10
7.072774870873612
 20
2.775264901539724
 10
7.071401788095833
 20
2.775692370706391
 10
7.0699639372625
 20
2.775834860428613
 10
6.998978148373611
 20
2.775834860428613
 10
6.997695740873612
 20
2.775718277928614
 10
6.996465147818057
 20
2.775381484039723
 10
6.995299322818056
 20
2.774850385984169
 10
6.994263033929167
 20
2.774112030150831
 10
6.993356281151389
 20
2.773205277373055
 10
6.992617925318056
 20
2.772156034873056
 10
6.992073873651388
 20
2.771003163484166
 10
6.991750033373611
 20
2.769759616817502
 10
6.991633450873611
 20
2.768490162928614
 10
6.991633450873611
 20
2.745225477373054
 10
6.97143877115139
 20
2.745225477373054
  0
LWPOLYLINE
  5
A8B
330
1F
100
AcDbEntity
  8
PDF_Geometry
370
     9
100
AcDbPolyline
 90
        4
 70
     1
 43
0.0
 10
9.683134767540277
 20
2.775834860428613
 10
7.083435692818055
 20
2.775834860428613
 10
7.083435692818055
 20
2.745225477373054
 10
9.683134767540277
 20
2.745225477373054
  0
LWPOLYLINE
  5
A8D
330
1F
100
AcDbEntity
  8
PDF_Geometry
370
     9
100
AcDbPolyline
 90
        2
 70
     0
 43
0.0
 10
7.083435692818055
 20
2.768490162928614
 10
9.683134767540277
 20
2.768490162928614
  0
LWPOLYLINE
  5
A8E
330
1F
100
AcDbEntity
  8
PDF_Geometry
370
     9
100
AcDbPolyline
 90
        2
 70
     0
 43
0.0
 10
7.083435692818055
 20
2.769759616817502
 10
9.683134767540277
 20
2.769759616817502
  0
LWPOLYLINE
  5
A8F
330
1F
100
AcDbEntity
  8
PDF_Geometry
370
     9
100
AcDbPolyline
 90
        2
 70
     0
 43
0.0
 10
7.083435692818055
 20
2.771003163484166
 10
9.683134767540277
 20
2.771003163484166
  0
LWPOLYLINE
  5
A90
330
1F
100
AcDbEntity
  8
PDF_Geometry
370
     9
100
AcDbPolyline
 90
        2
 70
     0
 43
0.0
 10
7.083435692818055
 20
2.772156034873056
 10
9.683134767540277
 20
2.772156034873056
  0
LWPOLYLINE
  5
A91
330
1F
100
AcDbEntity
  8
PDF_Geometry
370
     9
100
AcDbPolyline
 90
        2
 70
     0
 43
0.0
 10
7.083435692818055
 20
2.773205277373055
 10
9.683134767540277
 20
2.773205277373055
  0
LWPOLYLINE
  5
A92
330
1F
100
AcDbEntity
  8
PDF_Geometry
370
     9
100
AcDbPolyline
 90
        2
 70
     0
 43
0.0
 10
7.083435692818055
 20
2.774112030150831
 10
9.683134767540277
 20
2.774112030150831
  0
LWPOLYLINE
  5
A93
330
1F
100
AcDbEntity
  8
PDF_Geometry
370
     9
100
AcDbPolyline
 90
        2
 70
     0
 43
0.0
 10
7.083435692818055
 20
2.774850385984169
 10
9.683134767540277
 20
2.774850385984169
  0
LWPOLYLINE
  5
A94
330
1F
100
AcDbEntity
  8
PDF_Geometry
370
     9
100
AcDbPolyline
 90
        2
 70
     0
 43
0.0
 10
7.083435692818055
 20
2.775381484039723
 10
9.683134767540277
 20
2.775381484039723
  0
LWPOLYLINE
  5
A95
330
1F
100
AcDbEntity
  8
PDF_Geometry
370
     9
100
AcDbPolyline
 90
        2
 70
     0
 43
0.0
 10
7.083435692818055
 20
2.775718277928614
 10
9.683134767540277
 20
2.775718277928614
  0
LWPOLYLINE
  5
A97
330
1F
100
AcDbEntity
  8
PDF_Geometry
370
     9
100
AcDbPolyline
 90
       12
 70
     0
 43
0.0
 10
9.683134767540277
 20
2.53586921459528
 10
9.683134767540277
 20
2.56163394709528
 10
7.083435692818055
 20
2.56163394709528
 10
7.083435692818055
 20
2.53586921459528
 10
7.083435692818055
 20
2.534703389595275
 10
7.083435692818055
 20
2.533654147095276
 10
7.083435692818055
 20
2.532760347928611
 10
7.083435692818055
 20
2.532021992095277
 10
7.083435692818055
 20
2.531477940428608
 10
7.083435692818055
 20
2.531154100150832
 10
7.083435692818055
 20
2.531037517650833
 10
7.130573883651389
 20
2.531037517650833
  0
LWPOLYLINE
  5
A99
330
1F
100
AcDbEntity
  8
PDF_Geometry
370
     9
100
AcDbPolyline
 90
        2
 70
     0
 43
0.0
 10
7.203994951429167
 20
2.531037517650833
 10
7.314165413929167
 20
2.531037517650833
  0
LWPOLYLINE
  5
A9A
330
1F
100
AcDbEntity
  8
PDF_Geometry
370
     9
100
AcDbPolyline
 90
        2
 70
     0
 43
0.0
 10
7.387599435318056
 20
2.531037517650833
 10
7.436564085318055
 20
2.531037517650833
  0
LWPOLYLINE
  5
A9B
330
1F
100
AcDbEntity
  8
PDF_Geometry
370
     9
100
AcDbPolyline
 90
        2
 70
     0
 43
0.0
 10
7.509985153095833
 20
2.531037517650833
 10
7.620155615595834
 20
2.531037517650833
  0
LWPOLYLINE
  5
A9C
330
1F
100
AcDbEntity
  8
PDF_Geometry
370
     9
100
AcDbPolyline
 90
        2
 70
     0
 43
0.0
 10
7.693589636984722
 20
2.531037517650833
 10
7.742554286984722
 20
2.531037517650833
  0
LWPOLYLINE
  5
A9D
330
1F
100
AcDbEntity
  8
PDF_Geometry
370
     9
100
AcDbPolyline
 90
        5
 70
     0
 43
0.0
 10
7.8159753547625
 20
2.531037517650833
 10
7.926145817262501
 20
2.531037517650833
 10
7.999579838651388
 20
2.531037517650833
 10
8.048544488651389
 20
2.531037517650833
 10
8.121978510040278
 20
2.531037517650833
  0
LWPOLYLINE
  5
A9F
330
1F
100
AcDbEntity
  8
PDF_Geometry
370
     9
100
AcDbPolyline
 90
        8
 70
     0
 43
0.0
 10
8.232148972540278
 20
2.531037517650833
 10
8.191746659484723
 20
2.489417565150834
 10
8.162367869484722
 20
2.489417565150834
 10
8.121978510040278
 20
2.531037517650833
 10
8.232148972540278
 20
2.531037517650833
 10
8.305570040318055
 20
2.531037517650833
 10
8.354534690318056
 20
2.531037517650833
 10
8.427968711706945
 20
2.531037517650833
  0
LWPOLYLINE
  5
AA1
330
1F
100
AcDbEntity
  8
PDF_Geometry
370
     9
100
AcDbPolyline
 90
        8
 70
     0
 43
0.0
 10
8.538139174206945
 20
2.531037517650833
 10
8.497736861151389
 20
2.489417565150834
 10
8.468358071151389
 20
2.489417565150834
 10
8.427968711706945
 20
2.531037517650833
 10
8.538139174206945
 20
2.531037517650833
 10
8.611560241984722
 20
2.531037517650833
 10
8.660524891984723
 20
2.531037517650833
 10
8.733958913373612
 20
2.531037517650833
  0
LWPOLYLINE
  5
AA3
330
1F
100
AcDbEntity
  8
PDF_Geometry
370
     9
100
AcDbPolyline
 90
        8
 70
     0
 43
0.0
 10
8.844129375873611
 20
2.531037517650833
 10
8.803740016429166
 20
2.489417565150834
 10
8.774348272818055
 20
2.489417565150834
 10
8.733958913373612
 20
2.531037517650833
 10
8.844129375873611
 20
2.531037517650833
 10
8.917550443651389
 20
2.531037517650833
 10
8.966528047262499
 20
2.531037517650833
 10
9.039949115040277
 20
2.531037517650833
  0
LWPOLYLINE
  5
AA6
330
1F
100
AcDbEntity
  8
PDF_Geometry
370
     9
100
AcDbPolyline
 90
        2
 70
     0
 43
0.0
 10
9.223540645318056
 20
2.531037517650833
 10
9.272518248929166
 20
2.531037517650833
  0
LWPOLYLINE
  5
AA7
330
1F
100
AcDbEntity
  8
PDF_Geometry
370
     9
100
AcDbPolyline
 90
        2
 70
     0
 43
0.0
 10
9.345939316706944
 20
2.531037517650833
 10
9.456109779206945
 20
2.531037517650833
  0
LWPOLYLINE
  5
AA8
330
1F
100
AcDbEntity
  8
PDF_Geometry
370
     9
100
AcDbPolyline
 90
        2
 70
     0
 43
0.0
 10
9.529530846984723
 20
2.531037517650833
 10
9.578508450595833
 20
2.531037517650833
  0
LWPOLYLINE
  5
AA9
330
1F
100
AcDbEntity
  8
PDF_Geometry
370
     9
100
AcDbPolyline
 90
        4
 70
     0
 43
0.0
 10
9.651929518373611
 20
2.531037517650833
 10
9.683134767540277
 20
2.531037517650833
 10
9.683134767540277
 20
2.531154100150832
 10
7.083435692818055
 20
2.531154100150832
  0
LWPOLYLINE
  5
AAD
330
1F
100
AcDbEntity
  8
PDF_Geometry
370
     9
100
AcDbPolyline
 90
        3
 70
     0
 43
0.0
 10
7.083435692818055
 20
2.531477940428608
 10
9.683134767540277
 20
2.531477940428608
 10
9.683134767540277
 20
2.531154100150832
  0
LWPOLYLINE
  5
AAF
330
1F
100
AcDbEntity
  8
PDF_Geometry
370
     9
100
AcDbPolyline
 90
        3
 70
     0
 43
0.0
 10
7.083435692818055
 20
2.532021992095277
 10
9.683134767540277
 20
2.532021992095277
 10
9.683134767540277
 20
2.531477940428608
  0
LWPOLYLINE
  5
AB1
330
1F
100
AcDbEntity
  8
PDF_Geometry
370
     9
100
AcDbPolyline
 90
        3
 70
     0
 43
0.0
 10
7.083435692818055
 20
2.532760347928611
 10
9.683134767540277
 20
2.532760347928611
 10
9.683134767540277
 20
2.532021992095277
  0
LWPOLYLINE
  5
AB3
330
1F
100
AcDbEntity
  8
PDF_Geometry
370
     9
100
AcDbPolyline
 90
        3
 70
     0
 43
0.0
 10
7.083435692818055
 20
2.533654147095276
 10
9.683134767540277
 20
2.533654147095276
 10
9.683134767540277
 20
2.532760347928611
  0
LWPOLYLINE
  5
AB5
330
1F
100
AcDbEntity
  8
PDF_Geometry
370
     9
100
AcDbPolyline
 90
        3
 70
     0
 43
0.0
 10
7.083435692818055
 20
2.534703389595275
 10
9.683134767540277
 20
2.534703389595275
 10
9.683134767540277
 20
2.533654147095276
  0
LWPOLYLINE
  5
AB7
330
1F
100
AcDbEntity
  8
PDF_Geometry
370
     9
100
AcDbPolyline
 90
        3
 70
     0
 43
0.0
 10
7.083435692818055
 20
2.53586921459528
 10
9.683134767540277
 20
2.53586921459528
 10
9.683134767540277
 20
2.534703389595275
  0
LWPOLYLINE
  5
AB8
330
1F
100
AcDbEntity
  8
PDF_Geometry
370
     9
100
AcDbPolyline
 90
        2
 70
     0
 43
0.0
 10
7.083435692818055
 20
2.537112761261944
 10
9.683134767540277
 20
2.537112761261944
  0
LWPOLYLINE
  5
AB9
330
1F
100
AcDbEntity
  8
PDF_Geometry
370
     9
100
AcDbPolyline
 90
        2
 70
     0
 43
0.0
 10
7.083435692818055
 20
2.538382215150832
 10
9.683134767540277
 20
2.538382215150832
  0
LWPOLYLINE
  5
AC4
330
1F
100
AcDbEntity
  8
PDF_Geometry
370
     9
100
AcDbPolyline
 90
        2
 70
     0
 43
0.0
 10
2.922567406984723
 20
0.9549327929286164
 10
2.922567406984723
 20
3.887474905150831
  0
LWPOLYLINE
  5
AC5
330
1F
100
AcDbEntity
  8
PDF_Geometry
370
     9
100
AcDbPolyline
 90
        6
 70
     1
 43
0.0
 10
3.01905885615139
 20
4.10778992292861
 10
2.826075957818057
 20
4.10778992292861
 10
2.715918448929167
 20
3.997632414039724
 10
2.826075957818057
 20
3.887474905150831
 10
3.01905885615139
 20
3.887474905150831
 10
3.12921636504028
 20
3.997632414039724
  0
LWPOLYLINE
  5
AF5
330
1F
100
AcDbEntity
  8
PDF_Geometry
370
     9
100
AcDbPolyline
 90
        4
 70
     0
 43
0.0
 10
8.966528047262499
 20
2.531037517650833
 10
8.9616315822625
 20
2.524923413206391
 10
8.922446908651389
 20
2.524923413206391
 10
8.917550443651389
 20
2.531037517650833
  0
LWPOLYLINE
  5
AFD
330
1F
100
AcDbEntity
  8
PDF_Geometry
370
     9
100
AcDbPolyline
 90
        4
 70
     0
 43
0.0
 10
8.660524891984723
 20
2.531037517650833
 10
8.655641380595833
 20
2.524923413206391
 10
8.616456706984722
 20
2.524923413206391
 10
8.611560241984722
 20
2.531037517650833
  0
LWPOLYLINE
  5
B05
330
1F
100
AcDbEntity
  8
PDF_Geometry
370
     9
100
AcDbPolyline
 90
        4
 70
     0
 43
0.0
 10
8.354534690318056
 20
2.531037517650833
 10
8.349638225318056
 20
2.524923413206391
 10
8.310466505318055
 20
2.524923413206391
 10
8.305570040318055
 20
2.531037517650833
  0
LWPOLYLINE
  5
B0D
330
1F
100
AcDbEntity
  8
PDF_Geometry
370
     9
100
AcDbPolyline
 90
        4
 70
     0
 43
0.0
 10
8.048544488651389
 20
2.531037517650833
 10
8.043648023651389
 20
2.524923413206391
 10
8.004476303651388
 20
2.524923413206391
 10
7.999579838651388
 20
2.531037517650833
  0
LWPOLYLINE
  5
B11
330
1F
100
AcDbEntity
  8
PDF_Geometry
370
     9
100
AcDbPolyline
 90
       49
 70
     0
 43
0.0
 10
7.926145817262501
 20
2.531037517650833
 10
7.885756457818056
 20
2.489417565150834
 10
7.856377667818056
 20
2.489417565150834
 10
7.844123551706944
 20
2.502138011261944
 10
7.838631220595833
 20
2.515739302928615
 10
7.838087168929167
 20
2.515519091539726
 10
7.843631314484722
 20
2.501814170984165
 10
7.856131549206945
 20
2.488847606261945
 10
7.886002576429167
 20
2.488847606261945
 10
7.926391935873612
 20
2.530454605150833
 10
7.999294859206944
 20
2.530454605150833
 10
8.004191324206946
 20
2.52434050070639
 10
8.043933003095833
 20
2.52434050070639
 10
8.048829468095833
 20
2.530454605150833
 10
8.121732391429166
 20
2.530454605150833
 10
8.162121750873613
 20
2.488847606261945
 10
8.191992778095833
 20
2.488847606261945
 10
8.232382137540277
 20
2.530454605150833
 10
8.305285060873611
 20
2.530454605150833
 10
8.310181525873611
 20
2.52434050070639
 10
8.3499232047625
 20
2.52434050070639
 10
8.3548196697625
 20
2.530454605150833
 10
8.427722593095833
 20
2.530454605150833
 10
8.468111952540278
 20
2.488847606261945
 10
8.4979829797625
 20
2.488847606261945
 10
8.538385292818055
 20
2.530454605150833
 10
8.611275262540278
 20
2.530454605150833
 10
8.616171727540278
 20
2.52434050070639
 10
8.655913406429167
 20
2.52434050070639
 10
8.660809871429167
 20
2.530454605150833
 10
8.733712794762499
 20
2.530454605150833
 10
8.774102154206945
 20
2.488847606261945
 10
8.803973181429167
 20
2.488847606261945
 10
8.844375494484722
 20
2.530454605150833
 10
8.917265464206945
 20
2.530454605150833
 10
8.922161929206945
 20
2.52434050070639
 10
8.961903608095834
 20
2.52434050070639
 10
8.966800073095834
 20
2.530454605150833
 10
9.039702996429166
 20
2.530454605150833
 10
9.080092355873611
 20
2.488847606261945
 10
9.109976336706944
 20
2.488847606261945
 10
9.150365696151389
 20
2.530454605150833
 10
9.159886600318056
 20
2.530454605150833
 10
9.159886600318056
 20
2.531037517650833
 10
9.150119577540278
 20
2.531037517650833
 10
9.109730218095833
 20
2.489417565150834
 10
9.080338474484722
 20
2.489417565150834
 10
9.039949115040277
 20
2.531037517650833
 10
9.150119577540278
 20
2.531037517650833
  0
LWPOLYLINE
  5
B40
330
1F
100
AcDbEntity
  8
PDF_Geometry
370
     9
100
AcDbPolyline
 90
        2
 70
     0
 43
0.0
 10
6.592014548095834
 20
2.531037517650833
 10
6.518593480318056
 20
2.531037517650833
  0
LWPOLYLINE
  5
B41
330
1F
100
AcDbEntity
  8
PDF_Geometry
370
     9
100
AcDbPolyline
 90
        4
 70
     1
 43
0.0
 10
6.469615876706944
 20
2.531037517650833
 10
6.518593480318056
 20
2.531037517650833
 10
6.513697015318056
 20
2.524923413206391
 10
6.474512341706946
 20
2.524923413206391
  0
LWPOLYLINE
  5
B45
330
1F
100
AcDbEntity
  8
PDF_Geometry
370
     9
100
AcDbPolyline
 90
        4
 70
     0
 43
0.0
 10
6.396194808929166
 20
2.531037517650833
 10
6.355805449484722
 20
2.489417565150834
 10
6.326413705873612
 20
2.489417565150834
 10
6.286024346429167
 20
2.531037517650833
  0
LWPOLYLINE
  5
B4D
330
1F
100
AcDbEntity
  8
PDF_Geometry
370
     9
100
AcDbPolyline
 90
        4
 70
     0
 43
0.0
 10
6.090204607262501
 20
2.531037517650833
 10
6.049815247818056
 20
2.489417565150834
 10
6.020423504206944
 20
2.489417565150834
 10
5.980034144762501
 20
2.531037517650833
  0
LWPOLYLINE
  5
B55
330
1F
100
AcDbEntity
  8
PDF_Geometry
370
     9
100
AcDbPolyline
 90
        4
 70
     0
 43
0.0
 10
5.784214405595834
 20
2.531037517650833
 10
5.743825046151389
 20
2.489417565150834
 10
5.714433302540278
 20
2.489417565150834
 10
5.674043943095834
 20
2.531037517650833
  0
LWPOLYLINE
  5
B63
330
1F
100
AcDbEntity
  8
PDF_Geometry
370
     9
100
AcDbPolyline
 90
        8
 70
     0
 43
0.0
 10
2.011578798373614
 20
2.659550293484166
 10
1.901421289484725
 20
2.769707802373055
 10
1.608669678373612
 20
2.769707802373055
 10
1.498512169484724
 20
2.659550293484166
 10
1.608669678373612
 20
2.54939278459528
 10
1.901421289484725
 20
2.54939278459528
 10
2.011578798373614
 20
2.659550293484166
 10
11.2029301447625
 20
2.659550293484166
  0
LWPOLYLINE
  5
B6A
330
1F
100
AcDbEntity
  8
PDF_Geometry
370
     9
100
AcDbPolyline
 90
       81
 70
     1
 43
0.0
 10
9.6896892947625
 20
2.53586921459528
 10
9.690233346429167
 20
2.534703389595275
 10
9.690971702262499
 20
2.533654147095276
 10
9.691865501429166
 20
2.532760347928611
 10
9.692914743929167
 20
2.532021992095277
 10
9.694080568929166
 20
2.531477940428608
 10
9.695311161984722
 20
2.531154100150832
 10
9.696593569484722
 20
2.531037517650833
 10
9.767579358373611
 20
2.531037517650833
 10
9.76886176587361
 20
2.531154100150832
 10
9.770092358929167
 20
2.531477940428608
 10
9.771258183929166
 20
2.532021992095277
 10
9.772307426429167
 20
2.532760347928611
 10
9.773201225595833
 20
2.533654147095276
 10
9.773939581429166
 20
2.534703389595275
 10
9.774483633095833
 20
2.53586921459528
 10
9.774820426984723
 20
2.537112761261944
 10
9.774924055873611
 20
2.538382215150832
 10
9.774924055873611
 20
2.56163394709528
 10
9.773084643095833
 20
2.56163394709528
 10
9.773084643095833
 20
2.538382215150832
 10
9.773006921429166
 20
2.537423647928612
 10
9.772760802818055
 20
2.536490987928612
 10
9.7723462872625
 20
2.535623095984167
 10
9.771802235595833
 20
2.534845879317497
 10
9.771128647818056
 20
2.53415933792861
 10
9.770338477540278
 20
2.533615286261944
 10
9.769470585595833
 20
2.53320077070639
 10
9.768537925595833
 20
2.532954652095281
 10
9.767579358373611
 20
2.532876930428614
 10
9.696593569484722
 20
2.532876930428614
 10
9.6955184197625
 20
2.5329805593175
 10
9.694482130873611
 20
2.533291445984165
 10
9.693536517262501
 20
2.533796636817498
 10
9.692694532540278
 20
2.534483178206389
 10
9.692007991151388
 20
2.535325162928614
 10
9.691502800318055
 20
2.536270776539723
 10
9.691191913651389
 20
2.53730706542861
 10
9.6910882847625
 20
2.538382215150832
 10
9.6910882847625
 20
2.768490162928614
 10
9.691191913651389
 20
2.769565312650833
 10
9.691502800318055
 20
2.770588647928612
 10
9.692007991151388
 20
2.771547215150835
 10
9.692694532540278
 20
2.772376246261945
 10
9.693536517262501
 20
2.773062787650832
 10
9.694482130873611
 20
2.773580932095278
 10
9.6955184197625
 20
2.773891818761946
 10
9.696593569484722
 20
2.773995447650836
 10
9.767579358373611
 20
2.773995447650836
 10
9.768537925595833
 20
2.773904772373057
 10
9.769470585595833
 20
2.773658653761945
 10
9.770338477540278
 20
2.773257091817502
 10
9.771128647818056
 20
2.772700086539725
 10
9.771802235595833
 20
2.772026498761945
 10
9.7723462872625
 20
2.771236328484164
 10
9.772760802818055
 20
2.770368436539722
 10
9.773006921429166
 20
2.769435776539722
 10
9.773084643095833
 20
2.768490162928614
 10
9.773084643095833
 20
2.745225477373054
 10
9.774924055873611
 20
2.745225477373054
 10
9.774924055873611
 20
2.768490162928614
 10
9.774820426984723
 20
2.769759616817502
 10
9.774483633095833
 20
2.771003163484166
 10
9.773939581429166
 20
2.772156034873056
 10
9.773201225595833
 20
2.773205277373055
 10
9.772307426429167
 20
2.774112030150831
 10
9.771258183929166
 20
2.774850385984169
 10
9.770092358929167
 20
2.775381484039723
 10
9.76886176587361
 20
2.775718277928614
 10
9.767579358373611
 20
2.775834860428613
 10
9.696593569484722
 20
2.775834860428613
 10
9.695155718651388
 20
2.775692370706391
 10
9.693782635873612
 20
2.775264901539724
 10
9.692513181984722
 20
2.774591313761945
 10
9.691399171429166
 20
2.773684560984165
 10
9.690479465040278
 20
2.772570550428614
 10
9.6898058772625
 20
2.771301096539723
 10
9.689391361706945
 20
2.769915060150832
 10
9.689248871984721
 20
2.768490162928614
 10
9.689248871984721
 20
2.538382215150832
 10
9.689365454484722
 20
2.537112761261944
  0
LWPOLYLINE
  5
BBB
330
1F
100
AcDbEntity
  8
PDF_Geometry
370
     9
100
AcDbPolyline
 90
        4
 70
     1
 43
0.0
 10
10.3318257047625
 20
2.531037517650833
 10
10.3318257047625
 20
2.537151622095279
 10
10.17883060392916
 20
2.537151622095279
 10
10.17883060392916
 20
2.531037517650833
  0
LWPOLYLINE
  5
BBF
330
1F
100
AcDbEntity
  8
PDF_Geometry
370
     9
100
AcDbPolyline
 90
        4
 70
     1
 43
0.0
 10
10.3318257047625
 20
2.781948964873055
 10
10.3318257047625
 20
2.788076022928613
 10
10.17883060392916
 20
2.788076022928613
 10
10.17883060392916
 20
2.781948964873055
  0
LWPOLYLINE
  5
BC3
330
1F
100
AcDbEntity
  8
PDF_Geometry
370
     9
100
AcDbPolyline
 90
        4
 70
     1
 43
0.0
 10
9.842243972818055
 20
2.430672938761944
 10
9.842243972818055
 20
2.344997754873059
 10
4.334407389206945
 20
2.344997754873059
 10
4.334407389206945
 20
2.430672938761944
  0
LWPOLYLINE
  5
BC7
330
1F
100
AcDbEntity
  8
PDF_Geometry
370
     9
100
AcDbPolyline
 90
        9
 70
     0
 43
0.0
 10
10.25533463115139
 20
0.9549327929286164
 10
10.25533463115139
 20
3.623195331261946
 10
9.885353590595833
 20
3.88187894515083
 10
9.647745501984722
 20
3.88187894515083
 10
9.537600946706945
 20
3.992036454039723
 10
9.647745501984722
 20
4.102181009317501
 10
9.885353590595833
 20
4.102181009317501
 10
9.995511099484723
 20
3.992036454039723
 10
9.885353590595833
 20
3.88187894515083
  0
LWPOLYLINE
  5
BCF
330
1F
100
AcDbEntity
  8
PDF_Geometry
370
     9
100
AcDbPolyline
 90
        9
 70
     0
 43
0.0
 10
1.833155758929168
 20
2.299698976817502
 10
1.943313267818057
 20
2.189541467928613
 10
1.833155758929168
 20
2.079383959039724
 10
1.616428891429169
 20
2.079383959039724
 10
1.50627138254028
 20
2.189541467928613
 10
1.616428891429169
 20
2.299698976817502
 10
1.833155758929168
 20
2.299698976817502
 10
2.152656576984723
 20
2.531037517650833
 10
11.2029301447625
 20
2.531037517650833
  0
LWPOLYLINE
  5
BD7
330
1F
100
AcDbEntity
  8
PDF_Geometry
370
     9
100
AcDbPolyline
 90
        3
 70
     0
 43
0.0
 10
8.003724994206944
 20
2.524923413206391
 10
7.924902270595833
 20
2.524923413206391
 10
7.924902270595833
 20
2.528926079039724
  0
LWPOLYLINE
  5
BD8
330
1F
100
AcDbEntity
  8
PDF_Geometry
370
     9
100
AcDbPolyline
 90
        2
 70
     0
 43
0.0
 10
7.924902270595833
 20
2.529755110150833
 10
7.924902270595833
 20
2.531037517650833
  0
LWPOLYLINE
  5
BDA
330
1F
100
AcDbEntity
  8
PDF_Geometry
370
     9
100
AcDbPolyline
 90
        3
 70
     0
 43
0.0
 10
8.044399333095833
 20
2.524923413206391
 10
8.053415046429167
 20
2.524923413206391
 10
8.053415046429167
 20
2.530454605150833
  0
LWPOLYLINE
  5
BDC
330
1F
100
AcDbEntity
  8
PDF_Geometry
370
     9
100
AcDbPolyline
 90
        2
 70
     0
 43
0.0
 10
5.574897003651389
 20
2.430672938761944
 10
5.574897003651389
 20
2.52434050070639
  0
LWPOLYLINE
  5
BDD
330
1F
100
AcDbEntity
  8
PDF_Geometry
370
     9
100
AcDbPolyline
 90
        7
 70
     0
 43
0.0
 10
5.519818249206946
 20
2.430672938761944
 10
5.519818249206946
 20
2.524923413206391
 10
5.513704144762501
 20
2.524923413206391
 10
5.513704144762501
 20
2.430672938761944
 10
5.513704144762501
 20
2.524923413206391
 10
5.507577086706945
 20
2.524923413206391
 10
5.507577086706945
 20
2.430672938761944
  0
LWPOLYLINE
  5
BE0
330
1F
100
AcDbEntity
  8
PDF_Geometry
370
     9
100
AcDbPolyline
 90
        2
 70
     0
 43
0.0
 10
5.452498332262501
 20
2.430672938761944
 10
5.452498332262501
 20
2.503705398206392
  0
LWPOLYLINE
  5
BE1
330
1F
100
AcDbEntity
  8
PDF_Geometry
370
     9
100
AcDbPolyline
 90
        2
 70
     0
 43
0.0
 10
5.452498332262501
 20
2.504534429317498
 10
5.452498332262501
 20
2.524923413206391
  0
LWPOLYLINE
  5
BE5
330
1F
100
AcDbEntity
  8
PDF_Geometry
370
     9
100
AcDbPolyline
 90
        3
 70
     0
 43
0.0
 10
4.464720716984722
 20
2.515130483206387
 10
4.443373165873612
 20
2.515130483206387
 10
4.443373165873612
 20
2.524923413206391
  0
LWPOLYLINE
  5
BE6
330
1F
100
AcDbEntity
  8
PDF_Geometry
370
     9
100
AcDbPolyline
 90
        2
 70
     0
 43
0.0
 10
4.450096090040278
 20
2.515130483206387
 10
4.450096090040278
 20
2.524923413206391
  0
LWPOLYLINE
  5
BE7
330
1F
100
AcDbEntity
  8
PDF_Geometry
370
     9
100
AcDbPolyline
 90
        2
 70
     0
 43
0.0
 10
4.46351603115139
 20
2.515130483206387
 10
4.46351603115139
 20
2.516361076261947
  0
LWPOLYLINE
  5
BE8
330
1F
100
AcDbEntity
  8
PDF_Geometry
370
     9
100
AcDbPolyline
 90
        2
 70
     0
 43
0.0
 10
4.46351603115139
 20
2.517190107373057
 10
4.46351603115139
 20
2.524923413206391
  0
LWPOLYLINE
  5
BE9
330
1F
100
AcDbEntity
  8
PDF_Geometry
370
     9
100
AcDbPolyline
 90
        3
 70
     0
 43
0.0
 10
4.465523840873612
 20
2.515130483206387
 10
4.470226001706945
 20
2.515130483206387
 10
4.470226001706945
 20
2.524923413206391
  0
LWPOLYLINE
  5
BEC
330
1F
100
AcDbEntity
  8
PDF_Geometry
370
     9
100
AcDbPolyline
 90
        4
 70
     0
 43
0.0
 10
4.531431814206945
 20
2.524923413206391
 10
4.531431814206945
 20
2.515130483206387
 10
4.504578978373611
 20
2.515130483206387
 10
4.504578978373611
 20
2.524923413206391
  0
LWPOLYLINE
  5
BED
330
1F
100
AcDbEntity
  8
PDF_Geometry
370
     9
100
AcDbPolyline
 90
        2
 70
     0
 43
0.0
 10
4.511288948929167
 20
2.515130483206387
 10
4.511288948929167
 20
2.524923413206391
  0
LWPOLYLINE
  5
BEE
330
1F
100
AcDbEntity
  8
PDF_Geometry
370
     9
100
AcDbPolyline
 90
        2
 70
     0
 43
0.0
 10
4.52472184365139
 20
2.515130483206387
 10
4.52472184365139
 20
2.524923413206391
  0
LWPOLYLINE
  5
BF1
330
1F
100
AcDbEntity
  8
PDF_Geometry
370
     9
100
AcDbPolyline
 90
        3
 70
     0
 43
0.0
 10
4.423152578929166
 20
2.530454605150833
 10
4.423152578929166
 20
2.524923413206391
 10
4.455212766429167
 20
2.524923413206391
  0
LWPOLYLINE
  5
BF3
330
1F
100
AcDbEntity
  8
PDF_Geometry
370
     9
100
AcDbPolyline
 90
        3
 70
     0
 43
0.0
 10
4.456028843929167
 20
2.524923413206391
 10
4.551665354762501
 20
2.524923413206391
 10
4.551665354762501
 20
2.531037517650833
  0
LWPOLYLINE
  5
BF5
330
1F
100
AcDbEntity
  8
PDF_Geometry
370
     9
100
AcDbPolyline
 90
        2
 70
     0
 43
0.0
 10
4.548608302540278
 20
2.430672938761944
 10
4.548608302540278
 20
2.518200489039724
  0
LWPOLYLINE
  5
BF6
330
1F
100
AcDbEntity
  8
PDF_Geometry
370
     9
100
AcDbPolyline
 90
        2
 70
     0
 43
0.0
 10
4.548608302540278
 20
2.51902952015083
 10
4.548608302540278
 20
2.524923413206391
  0
LWPOLYLINE
  5
BF7
330
1F
100
AcDbEntity
  8
PDF_Geometry
370
     9
100
AcDbPolyline
 90
        2
 70
     0
 43
0.0
 10
4.493529548095834
 20
2.430672938761944
 10
4.493529548095834
 20
2.488847606261945
  0
LWPOLYLINE
  5
BF8
330
1F
100
AcDbEntity
  8
PDF_Geometry
370
     9
100
AcDbPolyline
 90
        7
 70
     0
 43
0.0
 10
4.493529548095834
 20
2.489417565150834
 10
4.493529548095834
 20
2.524923413206391
 10
4.487402490040278
 20
2.524923413206391
 10
4.487402490040278
 20
2.492578246261945
 10
4.487402490040278
 20
2.524923413206391
 10
4.481288385595833
 20
2.524923413206391
 10
4.481288385595833
 20
2.498886654873057
  0
LWPOLYLINE
  5
BF9
330
1F
100
AcDbEntity
  8
PDF_Geometry
370
     9
100
AcDbPolyline
 90
        2
 70
     1
 43
0.0
 10
4.487402490040278
 20
2.491749215150836
 10
4.487402490040278
 20
2.430672938761944
  0
LWPOLYLINE
  5
BFC
330
1F
100
AcDbEntity
  8
PDF_Geometry
370
     9
100
AcDbPolyline
 90
        2
 70
     0
 43
0.0
 10
4.42620963115139
 20
2.430672938761944
 10
4.42620963115139
 20
2.524923413206391
  0
LWPOLYLINE
  5
BFE
330
1F
100
AcDbEntity
  8
PDF_Geometry
370
     9
100
AcDbPolyline
 90
        2
 70
     0
 43
0.0
 10
4.481288385595833
 20
2.430672938761944
 10
4.481288385595833
 20
2.498057623761944
  0
LWPOLYLINE
  5
C02
330
1F
100
AcDbEntity
  8
PDF_Geometry
370
     9
100
AcDbPolyline
 90
        4
 70
     0
 43
0.0
 10
5.496527656429167
 20
2.524923413206391
 10
5.496527656429167
 20
2.515130483206387
 10
5.469674820595833
 20
2.515130483206387
 10
5.469674820595833
 20
2.521387077373056
  0
LWPOLYLINE
  5
C03
330
1F
100
AcDbEntity
  8
PDF_Geometry
370
     9
100
AcDbPolyline
 90
        2
 70
     0
 43
0.0
 10
5.469674820595833
 20
2.522229062095281
 10
5.469674820595833
 20
2.524923413206391
  0
LWPOLYLINE
  5
C04
330
1F
100
AcDbEntity
  8
PDF_Geometry
370
     9
100
AcDbPolyline
 90
        2
 70
     0
 43
0.0
 10
5.476384791151389
 20
2.515130483206387
 10
5.476384791151389
 20
2.524923413206391
  0
LWPOLYLINE
  5
C05
330
1F
100
AcDbEntity
  8
PDF_Geometry
370
     9
100
AcDbPolyline
 90
        2
 70
     0
 43
0.0
 10
5.489817685873611
 20
2.515130483206387
 10
5.489817685873611
 20
2.524923413206391
  0
LWPOLYLINE
  5
C08
330
1F
100
AcDbEntity
  8
PDF_Geometry
370
     9
100
AcDbPolyline
 90
        4
 70
     0
 43
0.0
 10
5.557720515318056
 20
2.52434050070639
 10
5.557720515318056
 20
2.515130483206387
 10
5.530867679484722
 20
2.515130483206387
 10
5.530867679484722
 20
2.524923413206391
  0
LWPOLYLINE
  5
C09
330
1F
100
AcDbEntity
  8
PDF_Geometry
370
     9
100
AcDbPolyline
 90
        2
 70
     0
 43
0.0
 10
5.537577650040278
 20
2.515130483206387
 10
5.537577650040278
 20
2.524923413206391
  0
LWPOLYLINE
  5
C0A
330
1F
100
AcDbEntity
  8
PDF_Geometry
370
     9
100
AcDbPolyline
 90
        2
 70
     0
 43
0.0
 10
5.551010544762501
 20
2.515130483206387
 10
5.551010544762501
 20
2.524923413206391
  0
LWPOLYLINE
  5
C0D
330
1F
100
AcDbEntity
  8
PDF_Geometry
370
     9
100
AcDbPolyline
 90
        2
 70
     0
 43
0.0
 10
7.927959322818056
 20
2.430672938761944
 10
7.927959322818056
 20
2.524923413206391
  0
LWPOLYLINE
  5
C0E
330
1F
100
AcDbEntity
  8
PDF_Geometry
370
     9
100
AcDbPolyline
 90
        7
 70
     0
 43
0.0
 10
7.9952792397625
 20
2.430672938761944
 10
7.9952792397625
 20
2.524923413206391
 10
7.989165135318056
 20
2.524923413206391
 10
7.989165135318056
 20
2.430672938761944
 10
7.989165135318056
 20
2.524923413206391
 10
7.9830380772625
 20
2.524923413206391
 10
7.9830380772625
 20
2.430672938761944
  0
LWPOLYLINE
  5
C11
330
1F
100
AcDbEntity
  8
PDF_Geometry
370
     9
100
AcDbPolyline
 90
        2
 70
     0
 43
0.0
 10
8.050357994206944
 20
2.430672938761944
 10
8.050357994206944
 20
2.524923413206391
  0
LWPOLYLINE
  5
C15
330
1F
100
AcDbEntity
  8
PDF_Geometry
370
     9
100
AcDbPolyline
 90
        4
 70
     0
 43
0.0
 10
7.971988646984723
 20
2.524923413206391
 10
7.971988646984723
 20
2.515130483206387
 10
7.94513581115139
 20
2.515130483206387
 10
7.94513581115139
 20
2.524923413206391
  0
LWPOLYLINE
  5
C16
330
1F
100
AcDbEntity
  8
PDF_Geometry
370
     9
100
AcDbPolyline
 90
        2
 70
     0
 43
0.0
 10
7.951845781706945
 20
2.515130483206387
 10
7.951845781706945
 20
2.524923413206391
  0
LWPOLYLINE
  5
C17
330
1F
100
AcDbEntity
  8
PDF_Geometry
370
     9
100
AcDbPolyline
 90
        2
 70
     0
 43
0.0
 10
7.965278676429167
 20
2.515130483206387
 10
7.965278676429167
 20
2.524923413206391
  0
LWPOLYLINE
  5
C1A
330
1F
100
AcDbEntity
  8
PDF_Geometry
370
     9
100
AcDbPolyline
 90
        4
 70
     0
 43
0.0
 10
8.033194459484722
 20
2.52434050070639
 10
8.033194459484722
 20
2.515130483206387
 10
8.006341623651389
 20
2.515130483206387
 10
8.006341623651389
 20
2.52434050070639
  0
LWPOLYLINE
  5
C1B
330
1F
100
AcDbEntity
  8
PDF_Geometry
370
     9
100
AcDbPolyline
 90
        2
 70
     0
 43
0.0
 10
8.013051594206945
 20
2.515130483206387
 10
8.013051594206945
 20
2.52434050070639
  0
LWPOLYLINE
  5
C1C
330
1F
100
AcDbEntity
  8
PDF_Geometry
370
     9
100
AcDbPolyline
 90
        2
 70
     0
 43
0.0
 10
8.026471535318055
 20
2.515130483206387
 10
8.026471535318055
 20
2.52434050070639
  0
LWPOLYLINE
  5
C1F
330
1F
100
AcDbEntity
  8
PDF_Geometry
370
     9
100
AcDbPolyline
 90
        2
 70
     0
 43
0.0
 10
13.34755397745222
 20
4.722325387192777
 10
13.80561957356333
 20
4.722325387192777
  0
LWPOLYLINE
  5
C29
330
1F
100
AcDbEntity
  8
PDF_Geometry
370
     9
100
AcDbPolyline
 90
        8
 70
     1
 43
0.0
 10
13.54556287689666
 20
9.691913521914997
 10
13.54556287689666
 20
9.599657903581665
 10
13.54832199606333
 20
9.599657903581665
 10
13.54832199606333
 20
9.689154402748332
 10
13.64195069717444
 20
9.689154402748332
 10
13.64195069717444
 20
9.599657903581665
 10
13.64470981634111
 20
9.599657903581665
 10
13.64470981634111
 20
9.691913521914997
  0
LWPOLYLINE
  5
C31
330
1F
100
AcDbEntity
  8
PDF_Geometry
370
     9
100
AcDbPolyline
 90
        4
 70
     1
 43
0.0
 10
13.54922874884111
 20
9.689154402748332
 10
13.54922874884111
 20
5.650075968581665
 10
13.64103099078555
 20
5.650075968581665
 10
13.64103099078555
 20
9.689154402748332
  0
LWPOLYLINE
  5
C3B
330
1F
100
AcDbEntity
  8
PDF_Geometry
370
     9
100
AcDbPolyline
 90
       18
 70
     0
 43
0.0
 10
13.54556287689666
 20
5.64732980302611
 10
13.54372346411888
 20
5.64732980302611
 10
13.54372346411888
 20
5.779508450803888
 10
13.53821817939666
 20
5.779508450803888
 10
13.53821817939666
 20
5.641811564692777
 10
13.65204156022999
 20
5.641811564692777
 10
13.65204156022999
 20
5.779508450803888
 10
13.64653627550778
 20
5.779508450803888
 10
13.64653627550778
 20
5.64732980302611
 10
13.64470981634111
 20
5.64732980302611
 10
13.64470981634111
 20
5.739585421359444
 10
13.64195069717444
 20
5.739585421359444
 10
13.64195069717444
 20
5.650075968581665
 10
13.54832199606333
 20
5.650075968581665
 10
13.54832199606333
 20
5.739585421359444
 10
13.54556287689666
 20
5.739585421359444
 10
13.54556287689666
 20
5.64732980302611
 10
13.64470981634111
 20
5.64732980302611
  0
LWPOLYLINE
  5
C3D
330
1F
100
AcDbEntity
  8
PDF_Geometry
370
     9
100
AcDbPolyline
 90
        8
 70
     1
 43
0.0
 10
13.62450218300778
 20
5.641811564692777
 10
13.62450218300778
 20
5.55919343302611
 10
13.61899689828555
 20
5.55919343302611
 10
13.61899689828555
 20
5.636306279970554
 10
13.5712628413411
 20
5.636306279970554
 10
13.5712628413411
 20
5.55919343302611
 10
13.56575755661889
 20
5.55919343302611
 10
13.56575755661889
 20
5.641811564692777
  0
LWPOLYLINE
  5
C45
330
1F
100
AcDbEntity
  8
PDF_Geometry
370
     9
100
AcDbPolyline
 90
        6
 70
     0
 43
0.0
 10
13.60614691606333
 20
5.544516991637221
 42
-0.4140209272493644
 10
13.59513634661888
 20
5.533493468581665
 42
-0.1981927759633906
 10
13.58733827273
 20
5.536718917748332
 42
-0.1981927759660571
 10
13.58411282356333
 20
5.544516991637221
 10
13.58044695161888
 20
5.544516991637221
 10
13.58044695161888
 20
5.636306279970554
  0
LWPOLYLINE
  5
C46
330
1F
100
AcDbEntity
  8
PDF_Geometry
370
     9
100
AcDbPolyline
 90
        6
 70
     0
 43
0.0
 10
13.58411282356333
 20
5.544516991637221
 42
-0.4140209271521187
 10
13.59513634661888
 20
5.555527561081666
 42
-0.1984743726687422
 10
13.60292146689666
 20
5.552302111914999
 42
-0.1990985460588589
 10
13.60614691606333
 20
5.544516991637221
 10
13.60982574161888
 20
5.544516991637221
 10
13.60982574161888
 20
5.636306279970554
  0
LWPOLYLINE
  5
C49
330
1F
100
AcDbEntity
  8
PDF_Geometry
370
     9
100
AcDbPolyline
 90
        8
 70
     1
 43
0.0
 10
13.53087348189666
 20
9.69741880663722
 10
13.53087348189666
 20
9.55972192052611
 10
13.53637876661888
 20
9.55972192052611
 10
13.53637876661888
 20
9.691913521914997
 10
13.65388097300777
 20
9.691913521914997
 10
13.65388097300777
 20
9.55972192052611
 10
13.65938625772999
 20
9.55972192052611
 10
13.65938625772999
 20
9.69741880663722
  0
LWPOLYLINE
  5
C51
330
1F
100
AcDbEntity
  8
PDF_Geometry
370
     9
100
AcDbPolyline
 90
        6
 70
     1
 43
0.0
 10
13.59513634661888
 20
5.533493468581665
 10
13.5302258013411
 20
5.468582923303888
 10
13.53671556050777
 20
5.462093164137221
 10
13.59513634661888
 20
5.520513950248332
 10
13.65355713273
 20
5.462093164137221
 10
13.66004689189666
 20
5.468582923303888
  0
LWPOLYLINE
  5
C57
330
1F
100
AcDbEntity
  8
PDF_Geometry
370
     9
100
AcDbPolyline
 90
        2
 70
     0
 43
0.0
 10
13.5712628413411
 20
5.579388112748333
 10
13.58044695161888
 20
5.579388112748333
  0
LWPOLYLINE
  5
C58
330
1F
100
AcDbEntity
  8
PDF_Geometry
370
     9
100
AcDbPolyline
 90
        2
 70
     0
 43
0.0
 10
13.60982574161888
 20
5.579388112748333
 10
13.61899689828555
 20
5.579388112748333
  0
LWPOLYLINE
  5
C59
330
1F
100
AcDbEntity
  8
PDF_Geometry
370
     9
100
AcDbPolyline
 90
        2
 70
     0
 43
0.0
 10
13.5712628413411
 20
5.601422205248332
 10
13.58044695161888
 20
5.601422205248332
  0
LWPOLYLINE
  5
C5A
330
1F
100
AcDbEntity
  8
PDF_Geometry
370
     9
100
AcDbPolyline
 90
        2
 70
     0
 43
0.0
 10
13.60982574161888
 20
5.601422205248332
 10
13.61899689828555
 20
5.601422205248332
  0
LWPOLYLINE
  5
C5B
330
1F
100
AcDbEntity
  8
PDF_Geometry
370
     9
100
AcDbPolyline
 90
        4
 70
     0
 43
0.0
 10
13.62450218300778
 20
5.572963121637221
 10
13.63919157800777
 20
5.572963121637221
 10
13.63919157800777
 20
5.607847196359443
 10
13.62450218300778
 20
5.607847196359443
  0
LWPOLYLINE
  5
C5C
330
1F
100
AcDbEntity
  8
PDF_Geometry
370
     9
100
AcDbPolyline
 90
        2
 70
     0
 43
0.0
 10
13.62450218300778
 20
5.590411635803888
 10
13.63919157800777
 20
5.590411635803888
  0
LWPOLYLINE
  5
C5F
330
1F
100
AcDbEntity
  8
PDF_Geometry
370
     9
100
AcDbPolyline
 90
        4
 70
     0
 43
0.0
 10
13.56575755661889
 20
5.607847196359443
 10
13.55106816161888
 20
5.607847196359443
 10
13.55106816161888
 20
5.572963121637221
 10
13.56575755661889
 20
5.572963121637221
  0
LWPOLYLINE
  5
C61
330
1F
100
AcDbEntity
  8
PDF_Geometry
370
     9
100
AcDbPolyline
 90
        2
 70
     0
 43
0.0
 10
13.55106816161888
 20
5.590411635803888
 10
13.56575755661889
 20
5.590411635803888
  0
LWPOLYLINE
  5
C69
330
1F
100
AcDbEntity
  8
PDF_Geometry
370
     9
100
AcDbPolyline
 90
        4
 70
     0
 43
0.0
 10
13.53087348189666
 20
9.679063539692776
 10
13.3895107238411
 20
9.679063539692776
 10
13.3895107238411
 20
9.587261297748332
 10
13.53087348189666
 20
9.587261297748332
  0
LWPOLYLINE
  5
C6A
330
1F
100
AcDbEntity
  8
PDF_Geometry
370
     9
100
AcDbPolyline
 90
        2
 70
     0
 43
0.0
 10
13.3895107238411
 20
9.596445408026109
 10
13.53087348189666
 20
9.596445408026109
  0
LWPOLYLINE
  5
C6D
330
1F
100
AcDbEntity
  8
PDF_Geometry
370
     9
100
AcDbPolyline
 90
        2
 70
     0
 43
0.0
 10
13.3895107238411
 20
9.587261297748332
 10
13.38032661356332
 20
9.587261297748332
  0
LWPOLYLINE
  5
C6E
330
1F
100
AcDbEntity
  8
PDF_Geometry
370
     9
100
AcDbPolyline
 90
        2
 70
     0
 43
0.0
 10
13.38032661356332
 20
9.679063539692776
 10
13.3895107238411
 20
9.679063539692776
  0
LWPOLYLINE
  5
C6F
330
1F
100
AcDbEntity
  8
PDF_Geometry
370
     9
100
AcDbPolyline
 90
        4
 70
     0
 43
0.0
 10
13.3895107238411
 20
9.615720381359443
 10
13.40418716522999
 20
9.615720381359443
 10
13.40418716522999
 20
9.650604456081666
 10
13.3895107238411
 20
9.650604456081666
  0
LWPOLYLINE
  5
C70
330
1F
100
AcDbEntity
  8
PDF_Geometry
370
     9
100
AcDbPolyline
 90
        2
 70
     0
 43
0.0
 10
13.3895107238411
 20
9.633155941914999
 10
13.40418716522999
 20
9.633155941914999
  0
LWPOLYLINE
  5
C73
330
1F
100
AcDbEntity
  8
PDF_Geometry
370
     9
100
AcDbPolyline
 90
        4
 70
     0
 43
0.0
 10
13.37756749439666
 20
9.650604456081666
 10
13.36563721856333
 20
9.650604456081666
 10
13.36563721856333
 20
9.615720381359443
 10
13.37756749439666
 20
9.615720381359443
  0
LWPOLYLINE
  5
C75
330
1F
100
AcDbEntity
  8
PDF_Geometry
370
     9
100
AcDbPolyline
 90
        2
 70
     0
 43
0.0
 10
13.36563721856333
 20
9.633155941914999
 10
13.37756749439666
 20
9.633155941914999
  0
LWPOLYLINE
  5
C77
330
1F
100
AcDbEntity
  8
PDF_Geometry
370
     9
100
AcDbPolyline
 90
       81
 70
     1
 43
0.0
 10
13.37966597939666
 20
9.690164784414999
 10
13.37884990189666
 20
9.691913521914997
 10
13.37774884495222
 20
9.693480908859443
 10
13.37638871578555
 20
9.69484103802611
 10
13.37482132884111
 20
9.695942094970554
 10
13.37308554495222
 20
9.696758172470554
 10
13.37122022495222
 20
9.697250409692777
 10
13.36931604411888
 20
9.69741880663722
 10
13.33443196939666
 20
9.69741880663722
 10
13.33443196939666
 20
9.694659687470554
 10
13.36931604411888
 20
9.694659687470554
 10
13.3707409413411
 20
9.694543104970554
 10
13.3721399313411
 20
9.694167450248333
 10
13.37344824606333
 20
9.693558630526108
 10
13.37462702467444
 20
9.692729599414999
 10
13.3756374063411
 20
9.691719217748332
 10
13.37646643745221
 20
9.690527485526111
 10
13.37707525717444
 20
9.689232124414999
 10
13.37745091189666
 20
9.687833134414997
 10
13.37756749439666
 20
9.686408237192775
 10
13.37756749439666
 20
9.579916600248331
 10
13.37741205106333
 20
9.578310352470554
 10
13.37694572106333
 20
9.576755919137221
 10
13.37618145800777
 20
9.575331021914998
 10
13.37515812272999
 20
9.574074521637221
 10
13.37390162245222
 20
9.573051186359442
 10
13.37247672523
 20
9.572286923303888
 10
13.37092229189666
 20
9.571820593303888
 10
13.36931604411888
 20
9.571652196359444
 10
13.02415412245222
 20
9.571652196359444
 10
13.02254787467444
 20
9.571820593303888
 10
13.0209934413411
 20
9.572286923303888
 10
13.01956854411888
 20
9.573051186359442
 10
13.01831204384111
 20
9.574074521637221
 10
13.01728870856333
 20
9.575331021914998
 10
13.01652444550777
 20
9.576755919137221
 10
13.01604516189666
 20
9.578310352470554
 10
13.01588971856333
 20
9.579916600248331
 10
13.01588971856333
 20
9.686408237192775
 10
13.01601925467444
 20
9.687833134414997
 10
13.01639490939666
 20
9.689232124414999
 10
13.01700372911889
 20
9.690527485526111
 10
13.01781980661889
 20
9.691719217748332
 10
13.01884314189666
 20
9.692729599414999
 10
13.02002192050777
 20
9.693558630526108
 10
13.02133023522999
 20
9.694167450248333
 10
13.02271627161889
 20
9.694543104970554
 10
13.02415412245222
 20
9.694659687470554
 10
13.05903819717444
 20
9.694659687470554
 10
13.05903819717444
 20
9.69741880663722
 10
13.02415412245222
 20
9.69741880663722
 10
13.02223698800778
 20
9.697250409692777
 10
13.02038462161888
 20
9.696758172470554
 10
13.01864883773
 20
9.695942094970554
 10
13.01706849717444
 20
9.69484103802611
 10
13.01572132161889
 20
9.693480908859443
 10
13.01460731106332
 20
9.691913521914997
 10
13.01380418717444
 20
9.690164784414999
 10
13.0132989963411
 20
9.688312418026111
 10
13.01314355300777
 20
9.686408237192775
 10
13.01314355300777
 20
9.579916600248331
 10
13.01335081078555
 20
9.577766300803888
 10
13.01397258411888
 20
9.575706676637221
 10
13.01499591939666
 20
9.573802495803887
 10
13.01636900217444
 20
9.572131479970554
 10
13.01802706439666
 20
9.570758397192777
 10
13.01993124522999
 20
9.569735061914999
 10
13.02200382300777
 20
9.569113288581664
 10
13.02415412245222
 20
9.568906030803887
 10
13.36931604411888
 20
9.568906030803887
 10
13.37122022495222
 20
9.569074427748331
 10
13.37308554495222
 20
9.569566664970555
 10
13.37482132884111
 20
9.570382742470554
 10
13.37638871578555
 20
9.571483799414998
 10
13.37774884495222
 20
9.572830974970553
 10
13.37884990189666
 20
9.574411315526109
 10
13.37966597939666
 20
9.576147099414999
 10
13.38015821661888
 20
9.577999465803888
 10
13.38032661356332
 20
9.579916600248331
 10
13.38032661356332
 20
9.686408237192775
 10
13.38015821661888
 20
9.688312418026111
  0
LWPOLYLINE
  5
CC8
330
1F
100
AcDbEntity
  8
PDF_Geometry
370
     9
100
AcDbPolyline
 90
        4
 70
     1
 43
0.0
 10
0.3936978358333333
 20
0.3937011275000013
 10
15.81563249777777
 20
0.3937011275000013
 10
15.81563249777777
 20
11.29921678583333
 10
0.3936978358333333
 20
11.29921678583333
  0
LWPOLYLINE
  5
CCC
330
1F
100
AcDbEntity
  8
PDF_Geometry
370
     9
100
AcDbPolyline
 90
        2
 70
     0
 43
0.0
 10
15.81563249777777
 20
2.045195868888889
 10
12.91904961
 20
2.045195868888889
  0
LWPOLYLINE
  5
CCD
330
1F
100
AcDbEntity
  8
PDF_Geometry
370
     9
100
AcDbPolyline
 90
        2
 70
     0
 43
0.0
 10
12.91904961
 20
1.558217812777778
 10
15.81563249777777
 20
1.558217812777778
  0
LWPOLYLINE
  5
CCE
330
1F
100
AcDbEntity
  8
PDF_Geometry
370
     9
100
AcDbPolyline
 90
        2
 70
     0
 43
0.0
 10
14.84943559861111
 20
0.9932849250000012
 10
14.84943559861111
 20
0.3984421491666679
  0
LWPOLYLINE
  5
CCF
330
1F
100
AcDbEntity
  8
PDF_Geometry
370
     9
100
AcDbPolyline
 90
        2
 70
     0
 43
0.0
 10
13.88457292138889
 20
0.6766727622222235
 10
13.88457292138889
 20
0.9919636566666676
  0
LWPOLYLINE
  5
CD0
330
1F
100
AcDbEntity
  8
PDF_Geometry
370
     9
100
AcDbPolyline
 90
        2
 70
     0
 43
0.0
 10
12.91904961
 20
0.6766727622222235
 10
15.81563249777777
 20
0.6766727622222235
  0
LWPOLYLINE
  5
CD1
330
1F
100
AcDbEntity
  8
PDF_Geometry
370
     9
100
AcDbPolyline
 90
        2
 70
     0
 43
0.0
 10
12.91904961
 20
0.9919636566666676
 10
15.81563249777777
 20
0.9919636566666676
  0
LWPOLYLINE
  5
CD2
330
1F
100
AcDbEntity
  8
PDF_Geometry
370
     9
100
AcDbPolyline
 90
        9
 70
     0
 43
0.0
 10
12.90749498888889
 20
2.409567995833334
 10
15.81563249777777
 20
2.409567995833334
 10
12.90749498888889
 20
2.409567995833334
 10
12.90749498888889
 20
2.227815878333334
 10
12.90749498888889
 20
2.046050807222223
 10
15.81563249777777
 20
2.046050807222223
 10
15.81563249777777
 20
0.3937011275000013
 10
12.91904961
 20
0.3937011275000013
 10
12.91904961
 20
2.046050807222223
  0
LWPOLYLINE
  5
CD6
330
1F
100
AcDbEntity
  8
PDF_Geometry
370
     9
100
AcDbPolyline
 90
        5
 70
     0
 43
0.0
 10
15.81563249777777
 20
2.046050807222223
 10
15.81563249777777
 20
2.227815878333334
 10
12.90749498888889
 20
2.227815878333334
 10
15.81563249777777
 20
2.227815878333334
 10
15.81563249777777
 20
2.409567995833334
  0
LWPOLYLINE
  5
CD7
330
1F
100
AcDbEntity
  8
PDF_Geometry
370
     9
100
AcDbPolyline
 90
        3
 70
     0
 43
0.0
 10
15.1976545725
 20
2.409567995833334
 10
15.1976545725
 20
2.227815878333334
 10
15.1976545725
 20
2.046050807222223
  0
LWPOLYLINE
  5
CDA
330
1F
100
AcDbEntity
  8
PDF_Geometry
370
     9
100
AcDbPolyline
 90
        3
 70
     0
 43
0.0
 10
13.41642941583333
 20
2.409567995833334
 10
13.41642941583333
 20
2.227815878333334
 10
13.41642941583333
 20
2.046050807222223
  0
LWPOLYLINE
  5
CE2
330
1F
100
AcDbEntity
  8
PDF_Geometry
370
     9
100
AcDbPolyline
 90
        5
 70
     0
 43
0.0
 10
4.259600246179444
 20
8.160058384562779
 10
6.892965756179444
 20
8.160058384562779
 10
9.723990418123888
 20
8.160058384562779
 10
9.767436829790554
 20
8.160058384562779
 10
9.767799530901665
 20
8.160058384562779
  0
LWPOLYLINE
  5
CE3
330
1F
100
AcDbEntity
  8
PDF_Geometry
370
     9
100
AcDbPolyline
 90
        2
 70
     0
 43
0.0
 10
4.259600246179444
 20
8.325294647896111
 10
4.259600246179444
 20
8.049900875673889
  0
LWPOLYLINE
  5
CE4
330
1F
100
AcDbEntity
  8
PDF_Geometry
370
     9
100
AcDbPolyline
 90
        2
 70
     0
 43
0.0
 10
4.290753680901666
 20
8.191211819285001
 10
4.228446811457223
 20
8.128904949840556
  0
LWPOLYLINE
  5
CE5
330
1F
100
AcDbEntity
  8
PDF_Geometry
370
     9
100
AcDbPolyline
 90
        2
 70
     1
 43
0.0
 10
6.892965756179444
 20
8.049900875673889
 10
6.892965756179444
 20
8.325294647896111
  0
LWPOLYLINE
  5
CE6
330
1F
100
AcDbEntity
  8
PDF_Geometry
370
     9
100
AcDbPolyline
 90
        2
 70
     1
 43
0.0
 10
6.861812321457222
 20
8.128904949840556
 10
6.924119190901667
 20
8.191211819285001
  0
SPLINE
  5
CE7
330
1F
100
AcDbEntity
  8
PDF_Geometry
370
     9
100
AcDbSpline
210
0.0
220
0.0
230
1.0
 70
     8
 71
     3
 72
     8
 73
     4
 74
     0
 42
0.000000001
 43
0.0000000001
 40
0.0
 40
0.0
 40
0.0
 40
0.0
 40
1.0
 40
1.0
 40
1.0
 40
1.0
 10
4.259962947290556
 20
8.160058384562779
 30
0.0
 10
4.259962947290556
 20
8.159851126785001
 30
0.0
 10
4.259807503957222
 20
8.159695683451669
 30
0.0
 10
4.259600246179444
 20
8.159695683451669
 30
0.0
  0
SPLINE
  5
CE8
330
1F
100
AcDbEntity
  8
PDF_Geometry
370
     9
100
AcDbSpline
210
0.0
220
0.0
230
1.0
 70
     8
 71
     3
 72
     8
 73
     4
 74
     0
 42
0.000000001
 43
0.0000000001
 40
0.0
 40
0.0
 40
0.0
 40
0.0
 40
1.0
 40
1.0
 40
1.0
 40
1.0
 10
4.259600246179444
 20
8.159695683451669
 30
0.0
 10
4.259392988401666
 20
8.159695683451669
 30
0.0
 10
4.259237545068334
 20
8.159851126785001
 30
0.0
 10
4.259237545068334
 20
8.160058384562779
 30
0.0
  0
SPLINE
  5
CE9
330
1F
100
AcDbEntity
  8
PDF_Geometry
370
     9
100
AcDbSpline
210
0.0
220
0.0
230
1.0
 70
     8
 71
     3
 72
     8
 73
     4
 74
     0
 42
0.000000001
 43
0.0000000001
 40
0.0
 40
0.0
 40
0.0
 40
0.0
 40
1.0
 40
1.0
 40
1.0
 40
1.0
 10
4.259237545068334
 20
8.160058384562779
 30
0.0
 10
4.259237545068334
 20
8.160265642340556
 30
0.0
 10
4.259392988401666
 20
8.16042108567389
 30
0.0
 10
4.259600246179444
 20
8.16042108567389
 30
0.0
  0
SPLINE
  5
CEA
330
1F
100
AcDbEntity
  8
PDF_Geometry
370
     9
100
AcDbSpline
210
0.0
220
0.0
230
1.0
 70
     8
 71
     3
 72
     8
 73
     4
 74
     0
 42
0.000000001
 43
0.0000000001
 40
0.0
 40
0.0
 40
0.0
 40
0.0
 40
1.0
 40
1.0
 40
1.0
 40
1.0
 10
4.259600246179444
 20
8.16042108567389
 30
0.0
 10
4.259807503957222
 20
8.16042108567389
 30
0.0
 10
4.259962947290556
 20
8.160265642340556
 30
0.0
 10
4.259962947290556
 20
8.160058384562779
 30
0.0
  0
LWPOLYLINE
  5
CEB
330
1F
100
AcDbEntity
  8
PDF_Geometry
370
     9
100
AcDbPolyline
 90
        2
 70
     0
 43
0.0
 10
4.259601541540555
 20
8.160058384562779
 10
4.259962947290556
 20
8.160058384562779
  0
SPLINE
  5
CEC
330
1F
100
AcDbEntity
  8
PDF_Geometry
370
     9
100
AcDbSpline
210
0.0
220
0.0
230
1.0
 70
     8
 71
     3
 72
     8
 73
     4
 74
     0
 42
0.000000001
 43
0.0000000001
 40
0.0
 40
0.0
 40
0.0
 40
0.0
 40
1.0
 40
1.0
 40
1.0
 40
1.0
 10
6.893328457290555
 20
8.160058384562779
 30
0.0
 10
6.893328457290555
 20
8.159851126785001
 30
0.0
 10
6.893173013957222
 20
8.159695683451669
 30
0.0
 10
6.892965756179444
 20
8.159695683451669
 30
0.0
  0
SPLINE
  5
CED
330
1F
100
AcDbEntity
  8
PDF_Geometry
370
     9
100
AcDbSpline
210
0.0
220
0.0
230
1.0
 70
     8
 71
     3
 72
     8
 73
     4
 74
     0
 42
0.000000001
 43
0.0000000001
 40
0.0
 40
0.0
 40
0.0
 40
0.0
 40
1.0
 40
1.0
 40
1.0
 40
1.0
 10
6.892965756179444
 20
8.159695683451669
 30
0.0
 10
6.892758498401667
 20
8.159695683451669
 30
0.0
 10
6.892603055068333
 20
8.159851126785001
 30
0.0
 10
6.892603055068333
 20
8.160058384562779
 30
0.0
  0
SPLINE
  5
CEE
330
1F
100
AcDbEntity
  8
PDF_Geometry
370
     9
100
AcDbSpline
210
0.0
220
0.0
230
1.0
 70
     8
 71
     3
 72
     8
 73
     4
 74
     0
 42
0.000000001
 43
0.0000000001
 40
0.0
 40
0.0
 40
0.0
 40
0.0
 40
1.0
 40
1.0
 40
1.0
 40
1.0
 10
6.892603055068333
 20
8.160058384562779
 30
0.0
 10
6.892603055068333
 20
8.160265642340556
 30
0.0
 10
6.892758498401667
 20
8.16042108567389
 30
0.0
 10
6.892965756179444
 20
8.16042108567389
 30
0.0
  0
SPLINE
  5
CEF
330
1F
100
AcDbEntity
  8
PDF_Geometry
370
     9
100
AcDbSpline
210
0.0
220
0.0
230
1.0
 70
     8
 71
     3
 72
     8
 73
     4
 74
     0
 42
0.000000001
 43
0.0000000001
 40
0.0
 40
0.0
 40
0.0
 40
0.0
 40
1.0
 40
1.0
 40
1.0
 40
1.0
 10
6.892965756179444
 20
8.16042108567389
 30
0.0
 10
6.893173013957222
 20
8.16042108567389
 30
0.0
 10
6.893328457290555
 20
8.160265642340556
 30
0.0
 10
6.893328457290555
 20
8.160058384562779
 30
0.0
  0
LWPOLYLINE
  5
CF0
330
1F
100
AcDbEntity
  8
PDF_Geometry
370
     9
100
AcDbPolyline
 90
        2
 70
     1
 43
0.0
 10
6.893328457290555
 20
8.160058384562779
 10
6.892964460818333
 20
8.160058384562779
  0
LWPOLYLINE
  5
CF1
330
1F
100
AcDbEntity
  8
PDF_Geometry
370
     9
100
AcDbPolyline
 90
        6
 70
     0
 43
0.0
 10
8.342759818957222
 20
5.936752387896112
 10
8.185865681179443
 20
5.580411499840557
 10
7.826519555346111
 20
5.580411499840557
 42
1.000014243147559
 10
7.826519555346111
 20
5.325225360951668
 10
8.185865681179443
 20
5.325225360951668
 42
0.9999993779247022
 10
8.185865681179571
 20
5.580411658585568
  0
LWPOLYLINE
  5
CF6
330
1F
100
AcDbEntity
  8
PDF_Geometry
370
     9
100
AcDbPolyline
 90
        6
 70
     0
 43
0.0
 10
5.151767257846111
 20
6.520014635396112
 42
1.000014243147489
 10
5.151767257846111
 20
6.775200774285001
 10
3.870240603401667
 20
6.775200774285001
 42
1.000014243147578
 10
3.870240603401667
 20
6.520014635396112
 10
5.151767257846111
 20
6.520014635396112
 10
5.576192325901666
 20
5.83413388067389
  0
LWPOLYLINE
  5
CFB
330
1F
100
AcDbEntity
  8
PDF_Geometry
370
     9
100
AcDbPolyline
 90
        4
 70
     1
 43
0.0
 10
7.474038843401666
 20
6.732596347340557
 10
7.729237935901666
 20
6.732596347340557
 10
7.729237935901666
 20
7.771683216229446
 10
7.474038843401666
 20
7.771683216229446
  0
LWPOLYLINE
  5
CFF
330
1F
100
AcDbEntity
  8
PDF_Geometry
370
     9
100
AcDbPolyline
 90
        6
 70
     0
 43
0.0
 10
9.563430408401666
 20
5.013418987896113
 42
0.9999560526060943
 10
9.563430408401666
 20
4.758219895396113
 10
10.03165163562389
 20
4.758219895396113
 42
0.9999709202950274
 10
10.03165163562389
 20
5.013418987896113
 10
9.563430408401666
 20
5.013418987896113
 10
9.373439794234998
 20
5.86502824317389
  0
LWPOLYLINE
  5
D05
330
1F
100
AcDbEntity
  8
PDF_Geometry
370
     9
100
AcDbPolyline
 90
        2
 70
     1
 43
0.0
 10
9.723990418123888
 20
8.049900875673889
 10
9.723990418123888
 20
8.325294647896111
  0
LWPOLYLINE
  5
D06
330
1F
100
AcDbEntity
  8
PDF_Geometry
370
     9
100
AcDbPolyline
 90
        2
 70
     1
 43
0.0
 10
9.692824029790555
 20
8.128904949840556
 10
9.75514385284611
 20
8.191211819285001
  0
LWPOLYLINE
  5
D07
330
1F
100
AcDbEntity
  8
PDF_Geometry
370
     9
100
AcDbPolyline
 90
        2
 70
     0
 43
0.0
 10
9.767436829790554
 20
8.325294647896111
 10
9.767436829790554
 20
8.049900875673889
  0
LWPOLYLINE
  5
D08
330
1F
100
AcDbEntity
  8
PDF_Geometry
370
     9
100
AcDbPolyline
 90
        2
 70
     0
 43
0.0
 10
9.798590264512776
 20
8.191211819285001
 10
9.736283395068333
 20
8.128904949840556
  0
SPLINE
  5
D09
330
1F
100
AcDbEntity
  8
PDF_Geometry
370
     9
100
AcDbSpline
210
0.0
220
0.0
230
1.0
 70
     8
 71
     3
 72
     8
 73
     4
 74
     0
 42
0.000000001
 43
0.0000000001
 40
0.0
 40
0.0
 40
0.0
 40
0.0
 40
1.0
 40
1.0
 40
1.0
 40
1.0
 10
9.723990418123888
 20
8.159695683451669
 30
0.0
 10
9.72378316034611
 20
8.159695683451669
 30
0.0
 10
9.723614763401666
 20
8.159851126785001
 30
0.0
 10
9.723614763401666
 20
8.160058384562779
 30
0.0
  0
SPLINE
  5
D0A
330
1F
100
AcDbEntity
  8
PDF_Geometry
370
     9
100
AcDbSpline
210
0.0
220
0.0
230
1.0
 70
     8
 71
     3
 72
     8
 73
     4
 74
     0
 42
0.000000001
 43
0.0000000001
 40
0.0
 40
0.0
 40
0.0
 40
0.0
 40
1.0
 40
1.0
 40
1.0
 40
1.0
 10
9.723614763401666
 20
8.160058384562779
 30
0.0
 10
9.723614763401666
 20
8.160265642340556
 30
0.0
 10
9.72378316034611
 20
8.16042108567389
 30
0.0
 10
9.723990418123888
 20
8.16042108567389
 30
0.0
  0
SPLINE
  5
D0B
330
1F
100
AcDbEntity
  8
PDF_Geometry
370
     9
100
AcDbSpline
210
0.0
220
0.0
230
1.0
 70
     8
 71
     3
 72
     8
 73
     4
 74
     0
 42
0.000000001
 43
0.0000000001
 40
0.0
 40
0.0
 40
0.0
 40
0.0
 40
1.0
 40
1.0
 40
1.0
 40
1.0
 10
9.767799530901665
 20
8.160058384562779
 30
0.0
 10
9.767799530901665
 20
8.159851126785001
 30
0.0
 10
9.767644087568333
 20
8.159695683451669
 30
0.0
 10
9.767436829790554
 20
8.159695683451669
 30
0.0
  0
SPLINE
  5
D0C
330
1F
100
AcDbEntity
  8
PDF_Geometry
370
     9
100
AcDbSpline
210
0.0
220
0.0
230
1.0
 70
     8
 71
     3
 72
     8
 73
     4
 74
     0
 42
0.000000001
 43
0.0000000001
 40
0.0
 40
0.0
 40
0.0
 40
0.0
 40
1.0
 40
1.0
 40
1.0
 40
1.0
 10
9.767436829790554
 20
8.159695683451669
 30
0.0
 10
9.767229572012777
 20
8.159695683451669
 30
0.0
 10
9.767074128679444
 20
8.159851126785001
 30
0.0
 10
9.767074128679444
 20
8.160058384562779
 30
0.0
  0
SPLINE
  5
D0D
330
1F
100
AcDbEntity
  8
PDF_Geometry
370
     9
100
AcDbSpline
210
0.0
220
0.0
230
1.0
 70
     8
 71
     3
 72
     8
 73
     4
 74
     0
 42
0.000000001
 43
0.0000000001
 40
0.0
 40
0.0
 40
0.0
 40
0.0
 40
1.0
 40
1.0
 40
1.0
 40
1.0
 10
9.767074128679444
 20
8.160058384562779
 30
0.0
 10
9.767074128679444
 20
8.160265642340556
 30
0.0
 10
9.767229572012777
 20
8.16042108567389
 30
0.0
 10
9.767436829790554
 20
8.16042108567389
 30
0.0
  0
SPLINE
  5
D0E
330
1F
100
AcDbEntity
  8
PDF_Geometry
370
     9
100
AcDbSpline
210
0.0
220
0.0
230
1.0
 70
     8
 71
     3
 72
     8
 73
     4
 74
     0
 42
0.000000001
 43
0.0000000001
 40
0.0
 40
0.0
 40
0.0
 40
0.0
 40
1.0
 40
1.0
 40
1.0
 40
1.0
 10
9.767436829790554
 20
8.16042108567389
 30
0.0
 10
9.767644087568333
 20
8.16042108567389
 30
0.0
 10
9.767799530901665
 20
8.160265642340556
 30
0.0
 10
9.767799530901665
 20
8.160058384562779
 30
0.0
  0
LWPOLYLINE
  5
D10
330
1F
100
AcDbEntity
  8
PDF_Geometry
370
     9
100
AcDbPolyline
 90
        2
 70
     1
 43
0.0
 10
10.03680717284611
 20
8.160058384562779
 10
9.767436829790554
 20
8.160058384562779
  0
LWPOLYLINE
  5
D12
330
1F
100
AcDbEntity
  8
PDF_Geometry
370
     9
100
AcDbPolyline
 90
        6
 70
     0
 43
0.0
 10
4.779208448679444
 20
6.098361640118334
 42
1.000014243147231
 10
4.779208448679444
 20
6.353547779007223
 10
3.869437479512778
 20
6.353547779007223
 42
0.999999377924378
 10
3.869437479512778
 20
6.098361640118334
 10
4.779208448679444
 20
6.098361640118334
 10
4.896736562290555
 20
5.801283522896112
  0
LWPOLYLINE
  5
D17
330
1F
100
AcDbEntity
  8
PDF_Geometry
370
     9
100
AcDbPolyline
 90
        4
 70
     0
 43
0.0
 10
2.847760263957222
 20
5.220650858451667
 10
4.259600246179444
 20
5.220650858451667
 10
9.767436829790554
 20
5.220650858451667
 10
10.30904026395722
 20
5.220650858451667
  0
LWPOLYLINE
  5
D18
330
1F
100
AcDbEntity
  8
PDF_Geometry
370
     9
100
AcDbPolyline
 90
        2
 70
     0
 43
0.0
 10
2.847760263957222
 20
5.869665635951668
 10
2.847760263957222
 20
5.132514488451668
  0
LWPOLYLINE
  5
D19
330
1F
100
AcDbEntity
  8
PDF_Geometry
370
     9
100
AcDbPolyline
 90
        2
 70
     0
 43
0.0
 10
2.878913698679443
 20
5.25180429317389
 10
2.816606829235
 20
5.189484470118335
  0
LWPOLYLINE
  5
D1A
330
1F
100
AcDbEntity
  8
PDF_Geometry
370
     9
100
AcDbPolyline
 90
        2
 70
     1
 43
0.0
 10
4.259600246179444
 20
5.132514488451668
 10
4.259600246179444
 20
5.748057134840557
  0
LWPOLYLINE
  5
D1B
330
1F
100
AcDbEntity
  8
PDF_Geometry
370
     9
100
AcDbPolyline
 90
        2
 70
     1
 43
0.0
 10
4.228446811457223
 20
5.189484470118335
 10
4.290753680901666
 20
5.25180429317389
  0
SPLINE
  5
D1C
330
1F
100
AcDbEntity
  8
PDF_Geometry
370
     9
100
AcDbSpline
210
0.0
220
0.0
230
1.0
 70
     8
 71
     3
 72
     8
 73
     4
 74
     0
 42
0.000000001
 43
0.0000000001
 40
0.0
 40
0.0
 40
0.0
 40
0.0
 40
1.0
 40
1.0
 40
1.0
 40
1.0
 10
2.848122965068333
 20
5.220650858451667
 30
0.0
 10
2.848122965068333
 20
5.22044360067389
 30
0.0
 10
2.847967521734999
 20
5.220275203729446
 30
0.0
 10
2.847760263957222
 20
5.220275203729446
 30
0.0
  0
SPLINE
  5
D1D
330
1F
100
AcDbEntity
  8
PDF_Geometry
370
     9
100
AcDbSpline
210
0.0
220
0.0
230
1.0
 70
     8
 71
     3
 72
     8
 73
     4
 74
     0
 42
0.000000001
 43
0.0000000001
 40
0.0
 40
0.0
 40
0.0
 40
0.0
 40
1.0
 40
1.0
 40
1.0
 40
1.0
 10
2.847760263957222
 20
5.220275203729446
 30
0.0
 10
2.847553006179444
 20
5.220275203729446
 30
0.0
 10
2.847397562846111
 20
5.22044360067389
 30
0.0
 10
2.847397562846111
 20
5.220650858451667
 30
0.0
  0
SPLINE
  5
D1E
330
1F
100
AcDbEntity
  8
PDF_Geometry
370
     9
100
AcDbSpline
210
0.0
220
0.0
230
1.0
 70
     8
 71
     3
 72
     8
 73
     4
 74
     0
 42
0.000000001
 43
0.0000000001
 40
0.0
 40
0.0
 40
0.0
 40
0.0
 40
1.0
 40
1.0
 40
1.0
 40
1.0
 10
4.259962947290556
 20
5.220650858451667
 30
0.0
 10
4.259962947290556
 20
5.22044360067389
 30
0.0
 10
4.259807503957222
 20
5.220275203729446
 30
0.0
 10
4.259600246179444
 20
5.220275203729446
 30
0.0
  0
SPLINE
  5
D1F
330
1F
100
AcDbEntity
  8
PDF_Geometry
370
     9
100
AcDbSpline
210
0.0
220
0.0
230
1.0
 70
     8
 71
     3
 72
     8
 73
     4
 74
     0
 42
0.000000001
 43
0.0000000001
 40
0.0
 40
0.0
 40
0.0
 40
0.0
 40
1.0
 40
1.0
 40
1.0
 40
1.0
 10
4.259600246179444
 20
5.220275203729446
 30
0.0
 10
4.259392988401666
 20
5.220275203729446
 30
0.0
 10
4.259237545068334
 20
5.22044360067389
 30
0.0
 10
4.259237545068334
 20
5.220650858451667
 30
0.0
  0
LWPOLYLINE
  5
D20
330
1F
100
AcDbEntity
  8
PDF_Geometry
370
     9
100
AcDbPolyline
 90
        4
 70
     1
 43
0.0
 10
8.887718238401665
 20
6.732596347340557
 10
9.142904377290555
 20
6.732596347340557
 10
9.142904377290555
 20
7.771683216229446
 10
8.887718238401665
 20
7.771683216229446
  0
LWPOLYLINE
  5
D24
330
1F
100
AcDbEntity
  8
PDF_Geometry
370
     9
100
AcDbPolyline
 90
        6
 70
     0
 43
0.0
 10
5.001997606179444
 20
8.556076183451668
 10
5.218724473679444
 20
8.905979126785002
 10
5.997793506734999
 20
8.905979126785002
 42
0.9999560526059546
 10
5.997793506734999
 20
9.161178219285002
 10
5.218724473679444
 20
9.161178219285002
 42
0.9999709202949089
 10
5.218735531075949
 20
8.905947693319495
  0
LWPOLYLINE
  5
D29
330
1F
100
AcDbEntity
  8
PDF_Geometry
370
     9
100
AcDbPolyline
 90
        6
 70
     0
 43
0.0
 10
4.639154005346111
 20
8.521982279007223
 10
5.048721281457222
 20
9.665047784285
 10
5.739576222846111
 20
9.665047784285
 42
0.9999709202949368
 10
5.739576222846111
 20
9.920246876785
 10
5.048721281457222
 20
9.920246876785
 42
0.9999560526063586
 10
5.048710225183174
 20
9.665060579636875
  0
LWPOLYLINE
  5
D2E
330
1F
100
AcDbEntity
  8
PDF_Geometry
370
     9
100
AcDbPolyline
 90
        6
 70
     0
 43
0.0
 10
4.936944571179444
 20
8.020936601229445
 42
0.9999885450691984
 10
4.936944571179444
 20
7.765737508729445
 10
5.821339416179443
 20
7.765737508729445
 42
1.000068400551515
 10
5.821339416179443
 20
8.020936601229445
 10
4.936944571179444
 20
8.020936601229445
 10
4.725360287290555
 20
8.560130663729445
  0
LWPOLYLINE
  5
D33
330
1F
100
AcDbEntity
  8
PDF_Geometry
370
     9
100
AcDbPolyline
 90
        6
 70
     0
 43
0.0
 10
4.351402488123889
 20
5.701333459562779
 10
4.036836995901667
 20
5.036372786785001
 10
3.127066026735
 20
5.036372786785001
 42
1.000035907243295
 10
3.127066026735
 20
4.781173694285001
 10
4.036836995901667
 20
4.781173694285001
 42
0.9999560526062227
 10
4.036825938669629
 20
5.036382105936828
  0
LWPOLYLINE
  5
D38
330
1F
100
AcDbEntity
  8
PDF_Geometry
370
     9
100
AcDbPolyline
 90
        6
 70
     0
 43
0.0
 10
10.65645611395722
 20
5.445059217340557
 42
0.9999885450693023
 10
10.65645611395722
 20
5.189860124840556
 10
11.12467734117944
 20
5.189860124840556
 42
1.00006840055216
 10
11.12467734117944
 20
5.445059217340557
 10
10.65645611395722
 20
5.445059217340557
 10
9.452417961179444
 20
5.936545130118335
  0
LWPOLYLINE
  5
D3D
330
1F
100
AcDbEntity
  8
PDF_Geometry
370
     9
100
AcDbPolyline
 90
        6
 70
     0
 43
0.0
 10
6.598050892012778
 20
6.271758678451668
 42
1.000035907243234
 10
6.598050892012778
 20
6.526957770951668
 10
6.238704766179444
 20
6.526957770951668
 42
0.9999560526060173
 10
6.238704766179444
 20
6.271758678451668
 10
6.598050892012778
 20
6.271758678451668
 10
6.922020705901667
 20
6.025963907618335
  0
LWPOLYLINE
  5
D42
330
1F
100
AcDbEntity
  8
PDF_Geometry
370
     9
100
AcDbPolyline
 90
        5
 70
     0
 43
0.0
 10
2.847760263957222
 20
10.29464509872944
 10
10.18052748812389
 20
10.29464509872944
 10
10.30904026395722
 20
10.29464509872944
 10
10.67178023590166
 20
10.29464509872944
 10
10.30904026395722
 20
10.29464509872944
  0
LWPOLYLINE
  5
D43
330
1F
100
AcDbEntity
  8
PDF_Geometry
370
     9
100
AcDbPolyline
 90
        2
 70
     1
 43
0.0
 10
10.18052748812389
 20
10.40480260761833
 10
10.18052748812389
 20
10.12940883539611
  0
LWPOLYLINE
  5
D44
330
1F
100
AcDbEntity
  8
PDF_Geometry
370
     9
100
AcDbPolyline
 90
        2
 70
     1
 43
0.0
 10
10.14936109979055
 20
10.26349166400722
 10
10.21168092284611
 20
10.32579853345167
  0
LWPOLYLINE
  5
D45
330
1F
100
AcDbEntity
  8
PDF_Geometry
370
     9
100
AcDbPolyline
 90
        2
 70
     0
 43
0.0
 10
10.30904026395722
 20
10.12940883539611
 10
10.30904026395722
 20
10.40480260761833
  0
LWPOLYLINE
  5
D46
330
1F
100
AcDbEntity
  8
PDF_Geometry
370
     9
100
AcDbPolyline
 90
        2
 70
     0
 43
0.0
 10
10.34019369867944
 20
10.32579853345167
 10
10.277886829235
 20
10.26349166400722
  0
SPLINE
  5
D47
330
1F
100
AcDbEntity
  8
PDF_Geometry
370
     9
100
AcDbSpline
210
0.0
220
0.0
230
1.0
 70
     8
 71
     3
 72
     8
 73
     4
 74
     0
 42
0.000000001
 43
0.0000000001
 40
0.0
 40
0.0
 40
0.0
 40
0.0
 40
1.0
 40
1.0
 40
1.0
 40
1.0
 10
10.18052748812389
 20
10.29428239761833
 30
0.0
 10
10.18032023034611
 20
10.29428239761833
 30
0.0
 10
10.18015183340166
 20
10.29443784095167
 30
0.0
 10
10.18015183340166
 20
10.29464509872944
 30
0.0
  0
SPLINE
  5
D48
330
1F
100
AcDbEntity
  8
PDF_Geometry
370
     9
100
AcDbSpline
210
0.0
220
0.0
230
1.0
 70
     8
 71
     3
 72
     8
 73
     4
 74
     0
 42
0.000000001
 43
0.0000000001
 40
0.0
 40
0.0
 40
0.0
 40
0.0
 40
1.0
 40
1.0
 40
1.0
 40
1.0
 10
10.18015183340166
 20
10.29464509872944
 30
0.0
 10
10.18015183340166
 20
10.29485235650722
 30
0.0
 10
10.18032023034611
 20
10.29500779984055
 30
0.0
 10
10.18052748812389
 20
10.29500779984055
 30
0.0
  0
SPLINE
  5
D49
330
1F
100
AcDbEntity
  8
PDF_Geometry
370
     9
100
AcDbSpline
210
0.0
220
0.0
230
1.0
 70
     8
 71
     3
 72
     8
 73
     4
 74
     0
 42
0.000000001
 43
0.0000000001
 40
0.0
 40
0.0
 40
0.0
 40
0.0
 40
1.0
 40
1.0
 40
1.0
 40
1.0
 10
10.30940296506833
 20
10.29464509872944
 30
0.0
 10
10.30940296506833
 20
10.29443784095167
 30
0.0
 10
10.309247521735
 20
10.29428239761833
 30
0.0
 10
10.30904026395722
 20
10.29428239761833
 30
0.0
  0
SPLINE
  5
D4A
330
1F
100
AcDbEntity
  8
PDF_Geometry
370
     9
100
AcDbSpline
210
0.0
220
0.0
230
1.0
 70
     8
 71
     3
 72
     8
 73
     4
 74
     0
 42
0.000000001
 43
0.0000000001
 40
0.0
 40
0.0
 40
0.0
 40
0.0
 40
1.0
 40
1.0
 40
1.0
 40
1.0
 10
10.30904026395722
 20
10.29428239761833
 30
0.0
 10
10.30883300617944
 20
10.29428239761833
 30
0.0
 10
10.30867756284611
 20
10.29443784095167
 30
0.0
 10
10.30867756284611
 20
10.29464509872944
 30
0.0
  0
SPLINE
  5
D4B
330
1F
100
AcDbEntity
  8
PDF_Geometry
370
     9
100
AcDbSpline
210
0.0
220
0.0
230
1.0
 70
     8
 71
     3
 72
     8
 73
     4
 74
     0
 42
0.000000001
 43
0.0000000001
 40
0.0
 40
0.0
 40
0.0
 40
0.0
 40
1.0
 40
1.0
 40
1.0
 40
1.0
 10
10.30867756284611
 20
10.29464509872944
 30
0.0
 10
10.30867756284611
 20
10.29485235650722
 30
0.0
 10
10.30883300617944
 20
10.29500779984055
 30
0.0
 10
10.30904026395722
 20
10.29500779984055
 30
0.0
  0
SPLINE
  5
D4C
330
1F
100
AcDbEntity
  8
PDF_Geometry
370
     9
100
AcDbSpline
210
0.0
220
0.0
230
1.0
 70
     8
 71
     3
 72
     8
 73
     4
 74
     0
 42
0.000000001
 43
0.0000000001
 40
0.0
 40
0.0
 40
0.0
 40
0.0
 40
1.0
 40
1.0
 40
1.0
 40
1.0
 10
10.30904026395722
 20
10.29500779984055
 30
0.0
 10
10.309247521735
 20
10.29500779984055
 30
0.0
 10
10.30940296506833
 20
10.29485235650722
 30
0.0
 10
10.30940296506833
 20
10.29464509872944
 30
0.0
  0
LWPOLYLINE
  5
D4D
330
1F
100
AcDbEntity
  8
PDF_Geometry
370
     9
100
AcDbPolyline
 90
        2
 70
     0
 43
0.0
 10
10.30904026395722
 20
10.29464380336833
 10
10.30940296506833
 20
10.29464509872944
  0
LWPOLYLINE
  5
D51
330
1F
100
AcDbEntity
  8
PDF_Geometry
370
     9
100
AcDbPolyline
 90
        2
 70
     0
 43
0.0
 10
2.847760263957222
 20
10.12940883539611
 10
2.847760263957222
 20
10.40480260761833
  0
LWPOLYLINE
  5
D52
330
1F
100
AcDbEntity
  8
PDF_Geometry
370
     9
100
AcDbPolyline
 90
        2
 70
     0
 43
0.0
 10
2.878913698679443
 20
10.32579853345167
 10
2.816606829235
 20
10.26349166400722
  0
SPLINE
  5
D55
330
1F
100
AcDbEntity
  8
PDF_Geometry
370
     9
100
AcDbSpline
210
0.0
220
0.0
230
1.0
 70
     8
 71
     3
 72
     8
 73
     4
 74
     0
 42
0.000000001
 43
0.0000000001
 40
0.0
 40
0.0
 40
0.0
 40
0.0
 40
1.0
 40
1.0
 40
1.0
 40
1.0
 10
2.848122965068333
 20
10.29464509872944
 30
0.0
 10
2.848122965068333
 20
10.29443784095167
 30
0.0
 10
2.847967521734999
 20
10.29428239761833
 30
0.0
 10
2.847760263957222
 20
10.29428239761833
 30
0.0
  0
SPLINE
  5
D56
330
1F
100
AcDbEntity
  8
PDF_Geometry
370
     9
100
AcDbSpline
210
0.0
220
0.0
230
1.0
 70
     8
 71
     3
 72
     8
 73
     4
 74
     0
 42
0.000000001
 43
0.0000000001
 40
0.0
 40
0.0
 40
0.0
 40
0.0
 40
1.0
 40
1.0
 40
1.0
 40
1.0
 10
2.847760263957222
 20
10.29428239761833
 30
0.0
 10
2.847553006179444
 20
10.29428239761833
 30
0.0
 10
2.847397562846111
 20
10.29443784095167
 30
0.0
 10
2.847397562846111
 20
10.29464509872944
 30
0.0
  0
SPLINE
  5
D57
330
1F
100
AcDbEntity
  8
PDF_Geometry
370
     9
100
AcDbSpline
210
0.0
220
0.0
230
1.0
 70
     8
 71
     3
 72
     8
 73
     4
 74
     0
 42
0.000000001
 43
0.0000000001
 40
0.0
 40
0.0
 40
0.0
 40
0.0
 40
1.0
 40
1.0
 40
1.0
 40
1.0
 10
2.847397562846111
 20
10.29464509872944
 30
0.0
 10
2.847397562846111
 20
10.29485235650722
 30
0.0
 10
2.847553006179444
 20
10.29500779984055
 30
0.0
 10
2.847760263957222
 20
10.29500779984055
 30
0.0
  0
SPLINE
  5
D58
330
1F
100
AcDbEntity
  8
PDF_Geometry
370
     9
100
AcDbSpline
210
0.0
220
0.0
230
1.0
 70
     8
 71
     3
 72
     8
 73
     4
 74
     0
 42
0.000000001
 43
0.0000000001
 40
0.0
 40
0.0
 40
0.0
 40
0.0
 40
1.0
 40
1.0
 40
1.0
 40
1.0
 10
2.847760263957222
 20
10.29500779984055
 30
0.0
 10
2.847967521734999
 20
10.29500779984055
 30
0.0
 10
2.848122965068333
 20
10.29485235650722
 30
0.0
 10
2.848122965068333
 20
10.29464509872944
 30
0.0
  0
LWPOLYLINE
  5
D59
330
1F
100
AcDbEntity
  8
PDF_Geometry
370
     9
100
AcDbPolyline
 90
        2
 70
     0
 43
0.0
 10
2.847760263957222
 20
10.29464380336833
 10
2.848122965068333
 20
10.29464509872944
  0
SPLINE
  5
D5A
330
1F
100
AcDbEntity
  8
PDF_Geometry
370
     9
100
AcDbSpline
210
0.0
220
0.0
230
1.0
 70
     8
 71
     3
 72
     8
 73
     4
 74
     0
 42
0.000000001
 43
0.0000000001
 40
0.0
 40
0.0
 40
0.0
 40
0.0
 40
1.0
 40
1.0
 40
1.0
 40
1.0
 10
10.18052748812389
 20
10.29428239761833
 30
0.0
 10
10.18032023034611
 20
10.29428239761833
 30
0.0
 10
10.18015183340166
 20
10.29443784095167
 30
0.0
 10
10.18015183340166
 20
10.29464509872944
 30
0.0
  0
SPLINE
  5
D5B
330
1F
100
AcDbEntity
  8
PDF_Geometry
370
     9
100
AcDbSpline
210
0.0
220
0.0
230
1.0
 70
     8
 71
     3
 72
     8
 73
     4
 74
     0
 42
0.000000001
 43
0.0000000001
 40
0.0
 40
0.0
 40
0.0
 40
0.0
 40
1.0
 40
1.0
 40
1.0
 40
1.0
 10
10.18015183340166
 20
10.29464509872944
 30
0.0
 10
10.18015183340166
 20
10.29485235650722
 30
0.0
 10
10.18032023034611
 20
10.29500779984055
 30
0.0
 10
10.18052748812389
 20
10.29500779984055
 30
0.0
  0
LWPOLYLINE
  5
D5C
330
1F
100
AcDbEntity
  8
PDF_Geometry
370
     9
100
AcDbPolyline
 90
        2
 70
     0
 43
0.0
 10
10.67271289590166
 20
5.903940890951668
 10
10.67271289590166
 20
8.60400454456278
  0
LWPOLYLINE
  5
D5D
330
1F
100
AcDbEntity
  8
PDF_Geometry
370
     9
100
AcDbPolyline
 90
        2
 70
     0
 43
0.0
 10
9.760700952012777
 20
5.903940890951668
 10
10.76083631229055
 20
5.903940890951668
  0
LWPOLYLINE
  5
D5E
330
1F
100
AcDbEntity
  8
PDF_Geometry
370
     9
100
AcDbPolyline
 90
        2
 70
     0
 43
0.0
 10
10.64155946117944
 20
5.93509432567389
 10
10.70386633062389
 20
5.872787456229445
  0
LWPOLYLINE
  5
D5F
330
1F
100
AcDbEntity
  8
PDF_Geometry
370
     9
100
AcDbPolyline
 90
        2
 70
     0
 43
0.0
 10
9.804160317290556
 20
8.60400454456278
 10
10.76083631229055
 20
8.60400454456278
  0
LWPOLYLINE
  5
D60
330
1F
100
AcDbEntity
  8
PDF_Geometry
370
     9
100
AcDbPolyline
 90
        2
 70
     0
 43
0.0
 10
10.64155946117944
 20
8.635157979285001
 10
10.70386633062389
 20
8.572851109840556
  0
SPLINE
  5
D61
330
1F
100
AcDbEntity
  8
PDF_Geometry
370
     9
100
AcDbSpline
210
0.0
220
0.0
230
1.0
 70
     8
 71
     3
 72
     8
 73
     4
 74
     0
 42
0.000000001
 43
0.0000000001
 40
0.0
 40
0.0
 40
0.0
 40
0.0
 40
1.0
 40
1.0
 40
1.0
 40
1.0
 10
10.67307559701277
 20
5.903940890951668
 30
0.0
 10
10.67307559701277
 20
5.90373363317389
 30
0.0
 10
10.67292015367944
 20
5.903578189840557
 30
0.0
 10
10.67271289590166
 20
5.903578189840557
 30
0.0
  0
SPLINE
  5
D62
330
1F
100
AcDbEntity
  8
PDF_Geometry
370
     9
100
AcDbSpline
210
0.0
220
0.0
230
1.0
 70
     8
 71
     3
 72
     8
 73
     4
 74
     0
 42
0.000000001
 43
0.0000000001
 40
0.0
 40
0.0
 40
0.0
 40
0.0
 40
1.0
 40
1.0
 40
1.0
 40
1.0
 10
10.67271289590166
 20
5.903578189840557
 30
0.0
 10
10.67250563812389
 20
5.903578189840557
 30
0.0
 10
10.67233724117944
 20
5.90373363317389
 30
0.0
 10
10.67233724117944
 20
5.903940890951668
 30
0.0
  0
SPLINE
  5
D63
330
1F
100
AcDbEntity
  8
PDF_Geometry
370
     9
100
AcDbSpline
210
0.0
220
0.0
230
1.0
 70
     8
 71
     3
 72
     8
 73
     4
 74
     0
 42
0.000000001
 43
0.0000000001
 40
0.0
 40
0.0
 40
0.0
 40
0.0
 40
1.0
 40
1.0
 40
1.0
 40
1.0
 10
10.67233724117944
 20
5.903940890951668
 30
0.0
 10
10.67233724117944
 20
5.904148148729445
 30
0.0
 10
10.67250563812389
 20
5.904303592062779
 30
0.0
 10
10.67271289590166
 20
5.904303592062779
 30
0.0
  0
SPLINE
  5
D64
330
1F
100
AcDbEntity
  8
PDF_Geometry
370
     9
100
AcDbSpline
210
0.0
220
0.0
230
1.0
 70
     8
 71
     3
 72
     8
 73
     4
 74
     0
 42
0.000000001
 43
0.0000000001
 40
0.0
 40
0.0
 40
0.0
 40
0.0
 40
1.0
 40
1.0
 40
1.0
 40
1.0
 10
10.67271289590166
 20
5.904303592062779
 30
0.0
 10
10.67292015367944
 20
5.904303592062779
 30
0.0
 10
10.67307559701277
 20
5.904148148729445
 30
0.0
 10
10.67307559701277
 20
5.903940890951668
 30
0.0
  0
LWPOLYLINE
  5
D65
330
1F
100
AcDbEntity
  8
PDF_Geometry
370
     9
100
AcDbPolyline
 90
        2
 70
     0
 43
0.0
 10
10.67271030517944
 20
5.903940890951668
 10
10.67307559701277
 20
5.903940890951668
  0
SPLINE
  5
D66
330
1F
100
AcDbEntity
  8
PDF_Geometry
370
     9
100
AcDbSpline
210
0.0
220
0.0
230
1.0
 70
     8
 71
     3
 72
     8
 73
     4
 74
     0
 42
0.000000001
 43
0.0000000001
 40
0.0
 40
0.0
 40
0.0
 40
0.0
 40
1.0
 40
1.0
 40
1.0
 40
1.0
 10
10.67307559701277
 20
8.60400454456278
 30
0.0
 10
10.67307559701277
 20
8.603797286785001
 30
0.0
 10
10.67292015367944
 20
8.603641843451669
 30
0.0
 10
10.67271289590166
 20
8.603641843451669
 30
0.0
  0
SPLINE
  5
D67
330
1F
100
AcDbEntity
  8
PDF_Geometry
370
     9
100
AcDbSpline
210
0.0
220
0.0
230
1.0
 70
     8
 71
     3
 72
     8
 73
     4
 74
     0
 42
0.000000001
 43
0.0000000001
 40
0.0
 40
0.0
 40
0.0
 40
0.0
 40
1.0
 40
1.0
 40
1.0
 40
1.0
 10
10.67271289590166
 20
8.603641843451669
 30
0.0
 10
10.67250563812389
 20
8.603641843451669
 30
0.0
 10
10.67233724117944
 20
8.603797286785001
 30
0.0
 10
10.67233724117944
 20
8.60400454456278
 30
0.0
  0
SPLINE
  5
D68
330
1F
100
AcDbEntity
  8
PDF_Geometry
370
     9
100
AcDbSpline
210
0.0
220
0.0
230
1.0
 70
     8
 71
     3
 72
     8
 73
     4
 74
     0
 42
0.000000001
 43
0.0000000001
 40
0.0
 40
0.0
 40
0.0
 40
0.0
 40
1.0
 40
1.0
 40
1.0
 40
1.0
 10
10.67233724117944
 20
8.60400454456278
 30
0.0
 10
10.67233724117944
 20
8.604211802340557
 30
0.0
 10
10.67250563812389
 20
8.604367245673889
 30
0.0
 10
10.67271289590166
 20
8.604367245673889
 30
0.0
  0
SPLINE
  5
D69
330
1F
100
AcDbEntity
  8
PDF_Geometry
370
     9
100
AcDbSpline
210
0.0
220
0.0
230
1.0
 70
     8
 71
     3
 72
     8
 73
     4
 74
     0
 42
0.000000001
 43
0.0000000001
 40
0.0
 40
0.0
 40
0.0
 40
0.0
 40
1.0
 40
1.0
 40
1.0
 40
1.0
 10
10.67271289590166
 20
8.604367245673889
 30
0.0
 10
10.67292015367944
 20
8.604367245673889
 30
0.0
 10
10.67307559701277
 20
8.604211802340557
 30
0.0
 10
10.67307559701277
 20
8.60400454456278
 30
0.0
  0
LWPOLYLINE
  5
D6A
330
1F
100
AcDbEntity
  8
PDF_Geometry
370
     9
100
AcDbPolyline
 90
        2
 70
     0
 43
0.0
 10
10.67271030517944
 20
8.60400454456278
 10
10.67307559701277
 20
8.60400454456278
  0
SPLINE
  5
D70
330
1F
100
AcDbEntity
  8
PDF_Geometry
370
     9
100
AcDbSpline
210
0.0
220
0.0
230
1.0
 70
     8
 71
     3
 72
     8
 73
     4
 74
     0
 42
0.000000001
 43
0.0000000001
 40
0.0
 40
0.0
 40
0.0
 40
0.0
 40
1.0
 40
1.0
 40
1.0
 40
1.0
 10
6.893328457290555
 20
8.160058384562779
 30
0.0
 10
6.893328457290555
 20
8.159851126785001
 30
0.0
 10
6.893173013957222
 20
8.159695683451669
 30
0.0
 10
6.892965756179444
 20
8.159695683451669
 30
0.0
  0
SPLINE
  5
D71
330
1F
100
AcDbEntity
  8
PDF_Geometry
370
     9
100
AcDbSpline
210
0.0
220
0.0
230
1.0
 70
     8
 71
     3
 72
     8
 73
     4
 74
     0
 42
0.000000001
 43
0.0000000001
 40
0.0
 40
0.0
 40
0.0
 40
0.0
 40
1.0
 40
1.0
 40
1.0
 40
1.0
 10
6.892965756179444
 20
8.159695683451669
 30
0.0
 10
6.892758498401667
 20
8.159695683451669
 30
0.0
 10
6.892603055068333
 20
8.159851126785001
 30
0.0
 10
6.892603055068333
 20
8.160058384562779
 30
0.0
  0
SPLINE
  5
D72
330
1F
100
AcDbEntity
  8
PDF_Geometry
370
     9
100
AcDbSpline
210
0.0
220
0.0
230
1.0
 70
     8
 71
     3
 72
     8
 73
     4
 74
     0
 42
0.000000001
 43
0.0000000001
 40
0.0
 40
0.0
 40
0.0
 40
0.0
 40
1.0
 40
1.0
 40
1.0
 40
1.0
 10
6.892603055068333
 20
8.160058384562779
 30
0.0
 10
6.892603055068333
 20
8.160265642340556
 30
0.0
 10
6.892758498401667
 20
8.16042108567389
 30
0.0
 10
6.892965756179444
 20
8.16042108567389
 30
0.0
  0
SPLINE
  5
D73
330
1F
100
AcDbEntity
  8
PDF_Geometry
370
     9
100
AcDbSpline
210
0.0
220
0.0
230
1.0
 70
     8
 71
     3
 72
     8
 73
     4
 74
     0
 42
0.000000001
 43
0.0000000001
 40
0.0
 40
0.0
 40
0.0
 40
0.0
 40
1.0
 40
1.0
 40
1.0
 40
1.0
 10
6.892965756179444
 20
8.16042108567389
 30
0.0
 10
6.893173013957222
 20
8.16042108567389
 30
0.0
 10
6.893328457290555
 20
8.160265642340556
 30
0.0
 10
6.893328457290555
 20
8.160058384562779
 30
0.0
  0
SPLINE
  5
D75
330
1F
100
AcDbEntity
  8
PDF_Geometry
370
     9
100
AcDbSpline
210
0.0
220
0.0
230
1.0
 70
     8
 71
     3
 72
     8
 73
     4
 74
     0
 42
0.000000001
 43
0.0000000001
 40
0.0
 40
0.0
 40
0.0
 40
0.0
 40
1.0
 40
1.0
 40
1.0
 40
1.0
 10
9.723990418123888
 20
8.159695683451669
 30
0.0
 10
9.72378316034611
 20
8.159695683451669
 30
0.0
 10
9.723614763401666
 20
8.159851126785001
 30
0.0
 10
9.723614763401666
 20
8.160058384562779
 30
0.0
  0
SPLINE
  5
D76
330
1F
100
AcDbEntity
  8
PDF_Geometry
370
     9
100
AcDbSpline
210
0.0
220
0.0
230
1.0
 70
     8
 71
     3
 72
     8
 73
     4
 74
     0
 42
0.000000001
 43
0.0000000001
 40
0.0
 40
0.0
 40
0.0
 40
0.0
 40
1.0
 40
1.0
 40
1.0
 40
1.0
 10
9.723614763401666
 20
8.160058384562779
 30
0.0
 10
9.723614763401666
 20
8.160265642340556
 30
0.0
 10
9.72378316034611
 20
8.16042108567389
 30
0.0
 10
9.723990418123888
 20
8.16042108567389
 30
0.0
  0
LWPOLYLINE
  5
D77
330
1F
100
AcDbEntity
  8
PDF_Geometry
370
     9
100
AcDbPolyline
 90
        4
 70
     0
 43
0.0
 10
2.847760263957222
 20
8.836638446507222
 10
4.259600246179444
 20
8.836638446507222
 10
9.767436829790554
 20
8.836638446507222
 10
10.30904026395722
 20
8.836638446507222
  0
LWPOLYLINE
  5
D78
330
1F
100
AcDbEntity
  8
PDF_Geometry
370
     9
100
AcDbPolyline
 90
        2
 70
     1
 43
0.0
 10
9.767436829790554
 20
8.946795955396112
 10
9.767436829790554
 20
8.67140218317389
  0
LWPOLYLINE
  5
D79
330
1F
100
AcDbEntity
  8
PDF_Geometry
370
     9
100
AcDbPolyline
 90
        2
 70
     1
 43
0.0
 10
9.736283395068333
 20
8.805485011785002
 10
9.798590264512776
 20
8.867791881229445
  0
LWPOLYLINE
  5
D7A
330
1F
100
AcDbEntity
  8
PDF_Geometry
370
     9
100
AcDbPolyline
 90
        2
 70
     0
 43
0.0
 10
10.30904026395722
 20
8.67140218317389
 10
10.30904026395722
 20
8.946795955396112
  0
LWPOLYLINE
  5
D7B
330
1F
100
AcDbEntity
  8
PDF_Geometry
370
     9
100
AcDbPolyline
 90
        2
 70
     0
 43
0.0
 10
10.34019369867944
 20
8.867791881229445
 10
10.277886829235
 20
8.805485011785002
  0
SPLINE
  5
D7C
330
1F
100
AcDbEntity
  8
PDF_Geometry
370
     9
100
AcDbSpline
210
0.0
220
0.0
230
1.0
 70
     8
 71
     3
 72
     8
 73
     4
 74
     0
 42
0.000000001
 43
0.0000000001
 40
0.0
 40
0.0
 40
0.0
 40
0.0
 40
1.0
 40
1.0
 40
1.0
 40
1.0
 10
9.767074128679444
 20
8.836638446507222
 30
0.0
 10
9.767074128679444
 20
8.836845704285002
 30
0.0
 10
9.767229572012777
 20
8.837014101229446
 30
0.0
 10
9.767436829790554
 20
8.837014101229446
 30
0.0
  0
SPLINE
  5
D7D
330
1F
100
AcDbEntity
  8
PDF_Geometry
370
     9
100
AcDbSpline
210
0.0
220
0.0
230
1.0
 70
     8
 71
     3
 72
     8
 73
     4
 74
     0
 42
0.000000001
 43
0.0000000001
 40
0.0
 40
0.0
 40
0.0
 40
0.0
 40
1.0
 40
1.0
 40
1.0
 40
1.0
 10
9.767436829790554
 20
8.837014101229446
 30
0.0
 10
9.767644087568333
 20
8.837014101229446
 30
0.0
 10
9.767799530901665
 20
8.836845704285002
 30
0.0
 10
9.767799530901665
 20
8.836638446507222
 30
0.0
  0
SPLINE
  5
D7E
330
1F
100
AcDbEntity
  8
PDF_Geometry
370
     9
100
AcDbSpline
210
0.0
220
0.0
230
1.0
 70
     8
 71
     3
 72
     8
 73
     4
 74
     0
 42
0.000000001
 43
0.0000000001
 40
0.0
 40
0.0
 40
0.0
 40
0.0
 40
1.0
 40
1.0
 40
1.0
 40
1.0
 10
10.30867756284611
 20
8.836638446507222
 30
0.0
 10
10.30867756284611
 20
8.836845704285002
 30
0.0
 10
10.30883300617944
 20
8.837014101229446
 30
0.0
 10
10.30904026395722
 20
8.837014101229446
 30
0.0
  0
SPLINE
  5
D7F
330
1F
100
AcDbEntity
  8
PDF_Geometry
370
     9
100
AcDbSpline
210
0.0
220
0.0
230
1.0
 70
     8
 71
     3
 72
     8
 73
     4
 74
     0
 42
0.000000001
 43
0.0000000001
 40
0.0
 40
0.0
 40
0.0
 40
0.0
 40
1.0
 40
1.0
 40
1.0
 40
1.0
 10
10.30904026395722
 20
8.837014101229446
 30
0.0
 10
10.309247521735
 20
8.837014101229446
 30
0.0
 10
10.30940296506833
 20
8.836845704285002
 30
0.0
 10
10.30940296506833
 20
8.836638446507222
 30
0.0
  0
LWPOLYLINE
  5
D81
330
1F
100
AcDbEntity
  8
PDF_Geometry
370
     9
100
AcDbPolyline
 90
        2
 70
     1
 43
0.0
 10
4.259600246179444
 20
8.946795955396112
 10
4.259600246179444
 20
8.67140218317389
  0
LWPOLYLINE
  5
D82
330
1F
100
AcDbEntity
  8
PDF_Geometry
370
     9
100
AcDbPolyline
 90
        2
 70
     1
 43
0.0
 10
4.228446811457223
 20
8.805485011785002
 10
4.290753680901666
 20
8.867791881229445
  0
SPLINE
  5
D85
330
1F
100
AcDbEntity
  8
PDF_Geometry
370
     9
100
AcDbSpline
210
0.0
220
0.0
230
1.0
 70
     8
 71
     3
 72
     8
 73
     4
 74
     0
 42
0.000000001
 43
0.0000000001
 40
0.0
 40
0.0
 40
0.0
 40
0.0
 40
1.0
 40
1.0
 40
1.0
 40
1.0
 10
4.259237545068334
 20
8.836638446507222
 30
0.0
 10
4.259237545068334
 20
8.836845704285002
 30
0.0
 10
4.259392988401666
 20
8.837014101229446
 30
0.0
 10
4.259600246179444
 20
8.837014101229446
 30
0.0
  0
SPLINE
  5
D86
330
1F
100
AcDbEntity
  8
PDF_Geometry
370
     9
100
AcDbSpline
210
0.0
220
0.0
230
1.0
 70
     8
 71
     3
 72
     8
 73
     4
 74
     0
 42
0.000000001
 43
0.0000000001
 40
0.0
 40
0.0
 40
0.0
 40
0.0
 40
1.0
 40
1.0
 40
1.0
 40
1.0
 10
4.259600246179444
 20
8.837014101229446
 30
0.0
 10
4.259807503957222
 20
8.837014101229446
 30
0.0
 10
4.259962947290556
 20
8.836845704285002
 30
0.0
 10
4.259962947290556
 20
8.836638446507222
 30
0.0
  0
SPLINE
  5
D87
330
1F
100
AcDbEntity
  8
PDF_Geometry
370
     9
100
AcDbSpline
210
0.0
220
0.0
230
1.0
 70
     8
 71
     3
 72
     8
 73
     4
 74
     0
 42
0.000000001
 43
0.0000000001
 40
0.0
 40
0.0
 40
0.0
 40
0.0
 40
1.0
 40
1.0
 40
1.0
 40
1.0
 10
9.767074128679444
 20
8.836638446507222
 30
0.0
 10
9.767074128679444
 20
8.836845704285002
 30
0.0
 10
9.767229572012777
 20
8.837014101229446
 30
0.0
 10
9.767436829790554
 20
8.837014101229446
 30
0.0
  0
SPLINE
  5
D88
330
1F
100
AcDbEntity
  8
PDF_Geometry
370
     9
100
AcDbSpline
210
0.0
220
0.0
230
1.0
 70
     8
 71
     3
 72
     8
 73
     4
 74
     0
 42
0.000000001
 43
0.0000000001
 40
0.0
 40
0.0
 40
0.0
 40
0.0
 40
1.0
 40
1.0
 40
1.0
 40
1.0
 10
9.767436829790554
 20
8.837014101229446
 30
0.0
 10
9.767644087568333
 20
8.837014101229446
 30
0.0
 10
9.767799530901665
 20
8.836845704285002
 30
0.0
 10
9.767799530901665
 20
8.836638446507222
 30
0.0
  0
LWPOLYLINE
  5
D8A
330
1F
100
AcDbEntity
  8
PDF_Geometry
370
     9
100
AcDbPolyline
 90
        2
 70
     0
 43
0.0
 10
2.847760263957222
 20
8.67140218317389
 10
2.847760263957222
 20
8.946795955396112
  0
LWPOLYLINE
  5
D8B
330
1F
100
AcDbEntity
  8
PDF_Geometry
370
     9
100
AcDbPolyline
 90
        2
 70
     0
 43
0.0
 10
2.878913698679443
 20
8.867791881229445
 10
2.816606829235
 20
8.805485011785002
  0
SPLINE
  5
D8E
330
1F
100
AcDbEntity
  8
PDF_Geometry
370
     9
100
AcDbSpline
210
0.0
220
0.0
230
1.0
 70
     8
 71
     3
 72
     8
 73
     4
 74
     0
 42
0.000000001
 43
0.0000000001
 40
0.0
 40
0.0
 40
0.0
 40
0.0
 40
1.0
 40
1.0
 40
1.0
 40
1.0
 10
2.847397562846111
 20
8.836638446507222
 30
0.0
 10
2.847397562846111
 20
8.836845704285002
 30
0.0
 10
2.847553006179444
 20
8.837014101229446
 30
0.0
 10
2.847760263957222
 20
8.837014101229446
 30
0.0
  0
SPLINE
  5
D8F
330
1F
100
AcDbEntity
  8
PDF_Geometry
370
     9
100
AcDbSpline
210
0.0
220
0.0
230
1.0
 70
     8
 71
     3
 72
     8
 73
     4
 74
     0
 42
0.000000001
 43
0.0000000001
 40
0.0
 40
0.0
 40
0.0
 40
0.0
 40
1.0
 40
1.0
 40
1.0
 40
1.0
 10
2.847760263957222
 20
8.837014101229446
 30
0.0
 10
2.847967521734999
 20
8.837014101229446
 30
0.0
 10
2.848122965068333
 20
8.836845704285002
 30
0.0
 10
2.848122965068333
 20
8.836638446507222
 30
0.0
  0
SPLINE
  5
D90
330
1F
100
AcDbEntity
  8
PDF_Geometry
370
     9
100
AcDbSpline
210
0.0
220
0.0
230
1.0
 70
     8
 71
     3
 72
     8
 73
     4
 74
     0
 42
0.000000001
 43
0.0000000001
 40
0.0
 40
0.0
 40
0.0
 40
0.0
 40
1.0
 40
1.0
 40
1.0
 40
1.0
 10
4.259237545068334
 20
8.836638446507222
 30
0.0
 10
4.259237545068334
 20
8.836845704285002
 30
0.0
 10
4.259392988401666
 20
8.837014101229446
 30
0.0
 10
4.259600246179444
 20
8.837014101229446
 30
0.0
  0
SPLINE
  5
D91
330
1F
100
AcDbEntity
  8
PDF_Geometry
370
     9
100
AcDbSpline
210
0.0
220
0.0
230
1.0
 70
     8
 71
     3
 72
     8
 73
     4
 74
     0
 42
0.000000001
 43
0.0000000001
 40
0.0
 40
0.0
 40
0.0
 40
0.0
 40
1.0
 40
1.0
 40
1.0
 40
1.0
 10
4.259600246179444
 20
8.837014101229446
 30
0.0
 10
4.259807503957222
 20
8.837014101229446
 30
0.0
 10
4.259962947290556
 20
8.836845704285002
 30
0.0
 10
4.259962947290556
 20
8.836638446507222
 30
0.0
  0
LWPOLYLINE
  5
D93
330
1F
100
AcDbEntity
  8
PDF_Geometry
370
     9
100
AcDbPolyline
 90
        2
 70
     1
 43
0.0
 10
9.767436829790554
 20
5.132514488451668
 10
9.767436829790554
 20
5.748057134840557
  0
LWPOLYLINE
  5
D94
330
1F
100
AcDbEntity
  8
PDF_Geometry
370
     9
100
AcDbPolyline
 90
        2
 70
     1
 43
0.0
 10
9.736283395068333
 20
5.189484470118335
 10
9.798590264512776
 20
5.25180429317389
  0
LWPOLYLINE
  5
D95
330
1F
100
AcDbEntity
  8
PDF_Geometry
370
     9
100
AcDbPolyline
 90
        2
 70
     0
 43
0.0
 10
10.30904026395722
 20
5.869665635951668
 10
10.30904026395722
 20
5.132514488451668
  0
LWPOLYLINE
  5
D96
330
1F
100
AcDbEntity
  8
PDF_Geometry
370
     9
100
AcDbPolyline
 90
        2
 70
     0
 43
0.0
 10
10.34019369867944
 20
5.25180429317389
 10
10.277886829235
 20
5.189484470118335
  0
SPLINE
  5
D97
330
1F
100
AcDbEntity
  8
PDF_Geometry
370
     9
100
AcDbSpline
210
0.0
220
0.0
230
1.0
 70
     8
 71
     3
 72
     8
 73
     4
 74
     0
 42
0.000000001
 43
0.0000000001
 40
0.0
 40
0.0
 40
0.0
 40
0.0
 40
1.0
 40
1.0
 40
1.0
 40
1.0
 10
9.767799530901665
 20
5.220650858451667
 30
0.0
 10
9.767799530901665
 20
5.22044360067389
 30
0.0
 10
9.767644087568333
 20
5.220275203729446
 30
0.0
 10
9.767436829790554
 20
5.220275203729446
 30
0.0
  0
SPLINE
  5
D98
330
1F
100
AcDbEntity
  8
PDF_Geometry
370
     9
100
AcDbSpline
210
0.0
220
0.0
230
1.0
 70
     8
 71
     3
 72
     8
 73
     4
 74
     0
 42
0.000000001
 43
0.0000000001
 40
0.0
 40
0.0
 40
0.0
 40
0.0
 40
1.0
 40
1.0
 40
1.0
 40
1.0
 10
9.767436829790554
 20
5.220275203729446
 30
0.0
 10
9.767229572012777
 20
5.220275203729446
 30
0.0
 10
9.767074128679444
 20
5.22044360067389
 30
0.0
 10
9.767074128679444
 20
5.220650858451667
 30
0.0
  0
SPLINE
  5
D99
330
1F
100
AcDbEntity
  8
PDF_Geometry
370
     9
100
AcDbSpline
210
0.0
220
0.0
230
1.0
 70
     8
 71
     3
 72
     8
 73
     4
 74
     0
 42
0.000000001
 43
0.0000000001
 40
0.0
 40
0.0
 40
0.0
 40
0.0
 40
1.0
 40
1.0
 40
1.0
 40
1.0
 10
10.30940296506833
 20
5.220650858451667
 30
0.0
 10
10.30940296506833
 20
5.22044360067389
 30
0.0
 10
10.309247521735
 20
5.220275203729446
 30
0.0
 10
10.30904026395722
 20
5.220275203729446
 30
0.0
  0
SPLINE
  5
D9A
330
1F
100
AcDbEntity
  8
PDF_Geometry
370
     9
100
AcDbSpline
210
0.0
220
0.0
230
1.0
 70
     8
 71
     3
 72
     8
 73
     4
 74
     0
 42
0.000000001
 43
0.0000000001
 40
0.0
 40
0.0
 40
0.0
 40
0.0
 40
1.0
 40
1.0
 40
1.0
 40
1.0
 10
10.30904026395722
 20
5.220275203729446
 30
0.0
 10
10.30883300617944
 20
5.220275203729446
 30
0.0
 10
10.30867756284611
 20
5.22044360067389
 30
0.0
 10
10.30867756284611
 20
5.220650858451667
 30
0.0
  0
SPLINE
  5
DA0
330
1F
100
AcDbEntity
  8
PDF_Geometry
370
     9
100
AcDbSpline
210
0.0
220
0.0
230
1.0
 70
     8
 71
     3
 72
     8
 73
     4
 74
     0
 42
0.000000001
 43
0.0000000001
 40
0.0
 40
0.0
 40
0.0
 40
0.0
 40
1.0
 40
1.0
 40
1.0
 40
1.0
 10
4.259962947290556
 20
5.220650858451667
 30
0.0
 10
4.259962947290556
 20
5.22044360067389
 30
0.0
 10
4.259807503957222
 20
5.220275203729446
 30
0.0
 10
4.259600246179444
 20
5.220275203729446
 30
0.0
  0
SPLINE
  5
DA1
330
1F
100
AcDbEntity
  8
PDF_Geometry
370
     9
100
AcDbSpline
210
0.0
220
0.0
230
1.0
 70
     8
 71
     3
 72
     8
 73
     4
 74
     0
 42
0.000000001
 43
0.0000000001
 40
0.0
 40
0.0
 40
0.0
 40
0.0
 40
1.0
 40
1.0
 40
1.0
 40
1.0
 10
4.259600246179444
 20
5.220275203729446
 30
0.0
 10
4.259392988401666
 20
5.220275203729446
 30
0.0
 10
4.259237545068334
 20
5.22044360067389
 30
0.0
 10
4.259237545068334
 20
5.220650858451667
 30
0.0
  0
SPLINE
  5
DA2
330
1F
100
AcDbEntity
  8
PDF_Geometry
370
     9
100
AcDbSpline
210
0.0
220
0.0
230
1.0
 70
     8
 71
     3
 72
     8
 73
     4
 74
     0
 42
0.000000001
 43
0.0000000001
 40
0.0
 40
0.0
 40
0.0
 40
0.0
 40
1.0
 40
1.0
 40
1.0
 40
1.0
 10
9.767799530901665
 20
5.220650858451667
 30
0.0
 10
9.767799530901665
 20
5.22044360067389
 30
0.0
 10
9.767644087568333
 20
5.220275203729446
 30
0.0
 10
9.767436829790554
 20
5.220275203729446
 30
0.0
  0
SPLINE
  5
DA3
330
1F
100
AcDbEntity
  8
PDF_Geometry
370
     9
100
AcDbSpline
210
0.0
220
0.0
230
1.0
 70
     8
 71
     3
 72
     8
 73
     4
 74
     0
 42
0.000000001
 43
0.0000000001
 40
0.0
 40
0.0
 40
0.0
 40
0.0
 40
1.0
 40
1.0
 40
1.0
 40
1.0
 10
9.767436829790554
 20
5.220275203729446
 30
0.0
 10
9.767229572012777
 20
5.220275203729446
 30
0.0
 10
9.767074128679444
 20
5.22044360067389
 30
0.0
 10
9.767074128679444
 20
5.220650858451667
 30
0.0
  0
LWPOLYLINE
  5
DA4
330
1F
100
AcDbEntity
  8
PDF_Geometry
370
     9
100
AcDbPolyline
 90
        8
 70
     0
 43
0.0
 10
3.727880456151391
 20
2.344997754873059
 10
3.727880456151391
 20
2.075627411817499
 10
3.727880456151391
 20
2.344997754873059
 10
3.727880456151391
 20
2.430672938761944
 10
3.727880456151391
 20
2.524923413206391
 10
3.727880456151391
 20
2.531037517650833
 10
3.727880456151391
 20
2.707025278206391
 10
3.727880456151391
 20
2.531037517650833
  0
LWPOLYLINE
  5
DA5
330
1F
100
AcDbEntity
  8
PDF_Geometry
370
     9
100
AcDbPolyline
 90
        2
 70
     1
 43
0.0
 10
3.628733516706945
 20
2.430672938761944
 10
4.297683901706944
 20
2.430672938761944
  0
LWPOLYLINE
  5
DA6
330
1F
100
AcDbEntity
  8
PDF_Geometry
370
     9
100
AcDbPolyline
 90
        2
 70
     1
 43
0.0
 10
3.759033890873612
 20
2.399519504039727
 10
3.696714067818057
 20
2.461826373484168
  0
LWPOLYLINE
  5
DA7
330
1F
100
AcDbEntity
  8
PDF_Geometry
370
     9
100
AcDbPolyline
 90
        3
 70
     0
 43
0.0
 10
3.6397570397625
 20
2.524923413206391
 10
4.386429091429167
 20
2.524923413206391
 10
3.628733516706945
 20
2.524923413206391
  0
LWPOLYLINE
  5
DA8
330
1F
100
AcDbEntity
  8
PDF_Geometry
370
     9
100
AcDbPolyline
 90
        2
 70
     1
 43
0.0
 10
3.759033890873612
 20
2.493757024873058
 10
3.696714067818057
 20
2.556076847928611
  0
SPLINE
  5
DA9
330
1F
100
AcDbEntity
  8
PDF_Geometry
370
     9
100
AcDbSpline
210
0.0
220
0.0
230
1.0
 70
     8
 71
     3
 72
     8
 73
     4
 74
     0
 42
0.000000001
 43
0.0000000001
 40
0.0
 40
0.0
 40
0.0
 40
0.0
 40
1.0
 40
1.0
 40
1.0
 40
1.0
 10
3.727880456151391
 20
2.430310237650832
 30
0.0
 10
3.727673198373613
 20
2.430310237650832
 30
0.0
 10
3.727504801429168
 20
2.43046568098417
 30
0.0
 10
3.727504801429168
 20
2.430672938761944
 30
0.0
  0
SPLINE
  5
DAA
330
1F
100
AcDbEntity
  8
PDF_Geometry
370
     9
100
AcDbSpline
210
0.0
220
0.0
230
1.0
 70
     8
 71
     3
 72
     8
 73
     4
 74
     0
 42
0.000000001
 43
0.0000000001
 40
0.0
 40
0.0
 40
0.0
 40
0.0
 40
1.0
 40
1.0
 40
1.0
 40
1.0
 10
3.727504801429168
 20
2.430672938761944
 30
0.0
 10
3.727504801429168
 20
2.430880196539721
 30
0.0
 10
3.727673198373613
 20
2.431035639873055
 30
0.0
 10
3.727880456151391
 20
2.431035639873055
 30
0.0
  0
SPLINE
  5
DAB
330
1F
100
AcDbEntity
  8
PDF_Geometry
370
     9
100
AcDbSpline
210
0.0
220
0.0
230
1.0
 70
     8
 71
     3
 72
     8
 73
     4
 74
     0
 42
0.000000001
 43
0.0000000001
 40
0.0
 40
0.0
 40
0.0
 40
0.0
 40
1.0
 40
1.0
 40
1.0
 40
1.0
 10
3.7282431572625
 20
2.524923413206391
 30
0.0
 10
3.7282431572625
 20
2.52471615542861
 30
0.0
 10
3.728074760318057
 20
2.524547758484168
 30
0.0
 10
3.727880456151391
 20
2.524547758484168
 30
0.0
  0
SPLINE
  5
DAC
330
1F
100
AcDbEntity
  8
PDF_Geometry
370
     9
100
AcDbSpline
210
0.0
220
0.0
230
1.0
 70
     8
 71
     3
 72
     8
 73
     4
 74
     0
 42
0.000000001
 43
0.0000000001
 40
0.0
 40
0.0
 40
0.0
 40
0.0
 40
1.0
 40
1.0
 40
1.0
 40
1.0
 10
3.727504801429168
 20
2.524923413206391
 30
0.0
 10
3.727504801429168
 20
2.525117717373053
 30
0.0
 10
3.727673198373613
 20
2.525286114317502
 30
0.0
 10
3.727880456151391
 20
2.525286114317502
 30
0.0
  0
SPLINE
  5
DAD
330
1F
100
AcDbEntity
  8
PDF_Geometry
370
     9
100
AcDbSpline
210
0.0
220
0.0
230
1.0
 70
     8
 71
     3
 72
     8
 73
     4
 74
     0
 42
0.000000001
 43
0.0000000001
 40
0.0
 40
0.0
 40
0.0
 40
0.0
 40
1.0
 40
1.0
 40
1.0
 40
1.0
 10
3.727880456151391
 20
2.525286114317502
 30
0.0
 10
3.728074760318057
 20
2.525286114317502
 30
0.0
 10
3.7282431572625
 20
2.525117717373053
 30
0.0
 10
3.7282431572625
 20
2.524923413206391
 30
0.0
  0
LWPOLYLINE
  5
DAE
330
1F
100
AcDbEntity
  8
PDF_Geometry
370
     9
100
AcDbPolyline
 90
        7
 70
     0
 43
0.0
 10
10.79189911059583
 20
2.344997754873059
 10
10.79189911059583
 20
1.982257782928613
 10
10.79189911059583
 20
2.344997754873059
 10
10.79189911059583
 20
2.531037517650833
 10
10.79189911059583
 20
2.775834860428613
 10
10.79189911059583
 20
3.138574832373056
 10
10.79189911059583
 20
2.775834860428613
  0
LWPOLYLINE
  5
DAF
330
1F
100
AcDbEntity
  8
PDF_Geometry
370
     9
100
AcDbPolyline
 90
        2
 70
     1
 43
0.0
 10
10.88003548059583
 20
2.531037517650833
 10
9.661709494762501
 20
2.531037517650833
  0
LWPOLYLINE
  5
DB0
330
1F
100
AcDbEntity
  8
PDF_Geometry
370
     9
100
AcDbPolyline
 90
        2
 70
     1
 43
0.0
 10
10.82306549892916
 20
2.499884082928609
 10
10.76074567587361
 20
2.562190952373054
  0
LWPOLYLINE
  5
DB1
330
1F
100
AcDbEntity
  8
PDF_Geometry
370
     9
100
AcDbPolyline
 90
        2
 70
     0
 43
0.0
 10
9.804302845873611
 20
2.775834860428613
 10
10.88003548059583
 20
2.775834860428613
  0
LWPOLYLINE
  5
DB2
330
1F
100
AcDbEntity
  8
PDF_Geometry
370
     9
100
AcDbPolyline
 90
        2
 70
     0
 43
0.0
 10
10.76074567587361
 20
2.806988295150834
 10
10.82306549892916
 20
2.744668472095277
  0
SPLINE
  5
DB3
330
1F
100
AcDbEntity
  8
PDF_Geometry
370
     9
100
AcDbSpline
210
0.0
220
0.0
230
1.0
 70
     8
 71
     3
 72
     8
 73
     4
 74
     0
 42
0.000000001
 43
0.0000000001
 40
0.0
 40
0.0
 40
0.0
 40
0.0
 40
1.0
 40
1.0
 40
1.0
 40
1.0
 10
10.79227476531805
 20
2.531037517650833
 30
0.0
 10
10.79227476531805
 20
2.530830259873056
 30
0.0
 10
10.79210636837361
 20
2.530674816539722
 30
0.0
 10
10.79189911059583
 20
2.530674816539722
 30
0.0
  0
SPLINE
  5
DB4
330
1F
100
AcDbEntity
  8
PDF_Geometry
370
     9
100
AcDbSpline
210
0.0
220
0.0
230
1.0
 70
     8
 71
     3
 72
     8
 73
     4
 74
     0
 42
0.000000001
 43
0.0000000001
 40
0.0
 40
0.0
 40
0.0
 40
0.0
 40
1.0
 40
1.0
 40
1.0
 40
1.0
 10
10.79189911059583
 20
2.531400218761945
 30
0.0
 10
10.79210636837361
 20
2.531400218761945
 30
0.0
 10
10.79227476531805
 20
2.531244775428611
 30
0.0
 10
10.79227476531805
 20
2.531037517650833
 30
0.0
  0
SPLINE
  5
DB5
330
1F
100
AcDbEntity
  8
PDF_Geometry
370
     9
100
AcDbSpline
210
0.0
220
0.0
230
1.0
 70
     8
 71
     3
 72
     8
 73
     4
 74
     0
 42
0.000000001
 43
0.0000000001
 40
0.0
 40
0.0
 40
0.0
 40
0.0
 40
1.0
 40
1.0
 40
1.0
 40
1.0
 10
10.79189911059583
 20
2.77545920570639
 30
0.0
 10
10.79170480642916
 20
2.77545920570639
 30
0.0
 10
10.79153640948472
 20
2.775627602650835
 30
0.0
 10
10.79153640948472
 20
2.775834860428613
 30
0.0
  0
SPLINE
  5
DB6
330
1F
100
AcDbEntity
  8
PDF_Geometry
370
     9
100
AcDbSpline
210
0.0
220
0.0
230
1.0
 70
     8
 71
     3
 72
     8
 73
     4
 74
     0
 42
0.000000001
 43
0.0000000001
 40
0.0
 40
0.0
 40
0.0
 40
0.0
 40
1.0
 40
1.0
 40
1.0
 40
1.0
 10
10.79153640948472
 20
2.775834860428613
 30
0.0
 10
10.79153640948472
 20
2.776029164595279
 30
0.0
 10
10.79170480642916
 20
2.776197561539724
 30
0.0
 10
10.79189911059583
 20
2.776197561539724
 30
0.0
  0
SPLINE
  5
DB7
330
1F
100
AcDbEntity
  8
PDF_Geometry
370
     9
100
AcDbSpline
210
0.0
220
0.0
230
1.0
 70
     8
 71
     3
 72
     8
 73
     4
 74
     0
 42
0.000000001
 43
0.0000000001
 40
0.0
 40
0.0
 40
0.0
 40
0.0
 40
1.0
 40
1.0
 40
1.0
 40
1.0
 10
10.79189911059583
 20
2.776197561539724
 30
0.0
 10
10.79210636837361
 20
2.776197561539724
 30
0.0
 10
10.79227476531805
 20
2.776029164595279
 30
0.0
 10
10.79227476531805
 20
2.775834860428613
 30
0.0
  0
LWPOLYLINE
  5
DBA
330
1F
100
AcDbEntity
  8
PDF_Geometry
370
     9
100
AcDbPolyline
 90
        6
 70
     0
 43
0.0
 10
5.54367880087361
 20
2.471554535428612
 10
5.796921898095833
 20
3.168588349317502
 10
6.624528111984723
 20
3.168588349317502
 42
1.000035907243234
 10
6.624528111984723
 20
3.423787441817502
 10
5.796921898095833
 20
3.423787441817502
 42
0.999956052606257
 10
5.796910841821908
 20
3.168601144669226
  0
LWPOLYLINE
  5
DC0
330
1F
100
AcDbEntity
  8
PDF_Geometry
370
     9
100
AcDbPolyline
 90
        2
 70
     0
 43
0.0
 10
9.878967460318056
 20
2.344997754873059
 10
10.88003548059583
 20
2.344997754873059
  0
LWPOLYLINE
  5
DC1
330
1F
100
AcDbEntity
  8
PDF_Geometry
370
     9
100
AcDbPolyline
 90
        2
 70
     0
 43
0.0
 10
10.76074567587361
 20
2.376151189595276
 10
10.82306549892916
 20
2.313831366539723
  0
SPLINE
  5
DC4
330
1F
100
AcDbEntity
  8
PDF_Geometry
370
     9
100
AcDbSpline
210
0.0
220
0.0
230
1.0
 70
     8
 71
     3
 72
     8
 73
     4
 74
     0
 42
0.000000001
 43
0.0000000001
 40
0.0
 40
0.0
 40
0.0
 40
0.0
 40
1.0
 40
1.0
 40
1.0
 40
1.0
 10
10.79227476531805
 20
2.344997754873059
 30
0.0
 10
10.79227476531805
 20
2.344790497095278
 30
0.0
 10
10.79210636837361
 20
2.344635053761948
 30
0.0
 10
10.79189911059583
 20
2.344635053761948
 30
0.0
  0
SPLINE
  5
DC5
330
1F
100
AcDbEntity
  8
PDF_Geometry
370
     9
100
AcDbSpline
210
0.0
220
0.0
230
1.0
 70
     8
 71
     3
 72
     8
 73
     4
 74
     0
 42
0.000000001
 43
0.0000000001
 40
0.0
 40
0.0
 40
0.0
 40
0.0
 40
1.0
 40
1.0
 40
1.0
 40
1.0
 10
10.79189911059583
 20
2.34536045598417
 30
0.0
 10
10.79210636837361
 20
2.34536045598417
 30
0.0
 10
10.79227476531805
 20
2.345205012650833
 30
0.0
 10
10.79227476531805
 20
2.344997754873059
 30
0.0
  0
SPLINE
  5
DC6
330
1F
100
AcDbEntity
  8
PDF_Geometry
370
     9
100
AcDbSpline
210
0.0
220
0.0
230
1.0
 70
     8
 71
     3
 72
     8
 73
     4
 74
     0
 42
0.000000001
 43
0.0000000001
 40
0.0
 40
0.0
 40
0.0
 40
0.0
 40
1.0
 40
1.0
 40
1.0
 40
1.0
 10
10.79227476531805
 20
2.531037517650833
 30
0.0
 10
10.79227476531805
 20
2.530830259873056
 30
0.0
 10
10.79210636837361
 20
2.530674816539722
 30
0.0
 10
10.79189911059583
 20
2.530674816539722
 30
0.0
  0
SPLINE
  5
DC7
330
1F
100
AcDbEntity
  8
PDF_Geometry
370
     9
100
AcDbSpline
210
0.0
220
0.0
230
1.0
 70
     8
 71
     3
 72
     8
 73
     4
 74
     0
 42
0.000000001
 43
0.0000000001
 40
0.0
 40
0.0
 40
0.0
 40
0.0
 40
1.0
 40
1.0
 40
1.0
 40
1.0
 10
10.79189911059583
 20
2.531400218761945
 30
0.0
 10
10.79210636837361
 20
2.531400218761945
 30
0.0
 10
10.79227476531805
 20
2.531244775428611
 30
0.0
 10
10.79227476531805
 20
2.531037517650833
 30
0.0
  0
LWPOLYLINE
  5
DCA
330
1F
100
AcDbEntity
  8
PDF_Geometry
370
     9
100
AcDbPolyline
 90
        6
 70
     0
 43
0.0
 10
6.218976455318056
 20
2.702439699873057
 10
6.302838133651389
 20
2.875771970150836
 10
7.1872459322625
 20
2.875771970150836
 42
0.9999993779243506
 10
7.1872459322625
 20
3.130958109039724
 10
6.302838133651389
 20
3.130958109039724
 42
0.9999993779244025
 10
6.30283813365142
 20
2.875771811405543
  0
LWPOLYLINE
  5
DCF
330
1F
100
AcDbEntity
  8
PDF_Geometry
370
     9
100
AcDbPolyline
 90
       15
 70
     0
 43
0.0
 10
4.334407389206945
 20
1.817397174317502
 10
3.971667417262501
 20
1.817397174317502
 10
4.334407389206945
 20
1.817397174317502
 10
4.487402490040278
 20
1.817397174317502
 10
4.852759091429168
 20
1.817397174317502
 10
5.513704144762501
 20
1.817397174317502
 10
6.188108000040278
 20
1.817397174317502
 10
6.8490400997625
 20
1.817397174317502
 10
7.205821410595834
 20
1.817397174317502
 10
7.989165135318056
 20
1.817397174317502
 10
8.777392371429167
 20
1.817397174317502
 10
9.560736096151389
 20
1.817397174317502
 10
9.842243972818055
 20
1.817397174317502
 10
10.2049839447625
 20
1.817397174317502
 10
9.842243972818055
 20
1.817397174317502
  0
LWPOLYLINE
  5
DD0
330
1F
100
AcDbEntity
  8
PDF_Geometry
370
     9
100
AcDbPolyline
 90
        2
 70
     1
 43
0.0
 10
5.513704144762501
 20
1.729273757928613
 10
5.513704144762501
 20
2.393949451261946
  0
LWPOLYLINE
  5
DD1
330
1F
100
AcDbEntity
  8
PDF_Geometry
370
     9
100
AcDbPolyline
 90
        2
 70
     1
 43
0.0
 10
5.482537756429167
 20
1.786243739595278
 10
5.544857579484722
 20
1.848563562650834
  0
LWPOLYLINE
  5
DD2
330
1F
100
AcDbEntity
  8
PDF_Geometry
370
     9
100
AcDbPolyline
 90
        2
 70
     1
 43
0.0
 10
6.188108000040278
 20
1.729273757928613
 10
6.188108000040278
 20
2.393949451261946
  0
LWPOLYLINE
  5
DD3
330
1F
100
AcDbEntity
  8
PDF_Geometry
370
     9
100
AcDbPolyline
 90
        2
 70
     1
 43
0.0
 10
6.156941611706945
 20
1.786243739595278
 10
6.219261434762501
 20
1.848563562650834
  0
SPLINE
  5
DD4
330
1F
100
AcDbEntity
  8
PDF_Geometry
370
     9
100
AcDbSpline
210
0.0
220
0.0
230
1.0
 70
     8
 71
     3
 72
     8
 73
     4
 74
     0
 42
0.000000001
 43
0.0000000001
 40
0.0
 40
0.0
 40
0.0
 40
0.0
 40
1.0
 40
1.0
 40
1.0
 40
1.0
 10
5.514066845873611
 20
1.817397174317502
 30
0.0
 10
5.514066845873611
 20
1.817202870150833
 30
0.0
 10
5.513898448929167
 20
1.81703447320639
 30
0.0
 10
5.513704144762501
 20
1.81703447320639
 30
0.0
  0
SPLINE
  5
DD5
330
1F
100
AcDbEntity
  8
PDF_Geometry
370
     9
100
AcDbSpline
210
0.0
220
0.0
230
1.0
 70
     8
 71
     3
 72
     8
 73
     4
 74
     0
 42
0.000000001
 43
0.0000000001
 40
0.0
 40
0.0
 40
0.0
 40
0.0
 40
1.0
 40
1.0
 40
1.0
 40
1.0
 10
5.513704144762501
 20
1.81703447320639
 30
0.0
 10
5.513496886984722
 20
1.81703447320639
 30
0.0
 10
5.513328490040279
 20
1.817202870150833
 30
0.0
 10
5.513328490040279
 20
1.817397174317502
 30
0.0
  0
SPLINE
  5
DD6
330
1F
100
AcDbEntity
  8
PDF_Geometry
370
     9
100
AcDbSpline
210
0.0
220
0.0
230
1.0
 70
     8
 71
     3
 72
     8
 73
     4
 74
     0
 42
0.000000001
 43
0.0000000001
 40
0.0
 40
0.0
 40
0.0
 40
0.0
 40
1.0
 40
1.0
 40
1.0
 40
1.0
 10
5.513704144762501
 20
1.817772829039725
 30
0.0
 10
5.513898448929167
 20
1.817772829039725
 30
0.0
 10
5.514066845873611
 20
1.817604432095279
 30
0.0
 10
5.514066845873611
 20
1.817397174317502
 30
0.0
  0
SPLINE
  5
DD7
330
1F
100
AcDbEntity
  8
PDF_Geometry
370
     9
100
AcDbSpline
210
0.0
220
0.0
230
1.0
 70
     8
 71
     3
 72
     8
 73
     4
 74
     0
 42
0.000000001
 43
0.0000000001
 40
0.0
 40
0.0
 40
0.0
 40
0.0
 40
1.0
 40
1.0
 40
1.0
 40
1.0
 10
6.188470701151389
 20
1.817397174317502
 30
0.0
 10
6.188470701151389
 20
1.817202870150833
 30
0.0
 10
6.188302304206945
 20
1.81703447320639
 30
0.0
 10
6.188108000040278
 20
1.81703447320639
 30
0.0
  0
SPLINE
  5
DD8
330
1F
100
AcDbEntity
  8
PDF_Geometry
370
     9
100
AcDbSpline
210
0.0
220
0.0
230
1.0
 70
     8
 71
     3
 72
     8
 73
     4
 74
     0
 42
0.000000001
 43
0.0000000001
 40
0.0
 40
0.0
 40
0.0
 40
0.0
 40
1.0
 40
1.0
 40
1.0
 40
1.0
 10
6.188108000040278
 20
1.81703447320639
 30
0.0
 10
6.187900742262501
 20
1.81703447320639
 30
0.0
 10
6.187732345318056
 20
1.817202870150833
 30
0.0
 10
6.187732345318056
 20
1.817397174317502
 30
0.0
  0
SPLINE
  5
DD9
330
1F
100
AcDbEntity
  8
PDF_Geometry
370
     9
100
AcDbSpline
210
0.0
220
0.0
230
1.0
 70
     8
 71
     3
 72
     8
 73
     4
 74
     0
 42
0.000000001
 43
0.0000000001
 40
0.0
 40
0.0
 40
0.0
 40
0.0
 40
1.0
 40
1.0
 40
1.0
 40
1.0
 10
6.188108000040278
 20
1.817772829039725
 30
0.0
 10
6.188302304206945
 20
1.817772829039725
 30
0.0
 10
6.188470701151389
 20
1.817604432095279
 30
0.0
 10
6.188470701151389
 20
1.817397174317502
 30
0.0
  0
LWPOLYLINE
  5
DDA
330
1F
100
AcDbEntity
  8
PDF_Geometry
370
     9
100
AcDbPolyline
 90
        6
 70
     0
 43
0.0
 10
8.485107090318056
 20
2.397239668484168
 10
8.817004514206944
 20
2.965242562095276
 10
9.5960735472625
 20
2.965242562095276
 42
0.9999560526060937
 10
9.5960735472625
 20
3.220441654595276
 10
8.817004514206944
 20
3.220441654595276
 42
0.9999709202950132
 10
8.816993457768573
 20
2.965233242804737
  0
LWPOLYLINE
  5
DDF
330
1F
100
AcDbEntity
  8
PDF_Geometry
370
     9
100
AcDbPolyline
 90
        6
 70
     0
 43
0.0
 10
4.0164350972625
 20
3.15998715153972
 42
1.00006840055195
 10
4.0164350972625
 20
3.41518624403972
 10
3.325580155873611
 20
3.41518624403972
 42
0.9999885450692435
 10
3.325580155873611
 20
3.15998715153972
 10
4.0164350972625
 20
3.15998715153972
 10
4.697911624206946
 20
2.696947368761946
  0
LWPOLYLINE
  5
DE7
330
1F
100
AcDbEntity
  8
PDF_Geometry
370
     9
100
AcDbPolyline
 90
        2
 70
     0
 43
0.0
 10
4.386429091429167
 20
2.531037517650833
 10
3.6397570397625
 20
2.531037517650833
  0
LWPOLYLINE
  5
DE8
330
1F
100
AcDbEntity
  8
PDF_Geometry
370
     9
100
AcDbPolyline
 90
        2
 70
     0
 43
0.0
 10
3.696714067818057
 20
2.562190952373054
 10
3.759033890873612
 20
2.499884082928609
  0
SPLINE
  5
DE9
330
1F
100
AcDbEntity
  8
PDF_Geometry
370
     9
100
AcDbSpline
210
0.0
220
0.0
230
1.0
 70
     8
 71
     3
 72
     8
 73
     4
 74
     0
 42
0.000000001
 43
0.0000000001
 40
0.0
 40
0.0
 40
0.0
 40
0.0
 40
1.0
 40
1.0
 40
1.0
 40
1.0
 10
3.7282431572625
 20
2.524923413206391
 30
0.0
 10
3.7282431572625
 20
2.52471615542861
 30
0.0
 10
3.728074760318057
 20
2.524547758484168
 30
0.0
 10
3.727880456151391
 20
2.524547758484168
 30
0.0
  0
SPLINE
  5
DEA
330
1F
100
AcDbEntity
  8
PDF_Geometry
370
     9
100
AcDbSpline
210
0.0
220
0.0
230
1.0
 70
     8
 71
     3
 72
     8
 73
     4
 74
     0
 42
0.000000001
 43
0.0000000001
 40
0.0
 40
0.0
 40
0.0
 40
0.0
 40
1.0
 40
1.0
 40
1.0
 40
1.0
 10
3.727504801429168
 20
2.524923413206391
 30
0.0
 10
3.727504801429168
 20
2.525117717373053
 30
0.0
 10
3.727673198373613
 20
2.525286114317502
 30
0.0
 10
3.727880456151391
 20
2.525286114317502
 30
0.0
  0
SPLINE
  5
DEB
330
1F
100
AcDbEntity
  8
PDF_Geometry
370
     9
100
AcDbSpline
210
0.0
220
0.0
230
1.0
 70
     8
 71
     3
 72
     8
 73
     4
 74
     0
 42
0.000000001
 43
0.0000000001
 40
0.0
 40
0.0
 40
0.0
 40
0.0
 40
1.0
 40
1.0
 40
1.0
 40
1.0
 10
3.727880456151391
 20
2.525286114317502
 30
0.0
 10
3.728074760318057
 20
2.525286114317502
 30
0.0
 10
3.7282431572625
 20
2.525117717373053
 30
0.0
 10
3.7282431572625
 20
2.524923413206391
 30
0.0
  0
SPLINE
  5
DEC
330
1F
100
AcDbEntity
  8
PDF_Geometry
370
     9
100
AcDbSpline
210
0.0
220
0.0
230
1.0
 70
     8
 71
     3
 72
     8
 73
     4
 74
     0
 42
0.000000001
 43
0.0000000001
 40
0.0
 40
0.0
 40
0.0
 40
0.0
 40
1.0
 40
1.0
 40
1.0
 40
1.0
 10
3.727880456151391
 20
2.530674816539722
 30
0.0
 10
3.727673198373613
 20
2.530674816539722
 30
0.0
 10
3.727504801429168
 20
2.530830259873056
 30
0.0
 10
3.727504801429168
 20
2.531037517650833
 30
0.0
  0
SPLINE
  5
DED
330
1F
100
AcDbEntity
  8
PDF_Geometry
370
     9
100
AcDbSpline
210
0.0
220
0.0
230
1.0
 70
     8
 71
     3
 72
     8
 73
     4
 74
     0
 42
0.000000001
 43
0.0000000001
 40
0.0
 40
0.0
 40
0.0
 40
0.0
 40
1.0
 40
1.0
 40
1.0
 40
1.0
 10
3.727504801429168
 20
2.531037517650833
 30
0.0
 10
3.727504801429168
 20
2.531244775428611
 30
0.0
 10
3.727673198373613
 20
2.531400218761945
 30
0.0
 10
3.727880456151391
 20
2.531400218761945
 30
0.0
  0
LWPOLYLINE
  5
DF0
330
1F
100
AcDbEntity
  8
PDF_Geometry
370
     9
100
AcDbPolyline
 90
        6
 70
     0
 43
0.0
 10
7.007151876984723
 20
2.696753064595277
 10
7.578185915595834
 20
2.96337724209528
 10
8.269040856984723
 20
2.96337724209528
 42
1.000003413241231
 10
8.269040856984723
 20
3.21857633459528
 10
7.578185915595834
 20
3.21857633459528
 42
0.9999885450692399
 10
7.578188680068576
 20
2.96338450724291
  0
LWPOLYLINE
  5
DF5
330
1F
100
AcDbEntity
  8
PDF_Geometry
370
     9
100
AcDbPolyline
 90
        4
 70
     1
 43
0.0
 10
3.057595849206944
 20
3.048067951539721
 10
3.057595849206944
 20
2.91221047820639
 10
3.993882860318056
 20
2.91221047820639
 10
3.993882860318056
 20
3.048067951539721
  0
LWPOLYLINE
  5
DF9
330
1F
100
AcDbEntity
  8
PDF_Geometry
370
     9
100
AcDbPolyline
 90
        2
 70
     0
 43
0.0
 10
4.517998919484723
 20
2.527980465428608
 10
3.993882860318056
 20
2.91221047820639
  0
LWPOLYLINE
  5
DFA
330
1F
100
AcDbEntity
  8
PDF_Geometry
370
     9
100
AcDbPolyline
 90
        6
 70
     0
 43
0.0
 10
5.311848022818056
 20
3.300676321817501
 42
0.9999885450692573
 10
5.311848022818056
 20
3.555875414317501
 10
4.521483440873612
 20
3.555875414317501
 42
1.000003413241318
 10
4.521483440873612
 20
3.300676321817501
 10
5.311848022818056
 20
3.300676321817501
 10
5.526320961984723
 20
2.525972655706389
  0
LWPOLYLINE
  5
DFF
330
1F
100
AcDbEntity
  8
PDF_Geometry
370
     9
100
AcDbPolyline
 90
        6
 70
     0
 43
0.0
 10
5.325332731984723
 20
2.91765099487306
 42
0.9999885450693687
 10
5.325332731984723
 20
3.172850087373056
 10
4.497726518095834
 20
3.172850087373056
 42
1.000068400551926
 10
4.497726518095834
 20
2.91765099487306
 10
5.325332731984723
 20
2.91765099487306
 10
5.477641291429167
 20
2.475375850706388
  0
LWPOLYLINE
  5
E04
330
1F
100
AcDbEntity
  8
PDF_Geometry
370
     9
100
AcDbPolyline
 90
        5
 70
     0
 43
0.0
 10
2.385303432540278
 20
2.531037517650833
 10
2.384940731429167
 20
2.531037517650833
 10
2.384940731429167
 20
2.659550293484166
 10
2.384940731429167
 20
3.022290265428612
 10
2.384940731429167
 20
2.659550293484166
  0
LWPOLYLINE
  5
E05
330
1F
100
AcDbEntity
  8
PDF_Geometry
370
     9
100
AcDbPolyline
 90
        2
 70
     0
 43
0.0
 10
2.5501769947625
 20
2.531037517650833
 10
2.274783222540278
 20
2.531037517650833
  0
LWPOLYLINE
  5
E06
330
1F
100
AcDbEntity
  8
PDF_Geometry
370
     9
100
AcDbPolyline
 90
        2
 70
     0
 43
0.0
 10
2.353787296706945
 20
2.562190952373054
 10
2.416094166151388
 20
2.499884082928609
  0
LWPOLYLINE
  5
E07
330
1F
100
AcDbEntity
  8
PDF_Geometry
370
     9
100
AcDbPolyline
 90
        2
 70
     0
 43
0.0
 10
2.5501769947625
 20
2.659550293484166
 10
2.274783222540278
 20
2.659550293484166
  0
LWPOLYLINE
  5
E08
330
1F
100
AcDbEntity
  8
PDF_Geometry
370
     9
100
AcDbPolyline
 90
        2
 70
     0
 43
0.0
 10
2.353787296706945
 20
2.690716681817502
 10
2.416094166151388
 20
2.628396858761945
  0
SPLINE
  5
E09
330
1F
100
AcDbEntity
  8
PDF_Geometry
370
     9
100
AcDbSpline
210
0.0
220
0.0
230
1.0
 70
     8
 71
     3
 72
     8
 73
     4
 74
     0
 42
0.000000001
 43
0.0000000001
 40
0.0
 40
0.0
 40
0.0
 40
0.0
 40
1.0
 40
1.0
 40
1.0
 40
1.0
 10
2.385303432540278
 20
2.531037517650833
 30
0.0
 10
2.385303432540278
 20
2.530830259873056
 30
0.0
 10
2.385147989206944
 20
2.530674816539722
 30
0.0
 10
2.384940731429167
 20
2.530674816539722
 30
0.0
  0
SPLINE
  5
E0A
330
1F
100
AcDbEntity
  8
PDF_Geometry
370
     9
100
AcDbSpline
210
0.0
220
0.0
230
1.0
 70
     8
 71
     3
 72
     8
 73
     4
 74
     0
 42
0.000000001
 43
0.0000000001
 40
0.0
 40
0.0
 40
0.0
 40
0.0
 40
1.0
 40
1.0
 40
1.0
 40
1.0
 10
2.384940731429167
 20
2.530674816539722
 30
0.0
 10
2.384733473651389
 20
2.530674816539722
 30
0.0
 10
2.384578030318057
 20
2.530830259873056
 30
0.0
 10
2.384578030318057
 20
2.531037517650833
 30
0.0
  0
SPLINE
  5
E0B
330
1F
100
AcDbEntity
  8
PDF_Geometry
370
     9
100
AcDbSpline
210
0.0
220
0.0
230
1.0
 70
     8
 71
     3
 72
     8
 73
     4
 74
     0
 42
0.000000001
 43
0.0000000001
 40
0.0
 40
0.0
 40
0.0
 40
0.0
 40
1.0
 40
1.0
 40
1.0
 40
1.0
 10
2.384578030318057
 20
2.531037517650833
 30
0.0
 10
2.384578030318057
 20
2.531244775428611
 30
0.0
 10
2.384733473651389
 20
2.531400218761945
 30
0.0
 10
2.384940731429167
 20
2.531400218761945
 30
0.0
  0
SPLINE
  5
E0C
330
1F
100
AcDbEntity
  8
PDF_Geometry
370
     9
100
AcDbSpline
210
0.0
220
0.0
230
1.0
 70
     8
 71
     3
 72
     8
 73
     4
 74
     0
 42
0.000000001
 43
0.0000000001
 40
0.0
 40
0.0
 40
0.0
 40
0.0
 40
1.0
 40
1.0
 40
1.0
 40
1.0
 10
2.384940731429167
 20
2.531400218761945
 30
0.0
 10
2.385147989206944
 20
2.531400218761945
 30
0.0
 10
2.385303432540278
 20
2.531244775428611
 30
0.0
 10
2.385303432540278
 20
2.531037517650833
 30
0.0
  0
SPLINE
  5
E0E
330
1F
100
AcDbEntity
  8
PDF_Geometry
370
     9
100
AcDbSpline
210
0.0
220
0.0
230
1.0
 70
     8
 71
     3
 72
     8
 73
     4
 74
     0
 42
0.000000001
 43
0.0000000001
 40
0.0
 40
0.0
 40
0.0
 40
0.0
 40
1.0
 40
1.0
 40
1.0
 40
1.0
 10
2.384578030318057
 20
2.659550293484166
 30
0.0
 10
2.384578030318057
 20
2.659757551261947
 30
0.0
 10
2.384733473651389
 20
2.659925948206389
 30
0.0
 10
2.384940731429167
 20
2.659925948206389
 30
0.0
  0
SPLINE
  5
E0F
330
1F
100
AcDbEntity
  8
PDF_Geometry
370
     9
100
AcDbSpline
210
0.0
220
0.0
230
1.0
 70
     8
 71
     3
 72
     8
 73
     4
 74
     0
 42
0.000000001
 43
0.0000000001
 40
0.0
 40
0.0
 40
0.0
 40
0.0
 40
1.0
 40
1.0
 40
1.0
 40
1.0
 10
2.384940731429167
 20
2.659925948206389
 30
0.0
 10
2.385147989206944
 20
2.659925948206389
 30
0.0
 10
2.385303432540278
 20
2.659757551261947
 30
0.0
 10
2.385303432540278
 20
2.659550293484166
 30
0.0
  0
LWPOLYLINE
  5
E12
330
1F
100
AcDbEntity
  8
PDF_Geometry
370
     9
100
AcDbPolyline
 90
        5
 70
     0
 43
0.0
 10
2.922567406984723
 20
3.646576599317501
 10
10.25533463115139
 20
3.646576599317501
 10
10.38384740698472
 20
3.646576599317501
 10
10.74658737892916
 20
3.646576599317501
 10
10.38384740698472
 20
3.646576599317501
  0
LWPOLYLINE
  5
E13
330
1F
100
AcDbEntity
  8
PDF_Geometry
370
     9
100
AcDbPolyline
 90
        2
 70
     1
 43
0.0
 10
10.25533463115139
 20
3.756734108206391
 10
10.25533463115139
 20
3.481340335984167
  0
LWPOLYLINE
  5
E14
330
1F
100
AcDbEntity
  8
PDF_Geometry
370
     9
100
AcDbPolyline
 90
        2
 70
     1
 43
0.0
 10
10.22416824281805
 20
3.615410210984165
 10
10.28648806587361
 20
3.677730034039722
  0
LWPOLYLINE
  5
E15
330
1F
100
AcDbEntity
  8
PDF_Geometry
370
     9
100
AcDbPolyline
 90
        2
 70
     0
 43
0.0
 10
10.38384740698472
 20
3.481340335984167
 10
10.38384740698472
 20
3.756734108206391
  0
LWPOLYLINE
  5
E16
330
1F
100
AcDbEntity
  8
PDF_Geometry
370
     9
100
AcDbPolyline
 90
        2
 70
     0
 43
0.0
 10
10.41500084170694
 20
3.677730034039722
 10
10.3526939722625
 20
3.615410210984165
  0
SPLINE
  5
E17
330
1F
100
AcDbEntity
  8
PDF_Geometry
370
     9
100
AcDbSpline
210
0.0
220
0.0
230
1.0
 70
     8
 71
     3
 72
     8
 73
     4
 74
     0
 42
0.000000001
 43
0.0000000001
 40
0.0
 40
0.0
 40
0.0
 40
0.0
 40
1.0
 40
1.0
 40
1.0
 40
1.0
 10
10.2556973322625
 20
3.646576599317501
 30
0.0
 10
10.2556973322625
 20
3.646369341539724
 30
0.0
 10
10.25552893531805
 20
3.646200944595278
 30
0.0
 10
10.25533463115139
 20
3.646200944595278
 30
0.0
  0
SPLINE
  5
E18
330
1F
100
AcDbEntity
  8
PDF_Geometry
370
     9
100
AcDbSpline
210
0.0
220
0.0
230
1.0
 70
     8
 71
     3
 72
     8
 73
     4
 74
     0
 42
0.000000001
 43
0.0000000001
 40
0.0
 40
0.0
 40
0.0
 40
0.0
 40
1.0
 40
1.0
 40
1.0
 40
1.0
 10
10.25495897642916
 20
3.646576599317501
 30
0.0
 10
10.25495897642916
 20
3.646770903484167
 30
0.0
 10
10.25512737337361
 20
3.646939300428613
 30
0.0
 10
10.25533463115139
 20
3.646939300428613
 30
0.0
  0
SPLINE
  5
E19
330
1F
100
AcDbEntity
  8
PDF_Geometry
370
     9
100
AcDbSpline
210
0.0
220
0.0
230
1.0
 70
     8
 71
     3
 72
     8
 73
     4
 74
     0
 42
0.000000001
 43
0.0000000001
 40
0.0
 40
0.0
 40
0.0
 40
0.0
 40
1.0
 40
1.0
 40
1.0
 40
1.0
 10
10.25533463115139
 20
3.646939300428613
 30
0.0
 10
10.25552893531805
 20
3.646939300428613
 30
0.0
 10
10.2556973322625
 20
3.646770903484167
 30
0.0
 10
10.2556973322625
 20
3.646576599317501
 30
0.0
  0
SPLINE
  5
E1A
330
1F
100
AcDbEntity
  8
PDF_Geometry
370
     9
100
AcDbSpline
210
0.0
220
0.0
230
1.0
 70
     8
 71
     3
 72
     8
 73
     4
 74
     0
 42
0.000000001
 43
0.0000000001
 40
0.0
 40
0.0
 40
0.0
 40
0.0
 40
1.0
 40
1.0
 40
1.0
 40
1.0
 10
10.38421010809583
 20
3.646576599317501
 30
0.0
 10
10.38421010809583
 20
3.646369341539724
 30
0.0
 10
10.3840546647625
 20
3.646200944595278
 30
0.0
 10
10.38384740698472
 20
3.646200944595278
 30
0.0
  0
SPLINE
  5
E1B
330
1F
100
AcDbEntity
  8
PDF_Geometry
370
     9
100
AcDbSpline
210
0.0
220
0.0
230
1.0
 70
     8
 71
     3
 72
     8
 73
     4
 74
     0
 42
0.000000001
 43
0.0000000001
 40
0.0
 40
0.0
 40
0.0
 40
0.0
 40
1.0
 40
1.0
 40
1.0
 40
1.0
 10
10.38384740698472
 20
3.646200944595278
 30
0.0
 10
10.38364014920694
 20
3.646200944595278
 30
0.0
 10
10.38348470587361
 20
3.646369341539724
 30
0.0
 10
10.38348470587361
 20
3.646576599317501
 30
0.0
  0
LWPOLYLINE
  5
E1F
330
1F
100
AcDbEntity
  8
PDF_Geometry
370
     9
100
AcDbPolyline
 90
        2
 70
     0
 43
0.0
 10
2.922567406984723
 20
3.481340335984167
 10
2.922567406984723
 20
3.756734108206391
  0
LWPOLYLINE
  5
E20
330
1F
100
AcDbEntity
  8
PDF_Geometry
370
     9
100
AcDbPolyline
 90
        2
 70
     0
 43
0.0
 10
2.953720841706944
 20
3.677730034039722
 10
2.891413972262501
 20
3.615410210984165
  0
SPLINE
  5
E23
330
1F
100
AcDbEntity
  8
PDF_Geometry
370
     9
100
AcDbSpline
210
0.0
220
0.0
230
1.0
 70
     8
 71
     3
 72
     8
 73
     4
 74
     0
 42
0.000000001
 43
0.0000000001
 40
0.0
 40
0.0
 40
0.0
 40
0.0
 40
1.0
 40
1.0
 40
1.0
 40
1.0
 10
2.922930108095834
 20
3.646576599317501
 30
0.0
 10
2.922930108095834
 20
3.646369341539724
 30
0.0
 10
2.9227746647625
 20
3.646200944595278
 30
0.0
 10
2.922567406984723
 20
3.646200944595278
 30
0.0
  0
SPLINE
  5
E24
330
1F
100
AcDbEntity
  8
PDF_Geometry
370
     9
100
AcDbSpline
210
0.0
220
0.0
230
1.0
 70
     8
 71
     3
 72
     8
 73
     4
 74
     0
 42
0.000000001
 43
0.0000000001
 40
0.0
 40
0.0
 40
0.0
 40
0.0
 40
1.0
 40
1.0
 40
1.0
 40
1.0
 10
2.922567406984723
 20
3.646200944595278
 30
0.0
 10
2.922360149206945
 20
3.646200944595278
 30
0.0
 10
2.922204705873611
 20
3.646369341539724
 30
0.0
 10
2.922204705873611
 20
3.646576599317501
 30
0.0
  0
SPLINE
  5
E25
330
1F
100
AcDbEntity
  8
PDF_Geometry
370
     9
100
AcDbSpline
210
0.0
220
0.0
230
1.0
 70
     8
 71
     3
 72
     8
 73
     4
 74
     0
 42
0.000000001
 43
0.0000000001
 40
0.0
 40
0.0
 40
0.0
 40
0.0
 40
1.0
 40
1.0
 40
1.0
 40
1.0
 10
10.2556973322625
 20
3.646576599317501
 30
0.0
 10
10.2556973322625
 20
3.646369341539724
 30
0.0
 10
10.25552893531805
 20
3.646200944595278
 30
0.0
 10
10.25533463115139
 20
3.646200944595278
 30
0.0
  0
SPLINE
  5
E26
330
1F
100
AcDbEntity
  8
PDF_Geometry
370
     9
100
AcDbSpline
210
0.0
220
0.0
230
1.0
 70
     8
 71
     3
 72
     8
 73
     4
 74
     0
 42
0.000000001
 43
0.0000000001
 40
0.0
 40
0.0
 40
0.0
 40
0.0
 40
1.0
 40
1.0
 40
1.0
 40
1.0
 10
10.25495897642916
 20
3.646576599317501
 30
0.0
 10
10.25495897642916
 20
3.646770903484167
 30
0.0
 10
10.25512737337361
 20
3.646939300428613
 30
0.0
 10
10.25533463115139
 20
3.646939300428613
 30
0.0
  0
SPLINE
  5
E27
330
1F
100
AcDbEntity
  8
PDF_Geometry
370
     9
100
AcDbSpline
210
0.0
220
0.0
230
1.0
 70
     8
 71
     3
 72
     8
 73
     4
 74
     0
 42
0.000000001
 43
0.0000000001
 40
0.0
 40
0.0
 40
0.0
 40
0.0
 40
1.0
 40
1.0
 40
1.0
 40
1.0
 10
10.25533463115139
 20
3.646939300428613
 30
0.0
 10
10.25552893531805
 20
3.646939300428613
 30
0.0
 10
10.2556973322625
 20
3.646770903484167
 30
0.0
 10
10.2556973322625
 20
3.646576599317501
 30
0.0
  0
LWPOLYLINE
  5
E29
330
1F
100
AcDbEntity
  8
PDF_Geometry
370
     9
100
AcDbPolyline
 90
        2
 70
     1
 43
0.0
 10
9.560736096151389
 20
1.729273757928613
 10
9.560736096151389
 20
2.393949451261946
  0
LWPOLYLINE
  5
E2A
330
1F
100
AcDbEntity
  8
PDF_Geometry
370
     9
100
AcDbPolyline
 90
        2
 70
     1
 43
0.0
 10
9.529569707818055
 20
1.786243739595278
 10
9.591889530873611
 20
1.848563562650834
  0
LWPOLYLINE
  5
E2B
330
1F
100
AcDbEntity
  8
PDF_Geometry
370
     9
100
AcDbPolyline
 90
        4
 70
     0
 43
0.0
 10
9.842243972818055
 20
2.308274267373057
 10
9.842243972818055
 20
1.204186177928612
 10
9.842243972818055
 20
2.308274267373057
 10
9.842243972818055
 20
1.729273757928613
  0
LWPOLYLINE
  5
E2C
330
1F
100
AcDbEntity
  8
PDF_Geometry
370
     9
100
AcDbPolyline
 90
        2
 70
     0
 43
0.0
 10
9.873397407540277
 20
1.848563562650834
 10
9.811090538095832
 20
1.786243739595278
  0
SPLINE
  5
E2D
330
1F
100
AcDbEntity
  8
PDF_Geometry
370
     9
100
AcDbSpline
210
0.0
220
0.0
230
1.0
 70
     8
 71
     3
 72
     8
 73
     4
 74
     0
 42
0.000000001
 43
0.0000000001
 40
0.0
 40
0.0
 40
0.0
 40
0.0
 40
1.0
 40
1.0
 40
1.0
 40
1.0
 10
9.5610987972625
 20
1.817397174317502
 30
0.0
 10
9.5610987972625
 20
1.817202870150833
 30
0.0
 10
9.560930400318056
 20
1.81703447320639
 30
0.0
 10
9.560736096151389
 20
1.81703447320639
 30
0.0
  0
SPLINE
  5
E2E
330
1F
100
AcDbEntity
  8
PDF_Geometry
370
     9
100
AcDbSpline
210
0.0
220
0.0
230
1.0
 70
     8
 71
     3
 72
     8
 73
     4
 74
     0
 42
0.000000001
 43
0.0000000001
 40
0.0
 40
0.0
 40
0.0
 40
0.0
 40
1.0
 40
1.0
 40
1.0
 40
1.0
 10
9.560736096151389
 20
1.81703447320639
 30
0.0
 10
9.560528838373612
 20
1.81703447320639
 30
0.0
 10
9.560360441429166
 20
1.817202870150833
 30
0.0
 10
9.560360441429166
 20
1.817397174317502
 30
0.0
  0
SPLINE
  5
E2F
330
1F
100
AcDbEntity
  8
PDF_Geometry
370
     9
100
AcDbSpline
210
0.0
220
0.0
230
1.0
 70
     8
 71
     3
 72
     8
 73
     4
 74
     0
 42
0.000000001
 43
0.0000000001
 40
0.0
 40
0.0
 40
0.0
 40
0.0
 40
1.0
 40
1.0
 40
1.0
 40
1.0
 10
9.560736096151389
 20
1.817772829039725
 30
0.0
 10
9.560930400318056
 20
1.817772829039725
 30
0.0
 10
9.5610987972625
 20
1.817604432095279
 30
0.0
 10
9.5610987972625
 20
1.817397174317502
 30
0.0
  0
SPLINE
  5
E30
330
1F
100
AcDbEntity
  8
PDF_Geometry
370
     9
100
AcDbSpline
210
0.0
220
0.0
230
1.0
 70
     8
 71
     3
 72
     8
 73
     4
 74
     0
 42
0.000000001
 43
0.0000000001
 40
0.0
 40
0.0
 40
0.0
 40
0.0
 40
1.0
 40
1.0
 40
1.0
 40
1.0
 10
9.841881271706945
 20
1.817397174317502
 30
0.0
 10
9.841881271706945
 20
1.817604432095279
 30
0.0
 10
9.842036715040277
 20
1.817772829039725
 30
0.0
 10
9.842243972818055
 20
1.817772829039725
 30
0.0
  0
SPLINE
  5
E31
330
1F
100
AcDbEntity
  8
PDF_Geometry
370
     9
100
AcDbSpline
210
0.0
220
0.0
230
1.0
 70
     8
 71
     3
 72
     8
 73
     4
 74
     0
 42
0.000000001
 43
0.0000000001
 40
0.0
 40
0.0
 40
0.0
 40
0.0
 40
1.0
 40
1.0
 40
1.0
 40
1.0
 10
9.842243972818055
 20
1.817772829039725
 30
0.0
 10
9.842451230595834
 20
1.817772829039725
 30
0.0
 10
9.842606673929166
 20
1.817604432095279
 30
0.0
 10
9.842606673929166
 20
1.817397174317502
 30
0.0
  0
LWPOLYLINE
  5
E35
330
1F
100
AcDbEntity
  8
PDF_Geometry
370
     9
100
AcDbPolyline
 90
        2
 70
     1
 43
0.0
 10
8.777392371429167
 20
1.729273757928613
 10
8.777392371429167
 20
2.393949451261946
  0
LWPOLYLINE
  5
E36
330
1F
100
AcDbEntity
  8
PDF_Geometry
370
     9
100
AcDbPolyline
 90
        2
 70
     1
 43
0.0
 10
8.746238936706944
 20
1.786243739595278
 10
8.808558759762501
 20
1.848563562650834
  0
SPLINE
  5
E39
330
1F
100
AcDbEntity
  8
PDF_Geometry
370
     9
100
AcDbSpline
210
0.0
220
0.0
230
1.0
 70
     8
 71
     3
 72
     8
 73
     4
 74
     0
 42
0.000000001
 43
0.0000000001
 40
0.0
 40
0.0
 40
0.0
 40
0.0
 40
1.0
 40
1.0
 40
1.0
 40
1.0
 10
8.777768026151388
 20
1.817397174317502
 30
0.0
 10
8.777768026151388
 20
1.817202870150833
 30
0.0
 10
8.777599629206944
 20
1.81703447320639
 30
0.0
 10
8.777392371429167
 20
1.81703447320639
 30
0.0
  0
SPLINE
  5
E3A
330
1F
100
AcDbEntity
  8
PDF_Geometry
370
     9
100
AcDbSpline
210
0.0
220
0.0
230
1.0
 70
     8
 71
     3
 72
     8
 73
     4
 74
     0
 42
0.000000001
 43
0.0000000001
 40
0.0
 40
0.0
 40
0.0
 40
0.0
 40
1.0
 40
1.0
 40
1.0
 40
1.0
 10
8.777392371429167
 20
1.81703447320639
 30
0.0
 10
8.777198067262499
 20
1.81703447320639
 30
0.0
 10
8.777029670318055
 20
1.817202870150833
 30
0.0
 10
8.777029670318055
 20
1.817397174317502
 30
0.0
  0
SPLINE
  5
E3B
330
1F
100
AcDbEntity
  8
PDF_Geometry
370
     9
100
AcDbSpline
210
0.0
220
0.0
230
1.0
 70
     8
 71
     3
 72
     8
 73
     4
 74
     0
 42
0.000000001
 43
0.0000000001
 40
0.0
 40
0.0
 40
0.0
 40
0.0
 40
1.0
 40
1.0
 40
1.0
 40
1.0
 10
8.777029670318055
 20
1.817397174317502
 30
0.0
 10
8.777029670318055
 20
1.817604432095279
 30
0.0
 10
8.777198067262499
 20
1.817772829039725
 30
0.0
 10
8.777392371429167
 20
1.817772829039725
 30
0.0
  0
SPLINE
  5
E3C
330
1F
100
AcDbEntity
  8
PDF_Geometry
370
     9
100
AcDbSpline
210
0.0
220
0.0
230
1.0
 70
     8
 71
     3
 72
     8
 73
     4
 74
     0
 42
0.000000001
 43
0.0000000001
 40
0.0
 40
0.0
 40
0.0
 40
0.0
 40
1.0
 40
1.0
 40
1.0
 40
1.0
 10
9.5610987972625
 20
1.817397174317502
 30
0.0
 10
9.5610987972625
 20
1.817202870150833
 30
0.0
 10
9.560930400318056
 20
1.81703447320639
 30
0.0
 10
9.560736096151389
 20
1.81703447320639
 30
0.0
  0
SPLINE
  5
E3D
330
1F
100
AcDbEntity
  8
PDF_Geometry
370
     9
100
AcDbSpline
210
0.0
220
0.0
230
1.0
 70
     8
 71
     3
 72
     8
 73
     4
 74
     0
 42
0.000000001
 43
0.0000000001
 40
0.0
 40
0.0
 40
0.0
 40
0.0
 40
1.0
 40
1.0
 40
1.0
 40
1.0
 10
9.560736096151389
 20
1.81703447320639
 30
0.0
 10
9.560528838373612
 20
1.81703447320639
 30
0.0
 10
9.560360441429166
 20
1.817202870150833
 30
0.0
 10
9.560360441429166
 20
1.817397174317502
 30
0.0
  0
SPLINE
  5
E3E
330
1F
100
AcDbEntity
  8
PDF_Geometry
370
     9
100
AcDbSpline
210
0.0
220
0.0
230
1.0
 70
     8
 71
     3
 72
     8
 73
     4
 74
     0
 42
0.000000001
 43
0.0000000001
 40
0.0
 40
0.0
 40
0.0
 40
0.0
 40
1.0
 40
1.0
 40
1.0
 40
1.0
 10
9.560736096151389
 20
1.817772829039725
 30
0.0
 10
9.560930400318056
 20
1.817772829039725
 30
0.0
 10
9.5610987972625
 20
1.817604432095279
 30
0.0
 10
9.5610987972625
 20
1.817397174317502
 30
0.0
  0
LWPOLYLINE
  5
E40
330
1F
100
AcDbEntity
  8
PDF_Geometry
370
     9
100
AcDbPolyline
 90
        2
 70
     1
 43
0.0
 10
7.989165135318056
 20
1.729273757928613
 10
7.989165135318056
 20
2.393949451261946
  0
LWPOLYLINE
  5
E41
330
1F
100
AcDbEntity
  8
PDF_Geometry
370
     9
100
AcDbPolyline
 90
        2
 70
     1
 43
0.0
 10
7.958011700595834
 20
1.786243739595278
 10
8.020318570040277
 20
1.848563562650834
  0
SPLINE
  5
E44
330
1F
100
AcDbEntity
  8
PDF_Geometry
370
     9
100
AcDbSpline
210
0.0
220
0.0
230
1.0
 70
     8
 71
     3
 72
     8
 73
     4
 74
     0
 42
0.000000001
 43
0.0000000001
 40
0.0
 40
0.0
 40
0.0
 40
0.0
 40
1.0
 40
1.0
 40
1.0
 40
1.0
 10
7.988802434206944
 20
1.817397174317502
 30
0.0
 10
7.988802434206944
 20
1.817604432095279
 30
0.0
 10
7.988957877540277
 20
1.817772829039725
 30
0.0
 10
7.989165135318056
 20
1.817772829039725
 30
0.0
  0
SPLINE
  5
E45
330
1F
100
AcDbEntity
  8
PDF_Geometry
370
     9
100
AcDbSpline
210
0.0
220
0.0
230
1.0
 70
     8
 71
     3
 72
     8
 73
     4
 74
     0
 42
0.000000001
 43
0.0000000001
 40
0.0
 40
0.0
 40
0.0
 40
0.0
 40
1.0
 40
1.0
 40
1.0
 40
1.0
 10
7.989165135318056
 20
1.817772829039725
 30
0.0
 10
7.989372393095833
 20
1.817772829039725
 30
0.0
 10
7.989527836429166
 20
1.817604432095279
 30
0.0
 10
7.989527836429166
 20
1.817397174317502
 30
0.0
  0
SPLINE
  5
E46
330
1F
100
AcDbEntity
  8
PDF_Geometry
370
     9
100
AcDbSpline
210
0.0
220
0.0
230
1.0
 70
     8
 71
     3
 72
     8
 73
     4
 74
     0
 42
0.000000001
 43
0.0000000001
 40
0.0
 40
0.0
 40
0.0
 40
0.0
 40
1.0
 40
1.0
 40
1.0
 40
1.0
 10
8.777768026151388
 20
1.817397174317502
 30
0.0
 10
8.777768026151388
 20
1.817202870150833
 30
0.0
 10
8.777599629206944
 20
1.81703447320639
 30
0.0
 10
8.777392371429167
 20
1.81703447320639
 30
0.0
  0
SPLINE
  5
E47
330
1F
100
AcDbEntity
  8
PDF_Geometry
370
     9
100
AcDbSpline
210
0.0
220
0.0
230
1.0
 70
     8
 71
     3
 72
     8
 73
     4
 74
     0
 42
0.000000001
 43
0.0000000001
 40
0.0
 40
0.0
 40
0.0
 40
0.0
 40
1.0
 40
1.0
 40
1.0
 40
1.0
 10
8.777392371429167
 20
1.81703447320639
 30
0.0
 10
8.777198067262499
 20
1.81703447320639
 30
0.0
 10
8.777029670318055
 20
1.817202870150833
 30
0.0
 10
8.777029670318055
 20
1.817397174317502
 30
0.0
  0
SPLINE
  5
E48
330
1F
100
AcDbEntity
  8
PDF_Geometry
370
     9
100
AcDbSpline
210
0.0
220
0.0
230
1.0
 70
     8
 71
     3
 72
     8
 73
     4
 74
     0
 42
0.000000001
 43
0.0000000001
 40
0.0
 40
0.0
 40
0.0
 40
0.0
 40
1.0
 40
1.0
 40
1.0
 40
1.0
 10
8.777029670318055
 20
1.817397174317502
 30
0.0
 10
8.777029670318055
 20
1.817604432095279
 30
0.0
 10
8.777198067262499
 20
1.817772829039725
 30
0.0
 10
8.777392371429167
 20
1.817772829039725
 30
0.0
  0
LWPOLYLINE
  5
E4A
330
1F
100
AcDbEntity
  8
PDF_Geometry
370
     9
100
AcDbPolyline
 90
        2
 70
     1
 43
0.0
 10
7.205821410595834
 20
1.729273757928613
 10
7.205821410595834
 20
2.393949451261946
  0
LWPOLYLINE
  5
E4B
330
1F
100
AcDbEntity
  8
PDF_Geometry
370
     9
100
AcDbPolyline
 90
        2
 70
     1
 43
0.0
 10
7.174667975873612
 20
1.786243739595278
 10
7.236987798929167
 20
1.848563562650834
  0
SPLINE
  5
E4E
330
1F
100
AcDbEntity
  8
PDF_Geometry
370
     9
100
AcDbSpline
210
0.0
220
0.0
230
1.0
 70
     8
 71
     3
 72
     8
 73
     4
 74
     0
 42
0.000000001
 43
0.0000000001
 40
0.0
 40
0.0
 40
0.0
 40
0.0
 40
1.0
 40
1.0
 40
1.0
 40
1.0
 10
7.206197065318056
 20
1.817397174317502
 30
0.0
 10
7.206197065318056
 20
1.817202870150833
 30
0.0
 10
7.206028668373611
 20
1.81703447320639
 30
0.0
 10
7.205821410595834
 20
1.81703447320639
 30
0.0
  0
SPLINE
  5
E4F
330
1F
100
AcDbEntity
  8
PDF_Geometry
370
     9
100
AcDbSpline
210
0.0
220
0.0
230
1.0
 70
     8
 71
     3
 72
     8
 73
     4
 74
     0
 42
0.000000001
 43
0.0000000001
 40
0.0
 40
0.0
 40
0.0
 40
0.0
 40
1.0
 40
1.0
 40
1.0
 40
1.0
 10
7.205821410595834
 20
1.81703447320639
 30
0.0
 10
7.205627106429167
 20
1.81703447320639
 30
0.0
 10
7.205458709484722
 20
1.817202870150833
 30
0.0
 10
7.205458709484722
 20
1.817397174317502
 30
0.0
  0
SPLINE
  5
E50
330
1F
100
AcDbEntity
  8
PDF_Geometry
370
     9
100
AcDbSpline
210
0.0
220
0.0
230
1.0
 70
     8
 71
     3
 72
     8
 73
     4
 74
     0
 42
0.000000001
 43
0.0000000001
 40
0.0
 40
0.0
 40
0.0
 40
0.0
 40
1.0
 40
1.0
 40
1.0
 40
1.0
 10
7.205458709484722
 20
1.817397174317502
 30
0.0
 10
7.205458709484722
 20
1.817604432095279
 30
0.0
 10
7.205627106429167
 20
1.817772829039725
 30
0.0
 10
7.205821410595834
 20
1.817772829039725
 30
0.0
  0
SPLINE
  5
E51
330
1F
100
AcDbEntity
  8
PDF_Geometry
370
     9
100
AcDbSpline
210
0.0
220
0.0
230
1.0
 70
     8
 71
     3
 72
     8
 73
     4
 74
     0
 42
0.000000001
 43
0.0000000001
 40
0.0
 40
0.0
 40
0.0
 40
0.0
 40
1.0
 40
1.0
 40
1.0
 40
1.0
 10
7.988802434206944
 20
1.817397174317502
 30
0.0
 10
7.988802434206944
 20
1.817604432095279
 30
0.0
 10
7.988957877540277
 20
1.817772829039725
 30
0.0
 10
7.989165135318056
 20
1.817772829039725
 30
0.0
  0
SPLINE
  5
E52
330
1F
100
AcDbEntity
  8
PDF_Geometry
370
     9
100
AcDbSpline
210
0.0
220
0.0
230
1.0
 70
     8
 71
     3
 72
     8
 73
     4
 74
     0
 42
0.000000001
 43
0.0000000001
 40
0.0
 40
0.0
 40
0.0
 40
0.0
 40
1.0
 40
1.0
 40
1.0
 40
1.0
 10
7.989165135318056
 20
1.817772829039725
 30
0.0
 10
7.989372393095833
 20
1.817772829039725
 30
0.0
 10
7.989527836429166
 20
1.817604432095279
 30
0.0
 10
7.989527836429166
 20
1.817397174317502
 30
0.0
  0
LWPOLYLINE
  5
E54
330
1F
100
AcDbEntity
  8
PDF_Geometry
370
     9
100
AcDbPolyline
 90
        2
 70
     1
 43
0.0
 10
6.8490400997625
 20
1.729273757928613
 10
6.8490400997625
 20
2.393949451261946
  0
LWPOLYLINE
  5
E55
330
1F
100
AcDbEntity
  8
PDF_Geometry
370
     9
100
AcDbPolyline
 90
        2
 70
     1
 43
0.0
 10
6.817886665040278
 20
1.786243739595278
 10
6.880206488095835
 20
1.848563562650834
  0
SPLINE
  5
E58
330
1F
100
AcDbEntity
  8
PDF_Geometry
370
     9
100
AcDbSpline
210
0.0
220
0.0
230
1.0
 70
     8
 71
     3
 72
     8
 73
     4
 74
     0
 42
0.000000001
 43
0.0000000001
 40
0.0
 40
0.0
 40
0.0
 40
0.0
 40
1.0
 40
1.0
 40
1.0
 40
1.0
 10
6.849415754484722
 20
1.817397174317502
 30
0.0
 10
6.849415754484722
 20
1.817202870150833
 30
0.0
 10
6.849247357540278
 20
1.81703447320639
 30
0.0
 10
6.8490400997625
 20
1.81703447320639
 30
0.0
  0
SPLINE
  5
E59
330
1F
100
AcDbEntity
  8
PDF_Geometry
370
     9
100
AcDbSpline
210
0.0
220
0.0
230
1.0
 70
     8
 71
     3
 72
     8
 73
     4
 74
     0
 42
0.000000001
 43
0.0000000001
 40
0.0
 40
0.0
 40
0.0
 40
0.0
 40
1.0
 40
1.0
 40
1.0
 40
1.0
 10
6.8490400997625
 20
1.81703447320639
 30
0.0
 10
6.848845795595833
 20
1.81703447320639
 30
0.0
 10
6.848677398651389
 20
1.817202870150833
 30
0.0
 10
6.848677398651389
 20
1.817397174317502
 30
0.0
  0
SPLINE
  5
E5A
330
1F
100
AcDbEntity
  8
PDF_Geometry
370
     9
100
AcDbSpline
210
0.0
220
0.0
230
1.0
 70
     8
 71
     3
 72
     8
 73
     4
 74
     0
 42
0.000000001
 43
0.0000000001
 40
0.0
 40
0.0
 40
0.0
 40
0.0
 40
1.0
 40
1.0
 40
1.0
 40
1.0
 10
6.848677398651389
 20
1.817397174317502
 30
0.0
 10
6.848677398651389
 20
1.817604432095279
 30
0.0
 10
6.848845795595833
 20
1.817772829039725
 30
0.0
 10
6.8490400997625
 20
1.817772829039725
 30
0.0
  0
SPLINE
  5
E5B
330
1F
100
AcDbEntity
  8
PDF_Geometry
370
     9
100
AcDbSpline
210
0.0
220
0.0
230
1.0
 70
     8
 71
     3
 72
     8
 73
     4
 74
     0
 42
0.000000001
 43
0.0000000001
 40
0.0
 40
0.0
 40
0.0
 40
0.0
 40
1.0
 40
1.0
 40
1.0
 40
1.0
 10
7.206197065318056
 20
1.817397174317502
 30
0.0
 10
7.206197065318056
 20
1.817202870150833
 30
0.0
 10
7.206028668373611
 20
1.81703447320639
 30
0.0
 10
7.205821410595834
 20
1.81703447320639
 30
0.0
  0
SPLINE
  5
E5C
330
1F
100
AcDbEntity
  8
PDF_Geometry
370
     9
100
AcDbSpline
210
0.0
220
0.0
230
1.0
 70
     8
 71
     3
 72
     8
 73
     4
 74
     0
 42
0.000000001
 43
0.0000000001
 40
0.0
 40
0.0
 40
0.0
 40
0.0
 40
1.0
 40
1.0
 40
1.0
 40
1.0
 10
7.205821410595834
 20
1.81703447320639
 30
0.0
 10
7.205627106429167
 20
1.81703447320639
 30
0.0
 10
7.205458709484722
 20
1.817202870150833
 30
0.0
 10
7.205458709484722
 20
1.817397174317502
 30
0.0
  0
SPLINE
  5
E5D
330
1F
100
AcDbEntity
  8
PDF_Geometry
370
     9
100
AcDbSpline
210
0.0
220
0.0
230
1.0
 70
     8
 71
     3
 72
     8
 73
     4
 74
     0
 42
0.000000001
 43
0.0000000001
 40
0.0
 40
0.0
 40
0.0
 40
0.0
 40
1.0
 40
1.0
 40
1.0
 40
1.0
 10
7.205458709484722
 20
1.817397174317502
 30
0.0
 10
7.205458709484722
 20
1.817604432095279
 30
0.0
 10
7.205627106429167
 20
1.817772829039725
 30
0.0
 10
7.205821410595834
 20
1.817772829039725
 30
0.0
  0
SPLINE
  5
E63
330
1F
100
AcDbEntity
  8
PDF_Geometry
370
     9
100
AcDbSpline
210
0.0
220
0.0
230
1.0
 70
     8
 71
     3
 72
     8
 73
     4
 74
     0
 42
0.000000001
 43
0.0000000001
 40
0.0
 40
0.0
 40
0.0
 40
0.0
 40
1.0
 40
1.0
 40
1.0
 40
1.0
 10
6.188470701151389
 20
1.817397174317502
 30
0.0
 10
6.188470701151389
 20
1.817202870150833
 30
0.0
 10
6.188302304206945
 20
1.81703447320639
 30
0.0
 10
6.188108000040278
 20
1.81703447320639
 30
0.0
  0
SPLINE
  5
E64
330
1F
100
AcDbEntity
  8
PDF_Geometry
370
     9
100
AcDbSpline
210
0.0
220
0.0
230
1.0
 70
     8
 71
     3
 72
     8
 73
     4
 74
     0
 42
0.000000001
 43
0.0000000001
 40
0.0
 40
0.0
 40
0.0
 40
0.0
 40
1.0
 40
1.0
 40
1.0
 40
1.0
 10
6.188108000040278
 20
1.81703447320639
 30
0.0
 10
6.187900742262501
 20
1.81703447320639
 30
0.0
 10
6.187732345318056
 20
1.817202870150833
 30
0.0
 10
6.187732345318056
 20
1.817397174317502
 30
0.0
  0
SPLINE
  5
E65
330
1F
100
AcDbEntity
  8
PDF_Geometry
370
     9
100
AcDbSpline
210
0.0
220
0.0
230
1.0
 70
     8
 71
     3
 72
     8
 73
     4
 74
     0
 42
0.000000001
 43
0.0000000001
 40
0.0
 40
0.0
 40
0.0
 40
0.0
 40
1.0
 40
1.0
 40
1.0
 40
1.0
 10
6.188108000040278
 20
1.817772829039725
 30
0.0
 10
6.188302304206945
 20
1.817772829039725
 30
0.0
 10
6.188470701151389
 20
1.817604432095279
 30
0.0
 10
6.188470701151389
 20
1.817397174317502
 30
0.0
  0
SPLINE
  5
E66
330
1F
100
AcDbEntity
  8
PDF_Geometry
370
     9
100
AcDbSpline
210
0.0
220
0.0
230
1.0
 70
     8
 71
     3
 72
     8
 73
     4
 74
     0
 42
0.000000001
 43
0.0000000001
 40
0.0
 40
0.0
 40
0.0
 40
0.0
 40
1.0
 40
1.0
 40
1.0
 40
1.0
 10
6.849415754484722
 20
1.817397174317502
 30
0.0
 10
6.849415754484722
 20
1.817202870150833
 30
0.0
 10
6.849247357540278
 20
1.81703447320639
 30
0.0
 10
6.8490400997625
 20
1.81703447320639
 30
0.0
  0
SPLINE
  5
E67
330
1F
100
AcDbEntity
  8
PDF_Geometry
370
     9
100
AcDbSpline
210
0.0
220
0.0
230
1.0
 70
     8
 71
     3
 72
     8
 73
     4
 74
     0
 42
0.000000001
 43
0.0000000001
 40
0.0
 40
0.0
 40
0.0
 40
0.0
 40
1.0
 40
1.0
 40
1.0
 40
1.0
 10
6.8490400997625
 20
1.81703447320639
 30
0.0
 10
6.848845795595833
 20
1.81703447320639
 30
0.0
 10
6.848677398651389
 20
1.817202870150833
 30
0.0
 10
6.848677398651389
 20
1.817397174317502
 30
0.0
  0
SPLINE
  5
E68
330
1F
100
AcDbEntity
  8
PDF_Geometry
370
     9
100
AcDbSpline
210
0.0
220
0.0
230
1.0
 70
     8
 71
     3
 72
     8
 73
     4
 74
     0
 42
0.000000001
 43
0.0000000001
 40
0.0
 40
0.0
 40
0.0
 40
0.0
 40
1.0
 40
1.0
 40
1.0
 40
1.0
 10
6.848677398651389
 20
1.817397174317502
 30
0.0
 10
6.848677398651389
 20
1.817604432095279
 30
0.0
 10
6.848845795595833
 20
1.817772829039725
 30
0.0
 10
6.8490400997625
 20
1.817772829039725
 30
0.0
  0
LWPOLYLINE
  5
E6A
330
1F
100
AcDbEntity
  8
PDF_Geometry
370
     9
100
AcDbPolyline
 90
        2
 70
     1
 43
0.0
 10
4.852759091429168
 20
1.729273757928613
 10
4.852759091429168
 20
2.393949451261946
  0
LWPOLYLINE
  5
E6B
330
1F
100
AcDbEntity
  8
PDF_Geometry
370
     9
100
AcDbPolyline
 90
        2
 70
     1
 43
0.0
 10
4.821605656706945
 20
1.786243739595278
 10
4.883912526151389
 20
1.848563562650834
  0
SPLINE
  5
E6E
330
1F
100
AcDbEntity
  8
PDF_Geometry
370
     9
100
AcDbSpline
210
0.0
220
0.0
230
1.0
 70
     8
 71
     3
 72
     8
 73
     4
 74
     0
 42
0.000000001
 43
0.0000000001
 40
0.0
 40
0.0
 40
0.0
 40
0.0
 40
1.0
 40
1.0
 40
1.0
 40
1.0
 10
4.852396390318056
 20
1.817397174317502
 30
0.0
 10
4.852396390318056
 20
1.817604432095279
 30
0.0
 10
4.852551833651389
 20
1.817772829039725
 30
0.0
 10
4.852759091429168
 20
1.817772829039725
 30
0.0
  0
SPLINE
  5
E6F
330
1F
100
AcDbEntity
  8
PDF_Geometry
370
     9
100
AcDbSpline
210
0.0
220
0.0
230
1.0
 70
     8
 71
     3
 72
     8
 73
     4
 74
     0
 42
0.000000001
 43
0.0000000001
 40
0.0
 40
0.0
 40
0.0
 40
0.0
 40
1.0
 40
1.0
 40
1.0
 40
1.0
 10
4.852759091429168
 20
1.817772829039725
 30
0.0
 10
4.852966349206946
 20
1.817772829039725
 30
0.0
 10
4.853121792540278
 20
1.817604432095279
 30
0.0
 10
4.853121792540278
 20
1.817397174317502
 30
0.0
  0
SPLINE
  5
E70
330
1F
100
AcDbEntity
  8
PDF_Geometry
370
     9
100
AcDbSpline
210
0.0
220
0.0
230
1.0
 70
     8
 71
     3
 72
     8
 73
     4
 74
     0
 42
0.000000001
 43
0.0000000001
 40
0.0
 40
0.0
 40
0.0
 40
0.0
 40
1.0
 40
1.0
 40
1.0
 40
1.0
 10
5.514066845873611
 20
1.817397174317502
 30
0.0
 10
5.514066845873611
 20
1.817202870150833
 30
0.0
 10
5.513898448929167
 20
1.81703447320639
 30
0.0
 10
5.513704144762501
 20
1.81703447320639
 30
0.0
  0
SPLINE
  5
E71
330
1F
100
AcDbEntity
  8
PDF_Geometry
370
     9
100
AcDbSpline
210
0.0
220
0.0
230
1.0
 70
     8
 71
     3
 72
     8
 73
     4
 74
     0
 42
0.000000001
 43
0.0000000001
 40
0.0
 40
0.0
 40
0.0
 40
0.0
 40
1.0
 40
1.0
 40
1.0
 40
1.0
 10
5.513704144762501
 20
1.81703447320639
 30
0.0
 10
5.513496886984722
 20
1.81703447320639
 30
0.0
 10
5.513328490040279
 20
1.817202870150833
 30
0.0
 10
5.513328490040279
 20
1.817397174317502
 30
0.0
  0
SPLINE
  5
E72
330
1F
100
AcDbEntity
  8
PDF_Geometry
370
     9
100
AcDbSpline
210
0.0
220
0.0
230
1.0
 70
     8
 71
     3
 72
     8
 73
     4
 74
     0
 42
0.000000001
 43
0.0000000001
 40
0.0
 40
0.0
 40
0.0
 40
0.0
 40
1.0
 40
1.0
 40
1.0
 40
1.0
 10
5.513704144762501
 20
1.817772829039725
 30
0.0
 10
5.513898448929167
 20
1.817772829039725
 30
0.0
 10
5.514066845873611
 20
1.817604432095279
 30
0.0
 10
5.514066845873611
 20
1.817397174317502
 30
0.0
  0
LWPOLYLINE
  5
E74
330
1F
100
AcDbEntity
  8
PDF_Geometry
370
     9
100
AcDbPolyline
 90
        2
 70
     1
 43
0.0
 10
4.487402490040278
 20
1.729273757928613
 10
4.487402490040278
 20
2.393949451261946
  0
LWPOLYLINE
  5
E75
330
1F
100
AcDbEntity
  8
PDF_Geometry
370
     9
100
AcDbPolyline
 90
        2
 70
     1
 43
0.0
 10
4.456249055318055
 20
1.786243739595278
 10
4.518555924762501
 20
1.848563562650834
  0
SPLINE
  5
E78
330
1F
100
AcDbEntity
  8
PDF_Geometry
370
     9
100
AcDbSpline
210
0.0
220
0.0
230
1.0
 70
     8
 71
     3
 72
     8
 73
     4
 74
     0
 42
0.000000001
 43
0.0000000001
 40
0.0
 40
0.0
 40
0.0
 40
0.0
 40
1.0
 40
1.0
 40
1.0
 40
1.0
 10
4.487778144762501
 20
1.817397174317502
 30
0.0
 10
4.487778144762501
 20
1.817202870150833
 30
0.0
 10
4.487609747818056
 20
1.81703447320639
 30
0.0
 10
4.487402490040278
 20
1.81703447320639
 30
0.0
  0
SPLINE
  5
E79
330
1F
100
AcDbEntity
  8
PDF_Geometry
370
     9
100
AcDbSpline
210
0.0
220
0.0
230
1.0
 70
     8
 71
     3
 72
     8
 73
     4
 74
     0
 42
0.000000001
 43
0.0000000001
 40
0.0
 40
0.0
 40
0.0
 40
0.0
 40
1.0
 40
1.0
 40
1.0
 40
1.0
 10
4.487402490040278
 20
1.81703447320639
 30
0.0
 10
4.487208185873612
 20
1.81703447320639
 30
0.0
 10
4.487039788929167
 20
1.817202870150833
 30
0.0
 10
4.487039788929167
 20
1.817397174317502
 30
0.0
  0
SPLINE
  5
E7A
330
1F
100
AcDbEntity
  8
PDF_Geometry
370
     9
100
AcDbSpline
210
0.0
220
0.0
230
1.0
 70
     8
 71
     3
 72
     8
 73
     4
 74
     0
 42
0.000000001
 43
0.0000000001
 40
0.0
 40
0.0
 40
0.0
 40
0.0
 40
1.0
 40
1.0
 40
1.0
 40
1.0
 10
4.487039788929167
 20
1.817397174317502
 30
0.0
 10
4.487039788929167
 20
1.817604432095279
 30
0.0
 10
4.487208185873612
 20
1.817772829039725
 30
0.0
 10
4.487402490040278
 20
1.817772829039725
 30
0.0
  0
SPLINE
  5
E7B
330
1F
100
AcDbEntity
  8
PDF_Geometry
370
     9
100
AcDbSpline
210
0.0
220
0.0
230
1.0
 70
     8
 71
     3
 72
     8
 73
     4
 74
     0
 42
0.000000001
 43
0.0000000001
 40
0.0
 40
0.0
 40
0.0
 40
0.0
 40
1.0
 40
1.0
 40
1.0
 40
1.0
 10
4.852396390318056
 20
1.817397174317502
 30
0.0
 10
4.852396390318056
 20
1.817604432095279
 30
0.0
 10
4.852551833651389
 20
1.817772829039725
 30
0.0
 10
4.852759091429168
 20
1.817772829039725
 30
0.0
  0
SPLINE
  5
E7C
330
1F
100
AcDbEntity
  8
PDF_Geometry
370
     9
100
AcDbSpline
210
0.0
220
0.0
230
1.0
 70
     8
 71
     3
 72
     8
 73
     4
 74
     0
 42
0.000000001
 43
0.0000000001
 40
0.0
 40
0.0
 40
0.0
 40
0.0
 40
1.0
 40
1.0
 40
1.0
 40
1.0
 10
4.852759091429168
 20
1.817772829039725
 30
0.0
 10
4.852966349206946
 20
1.817772829039725
 30
0.0
 10
4.853121792540278
 20
1.817604432095279
 30
0.0
 10
4.853121792540278
 20
1.817397174317502
 30
0.0
  0
LWPOLYLINE
  5
E7E
330
1F
100
AcDbEntity
  8
PDF_Geometry
370
     9
100
AcDbPolyline
 90
        4
 70
     0
 43
0.0
 10
4.334407389206945
 20
2.308274267373057
 10
4.334407389206945
 20
1.204186177928612
 10
4.334407389206945
 20
2.308274267373057
 10
4.334407389206945
 20
1.729273757928613
  0
LWPOLYLINE
  5
E7F
330
1F
100
AcDbEntity
  8
PDF_Geometry
370
     9
100
AcDbPolyline
 90
        2
 70
     0
 43
0.0
 10
4.365560823929167
 20
1.848563562650834
 10
4.303253954484723
 20
1.786243739595278
  0
SPLINE
  5
E82
330
1F
100
AcDbEntity
  8
PDF_Geometry
370
     9
100
AcDbSpline
210
0.0
220
0.0
230
1.0
 70
     8
 71
     3
 72
     8
 73
     4
 74
     0
 42
0.000000001
 43
0.0000000001
 40
0.0
 40
0.0
 40
0.0
 40
0.0
 40
1.0
 40
1.0
 40
1.0
 40
1.0
 10
4.334044688095834
 20
1.817397174317502
 30
0.0
 10
4.334044688095834
 20
1.817604432095279
 30
0.0
 10
4.334200131429167
 20
1.817772829039725
 30
0.0
 10
4.334407389206945
 20
1.817772829039725
 30
0.0
  0
SPLINE
  5
E83
330
1F
100
AcDbEntity
  8
PDF_Geometry
370
     9
100
AcDbSpline
210
0.0
220
0.0
230
1.0
 70
     8
 71
     3
 72
     8
 73
     4
 74
     0
 42
0.000000001
 43
0.0000000001
 40
0.0
 40
0.0
 40
0.0
 40
0.0
 40
1.0
 40
1.0
 40
1.0
 40
1.0
 10
4.334407389206945
 20
1.817772829039725
 30
0.0
 10
4.334614646984723
 20
1.817772829039725
 30
0.0
 10
4.334770090318056
 20
1.817604432095279
 30
0.0
 10
4.334770090318056
 20
1.817397174317502
 30
0.0
  0
SPLINE
  5
E84
330
1F
100
AcDbEntity
  8
PDF_Geometry
370
     9
100
AcDbSpline
210
0.0
220
0.0
230
1.0
 70
     8
 71
     3
 72
     8
 73
     4
 74
     0
 42
0.000000001
 43
0.0000000001
 40
0.0
 40
0.0
 40
0.0
 40
0.0
 40
1.0
 40
1.0
 40
1.0
 40
1.0
 10
4.487778144762501
 20
1.817397174317502
 30
0.0
 10
4.487778144762501
 20
1.817202870150833
 30
0.0
 10
4.487609747818056
 20
1.81703447320639
 30
0.0
 10
4.487402490040278
 20
1.81703447320639
 30
0.0
  0
SPLINE
  5
E85
330
1F
100
AcDbEntity
  8
PDF_Geometry
370
     9
100
AcDbSpline
210
0.0
220
0.0
230
1.0
 70
     8
 71
     3
 72
     8
 73
     4
 74
     0
 42
0.000000001
 43
0.0000000001
 40
0.0
 40
0.0
 40
0.0
 40
0.0
 40
1.0
 40
1.0
 40
1.0
 40
1.0
 10
4.487402490040278
 20
1.81703447320639
 30
0.0
 10
4.487208185873612
 20
1.81703447320639
 30
0.0
 10
4.487039788929167
 20
1.817202870150833
 30
0.0
 10
4.487039788929167
 20
1.817397174317502
 30
0.0
  0
SPLINE
  5
E86
330
1F
100
AcDbEntity
  8
PDF_Geometry
370
     9
100
AcDbSpline
210
0.0
220
0.0
230
1.0
 70
     8
 71
     3
 72
     8
 73
     4
 74
     0
 42
0.000000001
 43
0.0000000001
 40
0.0
 40
0.0
 40
0.0
 40
0.0
 40
1.0
 40
1.0
 40
1.0
 40
1.0
 10
4.487039788929167
 20
1.817397174317502
 30
0.0
 10
4.487039788929167
 20
1.817604432095279
 30
0.0
 10
4.487208185873612
 20
1.817772829039725
 30
0.0
 10
4.487402490040278
 20
1.817772829039725
 30
0.0
  0
LWPOLYLINE
  5
E89
330
1F
100
AcDbEntity
  8
PDF_Geometry
370
     9
100
AcDbPolyline
 90
        4
 70
     0
 43
0.0
 10
2.922567406984723
 20
1.292309594317501
 10
4.334407389206945
 20
1.292309594317501
 10
9.842243972818055
 20
1.292309594317501
 10
10.38384740698472
 20
1.292309594317501
  0
LWPOLYLINE
  5
E8B
330
1F
100
AcDbEntity
  8
PDF_Geometry
370
     9
100
AcDbPolyline
 90
        2
 70
     1
 43
0.0
 10
9.811090538095832
 20
1.26115615959528
 10
9.873397407540277
 20
1.323463029039722
  0
LWPOLYLINE
  5
E8C
330
1F
100
AcDbEntity
  8
PDF_Geometry
370
     9
100
AcDbPolyline
 90
        2
 70
     0
 43
0.0
 10
10.38384740698472
 20
2.124630922650837
 10
10.38384740698472
 20
1.204186177928612
  0
LWPOLYLINE
  5
E8D
330
1F
100
AcDbEntity
  8
PDF_Geometry
370
     9
100
AcDbPolyline
 90
        2
 70
     0
 43
0.0
 10
10.41500084170694
 20
1.323463029039722
 10
10.3526939722625
 20
1.26115615959528
  0
SPLINE
  5
E8E
330
1F
100
AcDbEntity
  8
PDF_Geometry
370
     9
100
AcDbSpline
210
0.0
220
0.0
230
1.0
 70
     8
 71
     3
 72
     8
 73
     4
 74
     0
 42
0.000000001
 43
0.0000000001
 40
0.0
 40
0.0
 40
0.0
 40
0.0
 40
1.0
 40
1.0
 40
1.0
 40
1.0
 10
9.842606673929166
 20
1.292309594317501
 30
0.0
 10
9.842606673929166
 20
1.292102336539727
 30
0.0
 10
9.842451230595834
 20
1.29194689320639
 30
0.0
 10
9.842243972818055
 20
1.29194689320639
 30
0.0
  0
SPLINE
  5
E8F
330
1F
100
AcDbEntity
  8
PDF_Geometry
370
     9
100
AcDbSpline
210
0.0
220
0.0
230
1.0
 70
     8
 71
     3
 72
     8
 73
     4
 74
     0
 42
0.000000001
 43
0.0000000001
 40
0.0
 40
0.0
 40
0.0
 40
0.0
 40
1.0
 40
1.0
 40
1.0
 40
1.0
 10
9.842243972818055
 20
1.29194689320639
 30
0.0
 10
9.842036715040277
 20
1.29194689320639
 30
0.0
 10
9.841881271706945
 20
1.292102336539727
 30
0.0
 10
9.841881271706945
 20
1.292309594317501
 30
0.0
  0
SPLINE
  5
E90
330
1F
100
AcDbEntity
  8
PDF_Geometry
370
     9
100
AcDbSpline
210
0.0
220
0.0
230
1.0
 70
     8
 71
     3
 72
     8
 73
     4
 74
     0
 42
0.000000001
 43
0.0000000001
 40
0.0
 40
0.0
 40
0.0
 40
0.0
 40
1.0
 40
1.0
 40
1.0
 40
1.0
 10
9.841881271706945
 20
1.292309594317501
 30
0.0
 10
9.841881271706945
 20
1.292516852095278
 30
0.0
 10
9.842036715040277
 20
1.292672295428612
 30
0.0
 10
9.842243972818055
 20
1.292672295428612
 30
0.0
  0
SPLINE
  5
E91
330
1F
100
AcDbEntity
  8
PDF_Geometry
370
     9
100
AcDbSpline
210
0.0
220
0.0
230
1.0
 70
     8
 71
     3
 72
     8
 73
     4
 74
     0
 42
0.000000001
 43
0.0000000001
 40
0.0
 40
0.0
 40
0.0
 40
0.0
 40
1.0
 40
1.0
 40
1.0
 40
1.0
 10
9.842243972818055
 20
1.292672295428612
 30
0.0
 10
9.842451230595834
 20
1.292672295428612
 30
0.0
 10
9.842606673929166
 20
1.292516852095278
 30
0.0
 10
9.842606673929166
 20
1.292309594317501
 30
0.0
  0
LWPOLYLINE
  5
E92
330
1F
100
AcDbEntity
  8
PDF_Geometry
370
     9
100
AcDbPolyline
 90
        2
 70
     1
 43
0.0
 10
9.842606673929166
 20
1.292309594317501
 10
9.842243972818055
 20
1.292308298956392
  0
SPLINE
  5
E93
330
1F
100
AcDbEntity
  8
PDF_Geometry
370
     9
100
AcDbSpline
210
0.0
220
0.0
230
1.0
 70
     8
 71
     3
 72
     8
 73
     4
 74
     0
 42
0.000000001
 43
0.0000000001
 40
0.0
 40
0.0
 40
0.0
 40
0.0
 40
1.0
 40
1.0
 40
1.0
 40
1.0
 10
10.38421010809583
 20
1.292309594317501
 30
0.0
 10
10.38421010809583
 20
1.292102336539727
 30
0.0
 10
10.3840546647625
 20
1.29194689320639
 30
0.0
 10
10.38384740698472
 20
1.29194689320639
 30
0.0
  0
SPLINE
  5
E94
330
1F
100
AcDbEntity
  8
PDF_Geometry
370
     9
100
AcDbSpline
210
0.0
220
0.0
230
1.0
 70
     8
 71
     3
 72
     8
 73
     4
 74
     0
 42
0.000000001
 43
0.0000000001
 40
0.0
 40
0.0
 40
0.0
 40
0.0
 40
1.0
 40
1.0
 40
1.0
 40
1.0
 10
10.38384740698472
 20
1.29194689320639
 30
0.0
 10
10.38364014920694
 20
1.29194689320639
 30
0.0
 10
10.38348470587361
 20
1.292102336539727
 30
0.0
 10
10.38348470587361
 20
1.292309594317501
 30
0.0
  0
SPLINE
  5
E95
330
1F
100
AcDbEntity
  8
PDF_Geometry
370
     9
100
AcDbSpline
210
0.0
220
0.0
230
1.0
 70
     8
 71
     3
 72
     8
 73
     4
 74
     0
 42
0.000000001
 43
0.0000000001
 40
0.0
 40
0.0
 40
0.0
 40
0.0
 40
1.0
 40
1.0
 40
1.0
 40
1.0
 10
10.38348470587361
 20
1.292309594317501
 30
0.0
 10
10.38348470587361
 20
1.292516852095278
 30
0.0
 10
10.38364014920694
 20
1.292672295428612
 30
0.0
 10
10.38384740698472
 20
1.292672295428612
 30
0.0
  0
SPLINE
  5
E96
330
1F
100
AcDbEntity
  8
PDF_Geometry
370
     9
100
AcDbSpline
210
0.0
220
0.0
230
1.0
 70
     8
 71
     3
 72
     8
 73
     4
 74
     0
 42
0.000000001
 43
0.0000000001
 40
0.0
 40
0.0
 40
0.0
 40
0.0
 40
1.0
 40
1.0
 40
1.0
 40
1.0
 10
10.38384740698472
 20
1.292672295428612
 30
0.0
 10
10.3840546647625
 20
1.292672295428612
 30
0.0
 10
10.38421010809583
 20
1.292516852095278
 30
0.0
 10
10.38421010809583
 20
1.292309594317501
 30
0.0
  0
LWPOLYLINE
  5
E97
330
1F
100
AcDbEntity
  8
PDF_Geometry
370
     9
100
AcDbPolyline
 90
        2
 70
     0
 43
0.0
 10
10.38384740698472
 20
1.292308298956392
 10
10.38421010809583
 20
1.292309594317501
  0
LWPOLYLINE
  5
E9A
330
1F
100
AcDbEntity
  8
PDF_Geometry
370
     9
100
AcDbPolyline
 90
        2
 70
     1
 43
0.0
 10
4.303253954484723
 20
1.26115615959528
 10
4.365560823929167
 20
1.323463029039722
  0
SPLINE
  5
E9D
330
1F
100
AcDbEntity
  8
PDF_Geometry
370
     9
100
AcDbSpline
210
0.0
220
0.0
230
1.0
 70
     8
 71
     3
 72
     8
 73
     4
 74
     0
 42
0.000000001
 43
0.0000000001
 40
0.0
 40
0.0
 40
0.0
 40
0.0
 40
1.0
 40
1.0
 40
1.0
 40
1.0
 10
4.334770090318056
 20
1.292309594317501
 30
0.0
 10
4.334770090318056
 20
1.292102336539727
 30
0.0
 10
4.334614646984723
 20
1.29194689320639
 30
0.0
 10
4.334407389206945
 20
1.29194689320639
 30
0.0
  0
SPLINE
  5
E9E
330
1F
100
AcDbEntity
  8
PDF_Geometry
370
     9
100
AcDbSpline
210
0.0
220
0.0
230
1.0
 70
     8
 71
     3
 72
     8
 73
     4
 74
     0
 42
0.000000001
 43
0.0000000001
 40
0.0
 40
0.0
 40
0.0
 40
0.0
 40
1.0
 40
1.0
 40
1.0
 40
1.0
 10
4.334407389206945
 20
1.29194689320639
 30
0.0
 10
4.334200131429167
 20
1.29194689320639
 30
0.0
 10
4.334044688095834
 20
1.292102336539727
 30
0.0
 10
4.334044688095834
 20
1.292309594317501
 30
0.0
  0
SPLINE
  5
E9F
330
1F
100
AcDbEntity
  8
PDF_Geometry
370
     9
100
AcDbSpline
210
0.0
220
0.0
230
1.0
 70
     8
 71
     3
 72
     8
 73
     4
 74
     0
 42
0.000000001
 43
0.0000000001
 40
0.0
 40
0.0
 40
0.0
 40
0.0
 40
1.0
 40
1.0
 40
1.0
 40
1.0
 10
4.334044688095834
 20
1.292309594317501
 30
0.0
 10
4.334044688095834
 20
1.292516852095278
 30
0.0
 10
4.334200131429167
 20
1.292672295428612
 30
0.0
 10
4.334407389206945
 20
1.292672295428612
 30
0.0
  0
SPLINE
  5
EA0
330
1F
100
AcDbEntity
  8
PDF_Geometry
370
     9
100
AcDbSpline
210
0.0
220
0.0
230
1.0
 70
     8
 71
     3
 72
     8
 73
     4
 74
     0
 42
0.000000001
 43
0.0000000001
 40
0.0
 40
0.0
 40
0.0
 40
0.0
 40
1.0
 40
1.0
 40
1.0
 40
1.0
 10
4.334407389206945
 20
1.292672295428612
 30
0.0
 10
4.334614646984723
 20
1.292672295428612
 30
0.0
 10
4.334770090318056
 20
1.292516852095278
 30
0.0
 10
4.334770090318056
 20
1.292309594317501
 30
0.0
  0
LWPOLYLINE
  5
EA1
330
1F
100
AcDbEntity
  8
PDF_Geometry
370
     9
100
AcDbPolyline
 90
        2
 70
     1
 43
0.0
 10
4.334770090318056
 20
1.292309594317501
 10
4.334408684568056
 20
1.292308298956392
  0
SPLINE
  5
EA2
330
1F
100
AcDbEntity
  8
PDF_Geometry
370
     9
100
AcDbSpline
210
0.0
220
0.0
230
1.0
 70
     8
 71
     3
 72
     8
 73
     4
 74
     0
 42
0.000000001
 43
0.0000000001
 40
0.0
 40
0.0
 40
0.0
 40
0.0
 40
1.0
 40
1.0
 40
1.0
 40
1.0
 10
9.842606673929166
 20
1.292309594317501
 30
0.0
 10
9.842606673929166
 20
1.292102336539727
 30
0.0
 10
9.842451230595834
 20
1.29194689320639
 30
0.0
 10
9.842243972818055
 20
1.29194689320639
 30
0.0
  0
SPLINE
  5
EA3
330
1F
100
AcDbEntity
  8
PDF_Geometry
370
     9
100
AcDbSpline
210
0.0
220
0.0
230
1.0
 70
     8
 71
     3
 72
     8
 73
     4
 74
     0
 42
0.000000001
 43
0.0000000001
 40
0.0
 40
0.0
 40
0.0
 40
0.0
 40
1.0
 40
1.0
 40
1.0
 40
1.0
 10
9.842243972818055
 20
1.29194689320639
 30
0.0
 10
9.842036715040277
 20
1.29194689320639
 30
0.0
 10
9.841881271706945
 20
1.292102336539727
 30
0.0
 10
9.841881271706945
 20
1.292309594317501
 30
0.0
  0
SPLINE
  5
EA4
330
1F
100
AcDbEntity
  8
PDF_Geometry
370
     9
100
AcDbSpline
210
0.0
220
0.0
230
1.0
 70
     8
 71
     3
 72
     8
 73
     4
 74
     0
 42
0.000000001
 43
0.0000000001
 40
0.0
 40
0.0
 40
0.0
 40
0.0
 40
1.0
 40
1.0
 40
1.0
 40
1.0
 10
9.841881271706945
 20
1.292309594317501
 30
0.0
 10
9.841881271706945
 20
1.292516852095278
 30
0.0
 10
9.842036715040277
 20
1.292672295428612
 30
0.0
 10
9.842243972818055
 20
1.292672295428612
 30
0.0
  0
SPLINE
  5
EA5
330
1F
100
AcDbEntity
  8
PDF_Geometry
370
     9
100
AcDbSpline
210
0.0
220
0.0
230
1.0
 70
     8
 71
     3
 72
     8
 73
     4
 74
     0
 42
0.000000001
 43
0.0000000001
 40
0.0
 40
0.0
 40
0.0
 40
0.0
 40
1.0
 40
1.0
 40
1.0
 40
1.0
 10
9.842243972818055
 20
1.292672295428612
 30
0.0
 10
9.842451230595834
 20
1.292672295428612
 30
0.0
 10
9.842606673929166
 20
1.292516852095278
 30
0.0
 10
9.842606673929166
 20
1.292309594317501
 30
0.0
  0
LWPOLYLINE
  5
EA8
330
1F
100
AcDbEntity
  8
PDF_Geometry
370
     9
100
AcDbPolyline
 90
        2
 70
     0
 43
0.0
 10
2.922567406984723
 20
2.124630922650837
 10
2.922567406984723
 20
1.204186177928612
  0
LWPOLYLINE
  5
EA9
330
1F
100
AcDbEntity
  8
PDF_Geometry
370
     9
100
AcDbPolyline
 90
        2
 70
     0
 43
0.0
 10
2.953720841706944
 20
1.323463029039722
 10
2.891413972262501
 20
1.26115615959528
  0
SPLINE
  5
EAC
330
1F
100
AcDbEntity
  8
PDF_Geometry
370
     9
100
AcDbSpline
210
0.0
220
0.0
230
1.0
 70
     8
 71
     3
 72
     8
 73
     4
 74
     0
 42
0.000000001
 43
0.0000000001
 40
0.0
 40
0.0
 40
0.0
 40
0.0
 40
1.0
 40
1.0
 40
1.0
 40
1.0
 10
2.922930108095834
 20
1.292309594317501
 30
0.0
 10
2.922930108095834
 20
1.292102336539727
 30
0.0
 10
2.9227746647625
 20
1.29194689320639
 30
0.0
 10
2.922567406984723
 20
1.29194689320639
 30
0.0
  0
SPLINE
  5
EAD
330
1F
100
AcDbEntity
  8
PDF_Geometry
370
     9
100
AcDbSpline
210
0.0
220
0.0
230
1.0
 70
     8
 71
     3
 72
     8
 73
     4
 74
     0
 42
0.000000001
 43
0.0000000001
 40
0.0
 40
0.0
 40
0.0
 40
0.0
 40
1.0
 40
1.0
 40
1.0
 40
1.0
 10
2.922567406984723
 20
1.29194689320639
 30
0.0
 10
2.922360149206945
 20
1.29194689320639
 30
0.0
 10
2.922204705873611
 20
1.292102336539727
 30
0.0
 10
2.922204705873611
 20
1.292309594317501
 30
0.0
  0
SPLINE
  5
EAE
330
1F
100
AcDbEntity
  8
PDF_Geometry
370
     9
100
AcDbSpline
210
0.0
220
0.0
230
1.0
 70
     8
 71
     3
 72
     8
 73
     4
 74
     0
 42
0.000000001
 43
0.0000000001
 40
0.0
 40
0.0
 40
0.0
 40
0.0
 40
1.0
 40
1.0
 40
1.0
 40
1.0
 10
2.922204705873611
 20
1.292309594317501
 30
0.0
 10
2.922204705873611
 20
1.292516852095278
 30
0.0
 10
2.922360149206945
 20
1.292672295428612
 30
0.0
 10
2.922567406984723
 20
1.292672295428612
 30
0.0
  0
SPLINE
  5
EAF
330
1F
100
AcDbEntity
  8
PDF_Geometry
370
     9
100
AcDbSpline
210
0.0
220
0.0
230
1.0
 70
     8
 71
     3
 72
     8
 73
     4
 74
     0
 42
0.000000001
 43
0.0000000001
 40
0.0
 40
0.0
 40
0.0
 40
0.0
 40
1.0
 40
1.0
 40
1.0
 40
1.0
 10
2.922567406984723
 20
1.292672295428612
 30
0.0
 10
2.9227746647625
 20
1.292672295428612
 30
0.0
 10
2.922930108095834
 20
1.292516852095278
 30
0.0
 10
2.922930108095834
 20
1.292309594317501
 30
0.0
  0
LWPOLYLINE
  5
EB0
330
1F
100
AcDbEntity
  8
PDF_Geometry
370
     9
100
AcDbPolyline
 90
        2
 70
     0
 43
0.0
 10
2.922567406984723
 20
1.292308298956392
 10
2.922930108095834
 20
1.292309594317501
  0
SPLINE
  5
EB1
330
1F
100
AcDbEntity
  8
PDF_Geometry
370
     9
100
AcDbSpline
210
0.0
220
0.0
230
1.0
 70
     8
 71
     3
 72
     8
 73
     4
 74
     0
 42
0.000000001
 43
0.0000000001
 40
0.0
 40
0.0
 40
0.0
 40
0.0
 40
1.0
 40
1.0
 40
1.0
 40
1.0
 10
4.334770090318056
 20
1.292309594317501
 30
0.0
 10
4.334770090318056
 20
1.292102336539727
 30
0.0
 10
4.334614646984723
 20
1.29194689320639
 30
0.0
 10
4.334407389206945
 20
1.29194689320639
 30
0.0
  0
SPLINE
  5
EB2
330
1F
100
AcDbEntity
  8
PDF_Geometry
370
     9
100
AcDbSpline
210
0.0
220
0.0
230
1.0
 70
     8
 71
     3
 72
     8
 73
     4
 74
     0
 42
0.000000001
 43
0.0000000001
 40
0.0
 40
0.0
 40
0.0
 40
0.0
 40
1.0
 40
1.0
 40
1.0
 40
1.0
 10
4.334407389206945
 20
1.29194689320639
 30
0.0
 10
4.334200131429167
 20
1.29194689320639
 30
0.0
 10
4.334044688095834
 20
1.292102336539727
 30
0.0
 10
4.334044688095834
 20
1.292309594317501
 30
0.0
  0
SPLINE
  5
EB3
330
1F
100
AcDbEntity
  8
PDF_Geometry
370
     9
100
AcDbSpline
210
0.0
220
0.0
230
1.0
 70
     8
 71
     3
 72
     8
 73
     4
 74
     0
 42
0.000000001
 43
0.0000000001
 40
0.0
 40
0.0
 40
0.0
 40
0.0
 40
1.0
 40
1.0
 40
1.0
 40
1.0
 10
4.334044688095834
 20
1.292309594317501
 30
0.0
 10
4.334044688095834
 20
1.292516852095278
 30
0.0
 10
4.334200131429167
 20
1.292672295428612
 30
0.0
 10
4.334407389206945
 20
1.292672295428612
 30
0.0
  0
SPLINE
  5
EB4
330
1F
100
AcDbEntity
  8
PDF_Geometry
370
     9
100
AcDbSpline
210
0.0
220
0.0
230
1.0
 70
     8
 71
     3
 72
     8
 73
     4
 74
     0
 42
0.000000001
 43
0.0000000001
 40
0.0
 40
0.0
 40
0.0
 40
0.0
 40
1.0
 40
1.0
 40
1.0
 40
1.0
 10
4.334407389206945
 20
1.292672295428612
 30
0.0
 10
4.334614646984723
 20
1.292672295428612
 30
0.0
 10
4.334770090318056
 20
1.292516852095278
 30
0.0
 10
4.334770090318056
 20
1.292309594317501
 30
0.0
  0
LWPOLYLINE
  5
EB7
330
1F
100
AcDbEntity
  8
PDF_Geometry
370
     9
100
AcDbPolyline
 90
        2
 70
     0
 43
0.0
 10
4.297683901706944
 20
2.344997754873059
 10
3.628733516706945
 20
2.344997754873059
  0
LWPOLYLINE
  5
EB8
330
1F
100
AcDbEntity
  8
PDF_Geometry
370
     9
100
AcDbPolyline
 90
        2
 70
     0
 43
0.0
 10
3.696714067818057
 20
2.376151189595276
 10
3.759033890873612
 20
2.313831366539723
  0
SPLINE
  5
EBB
330
1F
100
AcDbEntity
  8
PDF_Geometry
370
     9
100
AcDbSpline
210
0.0
220
0.0
230
1.0
 70
     8
 71
     3
 72
     8
 73
     4
 74
     0
 42
0.000000001
 43
0.0000000001
 40
0.0
 40
0.0
 40
0.0
 40
0.0
 40
1.0
 40
1.0
 40
1.0
 40
1.0
 10
3.727880456151391
 20
2.344635053761948
 30
0.0
 10
3.727673198373613
 20
2.344635053761948
 30
0.0
 10
3.727504801429168
 20
2.344790497095278
 30
0.0
 10
3.727504801429168
 20
2.344997754873059
 30
0.0
  0
SPLINE
  5
EBC
330
1F
100
AcDbEntity
  8
PDF_Geometry
370
     9
100
AcDbSpline
210
0.0
220
0.0
230
1.0
 70
     8
 71
     3
 72
     8
 73
     4
 74
     0
 42
0.000000001
 43
0.0000000001
 40
0.0
 40
0.0
 40
0.0
 40
0.0
 40
1.0
 40
1.0
 40
1.0
 40
1.0
 10
3.727504801429168
 20
2.344997754873059
 30
0.0
 10
3.727504801429168
 20
2.345205012650833
 30
0.0
 10
3.727673198373613
 20
2.34536045598417
 30
0.0
 10
3.727880456151391
 20
2.34536045598417
 30
0.0
  0
SPLINE
  5
EBD
330
1F
100
AcDbEntity
  8
PDF_Geometry
370
     9
100
AcDbSpline
210
0.0
220
0.0
230
1.0
 70
     8
 71
     3
 72
     8
 73
     4
 74
     0
 42
0.000000001
 43
0.0000000001
 40
0.0
 40
0.0
 40
0.0
 40
0.0
 40
1.0
 40
1.0
 40
1.0
 40
1.0
 10
3.727880456151391
 20
2.430310237650832
 30
0.0
 10
3.727673198373613
 20
2.430310237650832
 30
0.0
 10
3.727504801429168
 20
2.43046568098417
 30
0.0
 10
3.727504801429168
 20
2.430672938761944
 30
0.0
  0
SPLINE
  5
EBE
330
1F
100
AcDbEntity
  8
PDF_Geometry
370
     9
100
AcDbSpline
210
0.0
220
0.0
230
1.0
 70
     8
 71
     3
 72
     8
 73
     4
 74
     0
 42
0.000000001
 43
0.0000000001
 40
0.0
 40
0.0
 40
0.0
 40
0.0
 40
1.0
 40
1.0
 40
1.0
 40
1.0
 10
3.727504801429168
 20
2.430672938761944
 30
0.0
 10
3.727504801429168
 20
2.430880196539721
 30
0.0
 10
3.727673198373613
 20
2.431035639873055
 30
0.0
 10
3.727880456151391
 20
2.431035639873055
 30
0.0
  0
LWPOLYLINE
  5
EC1
330
1F
100
AcDbEntity
  8
PDF_Geometry
370
     9
100
AcDbPolyline
 90
        6
 70
     0
 43
0.0
 10
13.01314355300777
 20
10.41626650163722
 10
13.38119450550777
 20
10.41626650163722
 10
13.53087348189666
 20
10.41626650163722
 10
13.65938625772999
 20
10.41626650163722
 10
13.92875660078555
 20
10.41626650163722
 10
13.65938625772999
 20
10.41626650163722
  0
LWPOLYLINE
  5
EC2
330
1F
100
AcDbEntity
  8
PDF_Geometry
370
     9
100
AcDbPolyline
 90
        3
 70
     0
 43
0.0
 10
13.53087348189666
 20
10.50440287163722
 10
13.53087348189666
 20
9.734142294137221
 10
13.53087348189666
 20
10.51541344108166
  0
LWPOLYLINE
  5
EC3
330
1F
100
AcDbEntity
  8
PDF_Geometry
370
     9
100
AcDbPolyline
 90
        2
 70
     1
 43
0.0
 10
13.49972004717444
 20
10.385113066915
 10
13.56202691661888
 20
10.44743288997055
  0
LWPOLYLINE
  5
EC4
330
1F
100
AcDbEntity
  8
PDF_Geometry
370
     9
100
AcDbPolyline
 90
        2
 70
     0
 43
0.0
 10
13.65938625772999
 20
9.734142294137221
 10
13.65938625772999
 20
10.51541344108166
  0
LWPOLYLINE
  5
EC5
330
1F
100
AcDbEntity
  8
PDF_Geometry
370
     9
100
AcDbPolyline
 90
        2
 70
     0
 43
0.0
 10
13.69053969245221
 20
10.44743288997055
 10
13.62823282300777
 20
10.385113066915
  0
SPLINE
  5
EC6
330
1F
100
AcDbEntity
  8
PDF_Geometry
370
     9
100
AcDbSpline
210
0.0
220
0.0
230
1.0
 70
     8
 71
     3
 72
     8
 73
     4
 74
     0
 42
0.000000001
 43
0.0000000001
 40
0.0
 40
0.0
 40
0.0
 40
0.0
 40
1.0
 40
1.0
 40
1.0
 40
1.0
 10
13.53051078078555
 20
10.41626650163722
 30
0.0
 10
13.53051078078555
 20
10.416473759415
 30
0.0
 10
13.53066622411888
 20
10.41664215635944
 30
0.0
 10
13.53087348189666
 20
10.41664215635944
 30
0.0
  0
SPLINE
  5
EC7
330
1F
100
AcDbEntity
  8
PDF_Geometry
370
     9
100
AcDbSpline
210
0.0
220
0.0
230
1.0
 70
     8
 71
     3
 72
     8
 73
     4
 74
     0
 42
0.000000001
 43
0.0000000001
 40
0.0
 40
0.0
 40
0.0
 40
0.0
 40
1.0
 40
1.0
 40
1.0
 40
1.0
 10
13.53087348189666
 20
10.41664215635944
 30
0.0
 10
13.53108073967443
 20
10.41664215635944
 30
0.0
 10
13.53123618300777
 20
10.416473759415
 30
0.0
 10
13.53123618300777
 20
10.41626650163722
 30
0.0
  0
SPLINE
  5
EC8
330
1F
100
AcDbEntity
  8
PDF_Geometry
370
     9
100
AcDbSpline
210
0.0
220
0.0
230
1.0
 70
     8
 71
     3
 72
     8
 73
     4
 74
     0
 42
0.000000001
 43
0.0000000001
 40
0.0
 40
0.0
 40
0.0
 40
0.0
 40
1.0
 40
1.0
 40
1.0
 40
1.0
 10
13.65976191245222
 20
10.41626650163722
 30
0.0
 10
13.65976191245222
 20
10.41607219747055
 30
0.0
 10
13.65959351550777
 20
10.41590380052611
 30
0.0
 10
13.65938625772999
 20
10.41590380052611
 30
0.0
  0
SPLINE
  5
EC9
330
1F
100
AcDbEntity
  8
PDF_Geometry
370
     9
100
AcDbSpline
210
0.0
220
0.0
230
1.0
 70
     8
 71
     3
 72
     8
 73
     4
 74
     0
 42
0.000000001
 43
0.0000000001
 40
0.0
 40
0.0
 40
0.0
 40
0.0
 40
1.0
 40
1.0
 40
1.0
 40
1.0
 10
13.65938625772999
 20
10.41590380052611
 30
0.0
 10
13.65919195356332
 20
10.41590380052611
 30
0.0
 10
13.65902355661889
 20
10.41607219747055
 30
0.0
 10
13.65902355661889
 20
10.41626650163722
 30
0.0
  0
SPLINE
  5
ECA
330
1F
100
AcDbEntity
  8
PDF_Geometry
370
     9
100
AcDbSpline
210
0.0
220
0.0
230
1.0
 70
     8
 71
     3
 72
     8
 73
     4
 74
     0
 42
0.000000001
 43
0.0000000001
 40
0.0
 40
0.0
 40
0.0
 40
0.0
 40
1.0
 40
1.0
 40
1.0
 40
1.0
 10
13.65902355661889
 20
10.41626650163722
 30
0.0
 10
13.65902355661889
 20
10.416473759415
 30
0.0
 10
13.65919195356332
 20
10.41664215635944
 30
0.0
 10
13.65938625772999
 20
10.41664215635944
 30
0.0
  0
LWPOLYLINE
  5
ECD
330
1F
100
AcDbEntity
  8
PDF_Geometry
370
     9
100
AcDbPolyline
 90
        6
 70
     0
 43
0.0
 10
13.38491219189666
 20
9.598271867192776
 10
13.25667144189666
 20
8.930616843303887
 10
12.46630685995222
 20
8.930616843303887
 42
0.9999993779239504
 10
12.46630685995222
 20
8.675430704414999
 10
13.25667144189666
 20
8.675430704414999
 42
1.000079232910846
 10
13.25667144189656
 20
8.93062253099838
  0
LWPOLYLINE
  5
ED2
330
1F
100
AcDbEntity
  8
PDF_Geometry
370
     9
100
AcDbPolyline
 90
        6
 70
     0
 43
0.0
 10
13.13353441467443
 20
5.658029485803888
 42
1.000014243148109
 10
13.13353441467443
 20
5.913215624692776
 10
12.22376344550777
 20
5.913215624692776
 42
0.9999993779240616
 10
12.22376344550777
 20
5.658029485803888
 10
13.13353441467443
 20
5.658029485803888
 10
13.54057573661889
 20
5.477326610803888
  0
LWPOLYLINE
  5
ED7
330
1F
100
AcDbEntity
  8
PDF_Geometry
370
     9
100
AcDbPolyline
 90
        6
 70
     0
 43
0.0
 10
13.6422615838411
 20
5.728782109692777
 10
13.98011766884111
 20
6.103802104970554
 10
14.33946379467444
 20
6.103802104970554
 42
0.9999885450689616
 10
14.33946379467444
 20
6.359001197470554
 10
13.98011766884111
 20
6.359001197470554
 42
1.000068400551755
 10
13.98011490471572
 20
6.103809370698375
  0
LWPOLYLINE
  5
EDC
330
1F
100
AcDbEntity
  8
PDF_Geometry
370
     9
100
AcDbPolyline
 90
        6
 70
     0
 43
0.0
 10
13.86138486939666
 20
9.404252679970554
 42
0.9999560526053912
 10
13.86138486939666
 20
9.149053587470554
 10
14.22073099522999
 20
9.149053587470554
 42
0.9999709202937051
 10
14.22073099522999
 20
9.404252679970554
 10
13.86138486939666
 20
9.404252679970554
 10
13.64262428495221
 20
9.630798384692775
  0
LWPOLYLINE
  5
EE1
330
1F
100
AcDbEntity
  8
PDF_Geometry
370
     9
100
AcDbPolyline
 90
        6
 70
     0
 43
0.0
 10
14.00620624161889
 20
5.317764029137221
 42
0.9999560526068872
 10
14.00620624161889
 20
5.062564936637221
 10
15.28774584967444
 20
5.062564936637221
 42
0.9999560526063582
 10
15.28774584967444
 20
5.317764029137221
 10
14.00620624161889
 20
5.317764029137221
 10
13.59503271773
 20
5.54566986302611
  0
LWPOLYLINE
  5
EE6
330
1F
100
AcDbEntity
  8
PDF_Geometry
370
     9
100
AcDbPolyline
 90
        6
 70
     0
 43
0.0
 10
13.65711937578555
 20
9.685216504970554
 10
13.89731818661889
 20
9.951231862748333
 10
14.67638721967444
 20
9.951231862748333
 42
0.9999885450688083
 10
14.67638721967444
 20
10.20643095524833
 10
13.89731818661889
 20
10.20643095524833
 42
1.000003413241168
 10
13.89732095053736
 20
9.951217016333673
  0
LWPOLYLINE
  5
EEB
330
1F
100
AcDbEntity
  8
PDF_Geometry
370
     9
100
AcDbPolyline
 90
        6
 70
     0
 43
0.0
 10
13.33125833467444
 20
7.483672574970555
 42
0.9999354075515867
 10
13.33125833467444
 20
7.619543001914999
 10
12.29217146578555
 20
7.619543001914999
 42
0.9999354075523445
 10
12.29217146578555
 20
7.483672574970555
 10
13.33125833467444
 20
7.483672574970555
 10
13.59700166661888
 20
7.347711472748333
  0
LWPOLYLINE
  5
EF0
330
1F
100
AcDbEntity
  8
PDF_Geometry
370
     9
100
AcDbPolyline
 90
        6
 70
     0
 43
0.0
 10
13.20442952828555
 20
6.11354322052611
 42
1.00006840055225
 10
13.20442952828555
 20
6.36874231302611
 10
12.73620830106333
 20
6.36874231302611
 42
0.9999885450687802
 10
12.73620830106333
 20
6.11354322052611
 10
13.20442952828555
 20
6.11354322052611
 10
13.53942286522999
 20
5.748963835803888
  0
LWPOLYLINE
  5
EF5
330
1F
100
AcDbEntity
  8
PDF_Geometry
370
     9
100
AcDbPolyline
 90
        6
 70
     0
 43
0.0
 10
12.75085883522999
 20
10.05272340580389
 42
0.9999885450706738
 10
12.75085883522999
 20
10.30792249830389
 10
11.92323966773
 20
10.30792249830389
 42
0.9999885450693167
 10
11.92323966773
 20
10.05272340580389
 10
12.75085883522999
 20
10.05272340580389
 10
13.4943183913411
 20
9.654114884692777
  0
LWPOLYLINE
  5
EFA
330
1F
100
AcDbEntity
  8
PDF_Geometry
370
     9
100
AcDbPolyline
 90
        6
 70
     0
 43
0.0
 10
13.37131090023
 20
9.639736376359442
 10
13.06644766272999
 20
9.344070202748332
 10
12.53752581384111
 20
9.344070202748332
 42
0.9999557534712977
 10
12.53752581384111
 20
9.208212729414999
 10
13.06644766272999
 20
9.208212729414999
 42
0.9999557534701605
 10
13.06644766272999
 20
9.344076214368925
  0
LWPOLYLINE
  5
F00
330
1F
100
AcDbEntity
  8
PDF_Geometry
370
     9
100
AcDbPolyline
 90
        3
 70
     0
 43
0.0
 10
13.38119450550777
 20
10.51541344108166
 10
13.38119450550777
 20
9.715774073581664
 10
13.38119450550777
 20
10.50440287163722
  0
LWPOLYLINE
  5
F01
330
1F
100
AcDbEntity
  8
PDF_Geometry
370
     9
100
AcDbPolyline
 90
        2
 70
     1
 43
0.0
 10
13.35004107078554
 20
10.385113066915
 10
13.41234794022999
 20
10.44743288997055
  0
SPLINE
  5
F04
330
1F
100
AcDbEntity
  8
PDF_Geometry
370
     9
100
AcDbSpline
210
0.0
220
0.0
230
1.0
 70
     8
 71
     3
 72
     8
 73
     4
 74
     0
 42
0.000000001
 43
0.0000000001
 40
0.0
 40
0.0
 40
0.0
 40
0.0
 40
1.0
 40
1.0
 40
1.0
 40
1.0
 10
13.38157016022999
 20
10.41626650163722
 30
0.0
 10
13.38157016022999
 20
10.41607219747055
 30
0.0
 10
13.38140176328555
 20
10.41590380052611
 30
0.0
 10
13.38119450550777
 20
10.41590380052611
 30
0.0
  0
SPLINE
  5
F05
330
1F
100
AcDbEntity
  8
PDF_Geometry
370
     9
100
AcDbSpline
210
0.0
220
0.0
230
1.0
 70
     8
 71
     3
 72
     8
 73
     4
 74
     0
 42
0.000000001
 43
0.0000000001
 40
0.0
 40
0.0
 40
0.0
 40
0.0
 40
1.0
 40
1.0
 40
1.0
 40
1.0
 10
13.38119450550777
 20
10.41590380052611
 30
0.0
 10
13.3810002013411
 20
10.41590380052611
 30
0.0
 10
13.38083180439666
 20
10.41607219747055
 30
0.0
 10
13.38083180439666
 20
10.41626650163722
 30
0.0
  0
SPLINE
  5
F06
330
1F
100
AcDbEntity
  8
PDF_Geometry
370
     9
100
AcDbSpline
210
0.0
220
0.0
230
1.0
 70
     8
 71
     3
 72
     8
 73
     4
 74
     0
 42
0.000000001
 43
0.0000000001
 40
0.0
 40
0.0
 40
0.0
 40
0.0
 40
1.0
 40
1.0
 40
1.0
 40
1.0
 10
13.38083180439666
 20
10.41626650163722
 30
0.0
 10
13.38083180439666
 20
10.416473759415
 30
0.0
 10
13.3810002013411
 20
10.41664215635944
 30
0.0
 10
13.38119450550777
 20
10.41664215635944
 30
0.0
  0
SPLINE
  5
F07
330
1F
100
AcDbEntity
  8
PDF_Geometry
370
     9
100
AcDbSpline
210
0.0
220
0.0
230
1.0
 70
     8
 71
     3
 72
     8
 73
     4
 74
     0
 42
0.000000001
 43
0.0000000001
 40
0.0
 40
0.0
 40
0.0
 40
0.0
 40
1.0
 40
1.0
 40
1.0
 40
1.0
 10
13.53051078078555
 20
10.41626650163722
 30
0.0
 10
13.53051078078555
 20
10.416473759415
 30
0.0
 10
13.53066622411888
 20
10.41664215635944
 30
0.0
 10
13.53087348189666
 20
10.41664215635944
 30
0.0
  0
SPLINE
  5
F08
330
1F
100
AcDbEntity
  8
PDF_Geometry
370
     9
100
AcDbSpline
210
0.0
220
0.0
230
1.0
 70
     8
 71
     3
 72
     8
 73
     4
 74
     0
 42
0.000000001
 43
0.0000000001
 40
0.0
 40
0.0
 40
0.0
 40
0.0
 40
1.0
 40
1.0
 40
1.0
 40
1.0
 10
13.53087348189666
 20
10.41664215635944
 30
0.0
 10
13.53108073967443
 20
10.41664215635944
 30
0.0
 10
13.53123618300777
 20
10.416473759415
 30
0.0
 10
13.53123618300777
 20
10.41626650163722
 30
0.0
  0
LWPOLYLINE
  5
F0A
330
1F
100
AcDbEntity
  8
PDF_Geometry
370
     9
100
AcDbPolyline
 90
        2
 70
     0
 43
0.0
 10
13.01314355300777
 20
9.723118771081665
 10
13.01314355300777
 20
10.51541344108166
  0
LWPOLYLINE
  5
F0B
330
1F
100
AcDbEntity
  8
PDF_Geometry
370
     9
100
AcDbPolyline
 90
        2
 70
     0
 43
0.0
 10
13.04429698772999
 20
10.44743288997055
 10
12.98197716467443
 20
10.385113066915
  0
SPLINE
  5
F0E
330
1F
100
AcDbEntity
  8
PDF_Geometry
370
     9
100
AcDbSpline
210
0.0
220
0.0
230
1.0
 70
     8
 71
     3
 72
     8
 73
     4
 74
     0
 42
0.000000001
 43
0.0000000001
 40
0.0
 40
0.0
 40
0.0
 40
0.0
 40
1.0
 40
1.0
 40
1.0
 40
1.0
 10
13.01350625411888
 20
10.41626650163722
 30
0.0
 10
13.01350625411888
 20
10.41607219747055
 30
0.0
 10
13.01333785717444
 20
10.41590380052611
 30
0.0
 10
13.01314355300777
 20
10.41590380052611
 30
0.0
  0
SPLINE
  5
F0F
330
1F
100
AcDbEntity
  8
PDF_Geometry
370
     9
100
AcDbSpline
210
0.0
220
0.0
230
1.0
 70
     8
 71
     3
 72
     8
 73
     4
 74
     0
 42
0.000000001
 43
0.0000000001
 40
0.0
 40
0.0
 40
0.0
 40
0.0
 40
1.0
 40
1.0
 40
1.0
 40
1.0
 10
13.01314355300777
 20
10.41590380052611
 30
0.0
 10
13.01293629522999
 20
10.41590380052611
 30
0.0
 10
13.01276789828555
 20
10.41607219747055
 30
0.0
 10
13.01276789828555
 20
10.41626650163722
 30
0.0
  0
SPLINE
  5
F10
330
1F
100
AcDbEntity
  8
PDF_Geometry
370
     9
100
AcDbSpline
210
0.0
220
0.0
230
1.0
 70
     8
 71
     3
 72
     8
 73
     4
 74
     0
 42
0.000000001
 43
0.0000000001
 40
0.0
 40
0.0
 40
0.0
 40
0.0
 40
1.0
 40
1.0
 40
1.0
 40
1.0
 10
13.01314355300777
 20
10.41664215635944
 30
0.0
 10
13.01333785717444
 20
10.41664215635944
 30
0.0
 10
13.01350625411888
 20
10.416473759415
 30
0.0
 10
13.01350625411888
 20
10.41626650163722
 30
0.0
  0
SPLINE
  5
F11
330
1F
100
AcDbEntity
  8
PDF_Geometry
370
     9
100
AcDbSpline
210
0.0
220
0.0
230
1.0
 70
     8
 71
     3
 72
     8
 73
     4
 74
     0
 42
0.000000001
 43
0.0000000001
 40
0.0
 40
0.0
 40
0.0
 40
0.0
 40
1.0
 40
1.0
 40
1.0
 40
1.0
 10
13.38157016022999
 20
10.41626650163722
 30
0.0
 10
13.38157016022999
 20
10.41607219747055
 30
0.0
 10
13.38140176328555
 20
10.41590380052611
 30
0.0
 10
13.38119450550777
 20
10.41590380052611
 30
0.0
  0
SPLINE
  5
F12
330
1F
100
AcDbEntity
  8
PDF_Geometry
370
     9
100
AcDbSpline
210
0.0
220
0.0
230
1.0
 70
     8
 71
     3
 72
     8
 73
     4
 74
     0
 42
0.000000001
 43
0.0000000001
 40
0.0
 40
0.0
 40
0.0
 40
0.0
 40
1.0
 40
1.0
 40
1.0
 40
1.0
 10
13.38119450550777
 20
10.41590380052611
 30
0.0
 10
13.3810002013411
 20
10.41590380052611
 30
0.0
 10
13.38083180439666
 20
10.41607219747055
 30
0.0
 10
13.38083180439666
 20
10.41626650163722
 30
0.0
  0
SPLINE
  5
F13
330
1F
100
AcDbEntity
  8
PDF_Geometry
370
     9
100
AcDbSpline
210
0.0
220
0.0
230
1.0
 70
     8
 71
     3
 72
     8
 73
     4
 74
     0
 42
0.000000001
 43
0.0000000001
 40
0.0
 40
0.0
 40
0.0
 40
0.0
 40
1.0
 40
1.0
 40
1.0
 40
1.0
 10
13.38083180439666
 20
10.41626650163722
 30
0.0
 10
13.38083180439666
 20
10.416473759415
 30
0.0
 10
13.3810002013411
 20
10.41664215635944
 30
0.0
 10
13.38119450550777
 20
10.41664215635944
 30
0.0
  0
LWPOLYLINE
  5
F14
330
1F
100
AcDbEntity
  8
PDF_Geometry
370
     9
100
AcDbPolyline
 90
        2
 70
     0
 43
0.0
 10
14.66453466550778
 20
5.648702885803888
 10
14.66453466550778
 20
9.69741880663722
  0
LWPOLYLINE
  5
F15
330
1F
100
AcDbEntity
  8
PDF_Geometry
370
     9
100
AcDbPolyline
 90
        2
 70
     0
 43
0.0
 10
13.68600592856333
 20
5.648702885803888
 10
14.75265808189666
 20
5.648702885803888
  0
LWPOLYLINE
  5
F16
330
1F
100
AcDbEntity
  8
PDF_Geometry
370
     9
100
AcDbPolyline
 90
        2
 70
     0
 43
0.0
 10
14.63338123078555
 20
5.67985632052611
 10
14.69568810022999
 20
5.617549451081665
  0
LWPOLYLINE
  5
F17
330
1F
100
AcDbEntity
  8
PDF_Geometry
370
     9
100
AcDbPolyline
 90
        2
 70
     0
 43
0.0
 10
13.69610974523
 20
9.69741880663722
 10
14.75265808189666
 20
9.69741880663722
  0
LWPOLYLINE
  5
F18
330
1F
100
AcDbEntity
  8
PDF_Geometry
370
     9
100
AcDbPolyline
 90
        2
 70
     0
 43
0.0
 10
14.63338123078555
 20
9.728572241359444
 10
14.69568810022999
 20
9.666265371914999
  0
SPLINE
  5
F19
330
1F
100
AcDbEntity
  8
PDF_Geometry
370
     9
100
AcDbSpline
210
0.0
220
0.0
230
1.0
 70
     8
 71
     3
 72
     8
 73
     4
 74
     0
 42
0.000000001
 43
0.0000000001
 40
0.0
 40
0.0
 40
0.0
 40
0.0
 40
1.0
 40
1.0
 40
1.0
 40
1.0
 10
14.66489736661888
 20
5.648702885803888
 30
0.0
 10
14.66489736661888
 20
5.64849562802611
 30
0.0
 10
14.66474192328555
 20
5.648327231081665
 30
0.0
 10
14.66453466550778
 20
5.648327231081665
 30
0.0
  0
SPLINE
  5
F1A
330
1F
100
AcDbEntity
  8
PDF_Geometry
370
     9
100
AcDbSpline
210
0.0
220
0.0
230
1.0
 70
     8
 71
     3
 72
     8
 73
     4
 74
     0
 42
0.000000001
 43
0.0000000001
 40
0.0
 40
0.0
 40
0.0
 40
0.0
 40
1.0
 40
1.0
 40
1.0
 40
1.0
 10
14.66453466550778
 20
5.648327231081665
 30
0.0
 10
14.66432740772999
 20
5.648327231081665
 30
0.0
 10
14.66417196439667
 20
5.64849562802611
 30
0.0
 10
14.66417196439667
 20
5.648702885803888
 30
0.0
  0
SPLINE
  5
F1B
330
1F
100
AcDbEntity
  8
PDF_Geometry
370
     9
100
AcDbSpline
210
0.0
220
0.0
230
1.0
 70
     8
 71
     3
 72
     8
 73
     4
 74
     0
 42
0.000000001
 43
0.0000000001
 40
0.0
 40
0.0
 40
0.0
 40
0.0
 40
1.0
 40
1.0
 40
1.0
 40
1.0
 10
14.66417196439667
 20
5.648702885803888
 30
0.0
 10
14.66417196439667
 20
5.648910143581666
 30
0.0
 10
14.66432740772999
 20
5.649065586914999
 30
0.0
 10
14.66453466550778
 20
5.649065586914999
 30
0.0
  0
SPLINE
  5
F1C
330
1F
100
AcDbEntity
  8
PDF_Geometry
370
     9
100
AcDbSpline
210
0.0
220
0.0
230
1.0
 70
     8
 71
     3
 72
     8
 73
     4
 74
     0
 42
0.000000001
 43
0.0000000001
 40
0.0
 40
0.0
 40
0.0
 40
0.0
 40
1.0
 40
1.0
 40
1.0
 40
1.0
 10
14.66453466550778
 20
5.649065586914999
 30
0.0
 10
14.66474192328555
 20
5.649065586914999
 30
0.0
 10
14.66489736661888
 20
5.648910143581666
 30
0.0
 10
14.66489736661888
 20
5.648702885803888
 30
0.0
  0
LWPOLYLINE
  5
F1D
330
1F
100
AcDbEntity
  8
PDF_Geometry
370
     9
100
AcDbPolyline
 90
        2
 70
     0
 43
0.0
 10
14.66453337014666
 20
5.648700295081666
 10
14.66489736661888
 20
5.648702885803888
  0
SPLINE
  5
F1E
330
1F
100
AcDbEntity
  8
PDF_Geometry
370
     9
100
AcDbSpline
210
0.0
220
0.0
230
1.0
 70
     8
 71
     3
 72
     8
 73
     4
 74
     0
 42
0.000000001
 43
0.0000000001
 40
0.0
 40
0.0
 40
0.0
 40
0.0
 40
1.0
 40
1.0
 40
1.0
 40
1.0
 10
14.66489736661888
 20
9.69741880663722
 30
0.0
 10
14.66489736661888
 20
9.697211548859442
 30
0.0
 10
14.66474192328555
 20
9.69705610552611
 30
0.0
 10
14.66453466550778
 20
9.69705610552611
 30
0.0
  0
SPLINE
  5
F1F
330
1F
100
AcDbEntity
  8
PDF_Geometry
370
     9
100
AcDbSpline
210
0.0
220
0.0
230
1.0
 70
     8
 71
     3
 72
     8
 73
     4
 74
     0
 42
0.000000001
 43
0.0000000001
 40
0.0
 40
0.0
 40
0.0
 40
0.0
 40
1.0
 40
1.0
 40
1.0
 40
1.0
 10
14.66453466550778
 20
9.69705610552611
 30
0.0
 10
14.66432740772999
 20
9.69705610552611
 30
0.0
 10
14.66417196439667
 20
9.697211548859442
 30
0.0
 10
14.66417196439667
 20
9.69741880663722
 30
0.0
  0
SPLINE
  5
F20
330
1F
100
AcDbEntity
  8
PDF_Geometry
370
     9
100
AcDbSpline
210
0.0
220
0.0
230
1.0
 70
     8
 71
     3
 72
     8
 73
     4
 74
     0
 42
0.000000001
 43
0.0000000001
 40
0.0
 40
0.0
 40
0.0
 40
0.0
 40
1.0
 40
1.0
 40
1.0
 40
1.0
 10
14.66417196439667
 20
9.69741880663722
 30
0.0
 10
14.66417196439667
 20
9.697626064414999
 30
0.0
 10
14.66432740772999
 20
9.697781507748331
 30
0.0
 10
14.66453466550778
 20
9.697781507748331
 30
0.0
  0
SPLINE
  5
F21
330
1F
100
AcDbEntity
  8
PDF_Geometry
370
     9
100
AcDbSpline
210
0.0
220
0.0
230
1.0
 70
     8
 71
     3
 72
     8
 73
     4
 74
     0
 42
0.000000001
 43
0.0000000001
 40
0.0
 40
0.0
 40
0.0
 40
0.0
 40
1.0
 40
1.0
 40
1.0
 40
1.0
 10
14.66453466550778
 20
9.697781507748331
 30
0.0
 10
14.66474192328555
 20
9.697781507748331
 30
0.0
 10
14.66489736661888
 20
9.697626064414999
 30
0.0
 10
14.66489736661888
 20
9.69741880663722
 30
0.0
  0
LWPOLYLINE
  5
F22
330
1F
100
AcDbEntity
  8
PDF_Geometry
370
     9
100
AcDbPolyline
 90
        2
 70
     0
 43
0.0
 10
14.66453337014666
 20
9.69741751127611
 10
14.66489736661888
 20
9.69741880663722
  0
MTEXT
  5
F23
330
1F
100
AcDbEntity
  8
PDF_Text
100
AcDbMText
 10
2.787984594891944
 20
10.73958714530528
 30
0.0
 40
0.1329485021381293
 41
0.0
 46
0.0
 71
     7
 72
     5
  1
2
  7
PDF Arial
 73
     1
 44
1.0
  0
MTEXT
  5
F24
330
1F
100
AcDbEntity
  8
PDF_Text
100
AcDbMText
 10
9.592591318662776
 20
10.73402434654972
 30
0.0
 40
0.1329485021381293
 41
0.0
 46
0.0
 71
     7
 72
     5
  1
1'
  7
PDF Arial
 73
     1
 44
1.0
  0
MTEXT
  5
F25
330
1F
100
AcDbEntity
  8
PDF_Text
100
AcDbMText
 10
6.327392234610555
 20
10.33670849219861
 30
0.0
 40
0.0953208677625868
 41
0.0
 46
0.0
 71
     7
 72
     5
  1
5991
  7
PDF Arial
 73
     1
 44
1.0
  0
MTEXT
  5
F26
330
1F
100
AcDbEntity
  8
PDF_Text
100
AcDbMText
 10
5.070754130410556
 20
9.790107749169445
 30
0.0
 40
0.0794371472881402
 41
0.0
 46
0.0
 71
     7
 72
     5
  1
NEW_CLIP
  7
PDF Arial
 73
     1
 44
1.0
  0
MTEXT
  5
F27
330
1F
100
AcDbEntity
  8
PDF_Text
100
AcDbMText
 10
5.070754130410556
 20
9.685685153666945
 30
0.0
 40
0.0834706664979384
 41
0.0
 46
0.0
 71
     7
 72
     5
  1
NCL-1
  7
PDF Arial
 73
     1
 44
1.0
  0
MTEXT
  5
F28
330
1F
100
AcDbEntity
  8
PDF_Text
100
AcDbMText
 10
12.55955525599472
 20
9.22234620137095
 30
0.0
 40
0.0794371472881402
 41
0.0
 46
0.0
 71
     7
 72
     5
  1
Ø 12 x 2
  7
PDF Arial
 73
     1
 44
1.0
  0
MTEXT
  5
F29
330
1F
100
AcDbEntity
  8
PDF_Text
100
AcDbMText
 10
2.428515241356112
 20
8.792765044957501
 30
0.0
 40
0.1168515151307508
 41
0.0
 46
0.0
 71
     7
 72
     5
  1
A
  7
PDF Arial
 73
     1
 44
1.0
  0
MTEXT
  5
F2A
330
1F
100
AcDbEntity
  8
PDF_Text
100
AcDbMText
 10
3.366930828705832
 20
8.878706425554723
 30
0.0
 40
0.0953208677625868
 41
0.0
 46
0.0
 71
     7
 72
     5
  1
1154
  7
PDF Arial
 73
     1
 44
1.0
  0
MTEXT
  5
F2B
330
1F
100
AcDbEntity
  8
PDF_Text
100
AcDbMText
 10
5.24075328110611
 20
9.045679794045279
 30
0.0
 40
0.0794371472881402
 41
0.0
 46
0.0
 71
     7
 72
     5
  1
U-CHANNEL
  7
PDF Arial
 73
     1
 44
1.0
  0
MTEXT
  5
F2C
330
1F
100
AcDbEntity
  8
PDF_Text
100
AcDbMText
 10
5.24075328110611
 20
8.926608672185833
 30
0.0
 40
0.0834706664979384
 41
0.0
 46
0.0
 71
     7
 72
     5
  1
UC-1
  7
PDF Arial
 73
     1
 44
1.0
  0
MTEXT
  5
F2D
330
1F
100
AcDbEntity
  8
PDF_Text
100
AcDbMText
 10
9.07781841421111
 20
8.980100557454722
 30
0.0
 40
0.1168515151307508
 41
0.0
 46
0.0
 71
     7
 72
     5
  1
B
  7
PDF Arial
 73
     1
 44
1.0
  0
MTEXT
  5
F2E
330
1F
100
AcDbEntity
  8
PDF_Text
100
AcDbMText
 10
6.826769176390556
 20
8.878706425554723
 30
0.0
 40
0.0953208677625868
 41
0.0
 46
0.0
 71
     7
 72
     5
  1
4500
  7
PDF Arial
 73
     1
 44
1.0
  0
MTEXT
  5
F2F
330
1F
100
AcDbEntity
  8
PDF_Text
100
AcDbMText
 10
9.8981758779975
 20
8.880703872388057
 30
0.0
 40
0.0953208677625868
 41
0.0
 46
0.0
 71
     7
 72
     5
  1
442
  7
PDF Arial
 73
     1
 44
1.0
  0
MTEXT
  5
F30
330
1F
100
AcDbEntity
  8
PDF_Text
100
AcDbMText
 10
10.56738533521972
 20
8.792765044957501
 30
0.0
 40
0.1168515151307508
 41
0.0
 46
0.0
 71
     7
 72
     5
  1
A
  7
PDF Arial
 73
     1
 44
1.0
  0
MTEXT
  5
F31
330
1F
100
AcDbEntity
  8
PDF_Text
100
AcDbMText
 10
5.389533276883889
 20
8.20212322883639
 30
0.0
 40
0.0953208677625868
 41
0.0
 46
0.0
 71
     7
 72
     5
  1
2152
  7
PDF Arial
 73
     1
 44
1.0
  0
MTEXT
  5
F32
330
1F
100
AcDbEntity
  8
PDF_Text
100
AcDbMText
 10
4.958974842364166
 20
7.890794390654445
 30
0.0
 40
0.0794371472881402
 41
0.0
 46
0.0
 71
     7
 72
     5
  1
New_Channel
  7
PDF Arial
 73
     1
 44
1.0
  0
MTEXT
  5
F33
330
1F
100
AcDbEntity
  8
PDF_Text
100
AcDbMText
 10
4.958974842364166
 20
7.786371795151945
 30
0.0
 40
0.0834706664979384
 41
0.0
 46
0.0
 71
     7
 72
     5
  1
NC-1
  7
PDF Arial
 73
     1
 44
1.0
  0
MTEXT
  5
F34
330
1F
100
AcDbEntity
  8
PDF_Text
100
AcDbMText
 10
12.31420158152694
 20
7.489397151375277
 30
0.0
 40
0.0794371472881402
 41
0.0
 46
0.0
 71
     7
 72
     5
  1
Sandwich_Panel
  7
PDF Arial
 73
     1
 44
1.0
  0
MTEXT
  5
F35
330
1F
100
AcDbEntity
  8
PDF_Text
100
AcDbMText
 10
0.8995594071499999
 20
7.322657699194167
 30
0.0
 40
0.1329485021381293
 41
0.0
 46
0.0
 71
     7
 72
     5
  1
+1220
  7
PDF Arial
 73
     1
 44
1.0
  0
MTEXT
  5
F36
330
1F
100
AcDbEntity
  8
PDF_Text
100
AcDbMText
 10
3.892268348632221
 20
6.645065403216667
 30
0.0
 40
0.0794371472881402
 41
0.0
 46
0.0
 71
     7
 72
     5
  1
DOOR_ROUND_BAR
  7
PDF Arial
 73
     1
 44
1.0
  0
MTEXT
  5
F37
330
1F
100
AcDbEntity
  8
PDF_Text
100
AcDbMText
 10
3.892268348632221
 20
6.542042108600834
 30
0.0
 40
0.0834706664979384
 41
0.0
 46
0.0
 71
     7
 72
     5
  1
DRB-1
  7
PDF Arial
 73
     1
 44
1.0
  0
MTEXT
  5
F38
330
1F
100
AcDbEntity
  8
PDF_Text
100
AcDbMText
 10
3.891469939857778
 20
6.223410620340557
 30
0.0
 40
0.0794371472881402
 41
0.0
 46
0.0
 71
     7
 72
     5
  1
DOOR_ANGLE
  7
PDF Arial
 73
     1
 44
1.0
  0
MTEXT
  5
F39
330
1F
100
AcDbEntity
  8
PDF_Text
100
AcDbMText
 10
3.891469939857778
 20
6.118988037791667
 30
0.0
 40
0.0834706664979384
 41
0.0
 46
0.0
 71
     7
 72
     5
  1
DA-3
  7
PDF Arial
 73
     1
 44
1.0
  0
MTEXT
  5
F3A
330
1F
100
AcDbEntity
  8
PDF_Text
100
AcDbMText
 10
1.226802805824444
 20
5.829422483915834
 30
0.0
 40
0.1329485021381293
 41
0.0
 46
0.0
 71
     7
 72
     5
  1
+0
  7
PDF Arial
 73
     1
 44
1.0
  0
MTEXT
  5
F3B
330
1F
100
AcDbEntity
  8
PDF_Text
100
AcDbMText
 10
3.366930828705832
 20
5.262711000564444
 30
0.0
 40
0.0953208677625868
 41
0.0
 46
0.0
 71
     7
 72
     5
  1
1154
  7
PDF Arial
 73
     1
 44
1.0
  0
MTEXT
  5
F3C
330
1F
100
AcDbEntity
  8
PDF_Text
100
AcDbMText
 10
3.149093901501667
 20
4.906233555540556
 30
0.0
 40
0.0794371472881402
 41
0.0
 46
0.0
 71
     7
 72
     5
  1
DOOR_ANGLE
  7
PDF Arial
 73
     1
 44
1.0
  0
MTEXT
  5
F3D
330
1F
100
AcDbEntity
  8
PDF_Text
100
AcDbMText
 10
3.149093901501667
 20
4.803210247971112
 30
0.0
 40
0.0834706664979384
 41
0.0
 46
0.0
 71
     7
 72
     5
  1
DA-2
  7
PDF Arial
 73
     1
 44
1.0
  0
MTEXT
  5
F3E
330
1F
100
AcDbEntity
  8
PDF_Text
100
AcDbMText
 10
4.96675162051639
 20
4.539850173618135
 30
0.0
 40
0.1290818871714952
 41
0.0
 46
0.0
 71
     7
 72
     5
  1
SINGLE SLIDING DOOR ELEVATION
  7
PDF Arial Bold
 73
     1
 44
1.0
  0
MTEXT
  5
F3F
330
1F
100
AcDbEntity
  8
PDF_Text
100
AcDbMText
 10
2.862791737919444
 20
3.924005396798884
 30
0.0
 40
0.1329485021381293
 41
0.0
 46
0.0
 71
     7
 72
     5
  1
2
  7
PDF Arial
 73
     1
 44
1.0
  0
MTEXT
  5
F40
330
1F
100
AcDbEntity
  8
PDF_Text
100
AcDbMText
 10
6.402199377638055
 20
3.688637376157218
 30
0.0
 40
0.0953208677625868
 41
0.0
 46
0.0
 71
     7
 72
     5
  1
5991
  7
PDF Arial
 73
     1
 44
1.0
  0
MTEXT
  5
F41
330
1F
100
AcDbEntity
  8
PDF_Text
100
AcDbMText
 10
3.347613302759999
 20
3.285046261485831
 30
0.0
 40
0.0794371472881402
 41
0.0
 46
0.0
 71
     7
 72
     5
  1
NEW_CLIP
  7
PDF Arial
 73
     1
 44
1.0
  0
MTEXT
  5
F42
330
1F
100
AcDbEntity
  8
PDF_Text
100
AcDbMText
 10
3.347613302759999
 20
3.18062366598333
 30
0.0
 40
0.0834706664979384
 41
0.0
 46
0.0
 71
     7
 72
     5
  1
NCL-1
  7
PDF Arial
 73
     1
 44
1.0
  0
MTEXT
  5
F43
330
1F
100
AcDbEntity
  8
PDF_Text
100
AcDbMText
 10
3.079626871701111
 20
2.911938672584446
 30
0.0
 40
0.0794371472881402
 41
0.0
 46
0.0
 71
     7
 72
     5
  1
Ø 12 x 2 (Typ.)
  7
PDF Arial
 73
     1
 44
1.0
  0
MTEXT
  5
F44
330
1F
100
AcDbEntity
  8
PDF_Text
100
AcDbMText
 10
1.64538848962
 20
2.583330377814439
 30
0.0
 40
0.1329485021381293
 41
0.0
 46
0.0
 71
     7
 72
     5
  1
A'
  7
PDF Arial
 73
     1
 44
1.0
  0
MTEXT
  5
F45
330
1F
100
AcDbEntity
  8
PDF_Text
100
AcDbMText
 10
13.08126660679472
 20
2.283786851603889
 30
0.0
 40
0.0719171838878038
 41
0.0
 46
0.0
 71
     7
 72
     5
  1
00
  7
PDF Arial
 73
     1
 44
1.0
  0
MTEXT
  5
F46
330
1F
100
AcDbEntity
  8
PDF_Text
100
AcDbMText
 10
1.653143415030279
 20
2.113317730943612
 30
0.0
 40
0.1329485021381293
 41
0.0
 46
0.0
 71
     7
 72
     5
  1
A
  7
PDF Arial
 73
     1
 44
1.0
  0
MTEXT
  5
F47
330
1F
100
AcDbEntity
  8
PDF_Text
100
AcDbMText
 10
4.012975239549167
 20
1.85946747206139
 30
0.0
 40
0.0953208677625868
 41
0.0
 46
0.0
 71
     7
 72
     5
  1
125
  7
PDF Arial
 73
     1
 44
1.0
  0
MTEXT
  5
F48
330
1F
100
AcDbEntity
  8
PDF_Text
100
AcDbMText
 10
3.441737971733333
 20
1.334374244286942
 30
0.0
 40
0.0953208677625868
 41
0.0
 46
0.0
 71
     7
 72
     5
  1
1154
  7
PDF Arial
 73
     1
 44
1.0
  0
MTEXT
  5
F49
330
1F
100
AcDbEntity
  8
PDF_Text
100
AcDbMText
 10
6.324461104441945
 20
0.7248599494369456
 30
0.0
 40
0.1168515151307508
 41
0.0
 46
0.0
 71
     7
 72
     5
  1
A - A
  7
PDF Arial
 73
     1
 44
1.0
  0
MTEXT
  5
F4A
330
1F
100
AcDbEntity
  8
PDF_Text
100
AcDbMText
 10
4.530018277301667
 20
1.859201145816946
 30
0.0
 40
0.0953208677625868
 41
0.0
 46
0.0
 71
     7
 72
     5
  1
298
  7
PDF Arial
 73
     1
 44
1.0
  0
MTEXT
  5
F4B
330
1F
100
AcDbEntity
  8
PDF_Text
100
AcDbMText
 10
5.043165101996945
 20
1.85946747206139
 30
0.0
 40
0.0953208677625868
 41
0.0
 46
0.0
 71
     7
 72
     5
  1
540
  7
PDF Arial
 73
     1
 44
1.0
  0
MTEXT
  5
F4C
330
1F
100
AcDbEntity
  8
PDF_Text
100
AcDbMText
 10
5.710837652121667
 20
1.85946747206139
 30
0.0
 40
0.0953208677625868
 41
0.0
 46
0.0
 71
     7
 72
     5
  1
551
  7
PDF Arial
 73
     1
 44
1.0
  0
MTEXT
  5
F4D
330
1F
100
AcDbEntity
  8
PDF_Text
100
AcDbMText
 10
6.378510487225834
 20
1.85946747206139
 30
0.0
 40
0.0953208677625868
 41
0.0
 46
0.0
 71
     7
 72
     5
  1
540
  7
PDF Arial
 73
     1
 44
1.0
  0
MTEXT
  5
F4E
330
1F
100
AcDbEntity
  8
PDF_Text
100
AcDbMText
 10
6.887372516437778
 20
1.85946747206139
 30
0.0
 40
0.0953208677625868
 41
0.0
 46
0.0
 71
     7
 72
     5
  1
291
  7
PDF Arial
 73
     1
 44
1.0
  0
MTEXT
  5
F4F
330
1F
100
AcDbEntity
  8
PDF_Text
100
AcDbMText
 10
6.901576319418055
 20
1.334374244286942
 30
0.0
 40
0.0953208677625868
 41
0.0
 46
0.0
 71
     7
 72
     5
  1
4500
  7
PDF Arial
 73
     1
 44
1.0
  0
MTEXT
  5
F50
330
1F
100
AcDbEntity
  8
PDF_Text
100
AcDbMText
 10
7.457432624843889
 20
1.85946747206139
 30
0.0
 40
0.0953208677625868
 41
0.0
 46
0.0
 71
     7
 72
     5
  1
640
  7
PDF Arial
 73
     1
 44
1.0
  0
MTEXT
  5
F51
330
1F
100
AcDbEntity
  8
PDF_Text
100
AcDbMText
 10
8.243216939435557
 20
1.85946747206139
 30
0.0
 40
0.0953208677625868
 41
0.0
 46
0.0
 71
     7
 72
     5
  1
644
  7
PDF Arial
 73
     1
 44
1.0
  0
MTEXT
  5
F52
330
1F
100
AcDbEntity
  8
PDF_Text
100
AcDbMText
 10
9.029001409470556
 20
1.85946747206139
 30
0.0
 40
0.0953208677625868
 41
0.0
 46
0.0
 71
     7
 72
     5
  1
640
  7
PDF Arial
 73
     1
 44
1.0
  0
MTEXT
  5
F53
330
1F
100
AcDbEntity
  8
PDF_Text
100
AcDbMText
 10
9.883552429831667
 20
1.85946747206139
 30
0.0
 40
0.0953208677625868
 41
0.0
 46
0.0
 71
     7
 72
     5
  1
230
  7
PDF Arial
 73
     1
 44
1.0
  0
MTEXT
  5
F54
330
1F
100
AcDbEntity
  8
PDF_Text
100
AcDbMText
 10
9.972983021025001
 20
1.336371691120275
 30
0.0
 40
0.0953208677625868
 41
0.0
 46
0.0
 71
     7
 72
     5
  1
442
  7
PDF Arial
 73
     1
 44
1.0
  0
MTEXT
  5
F55
330
1F
100
AcDbEntity
  8
PDF_Text
100
AcDbMText
 10
12.97077599579611
 20
0.8875435612111123
 30
0.0
 40
0.0581104939949544
 41
0.0
 46
0.0
 71
     7
 72
     5
  1
PROJECT NO.
  7
PDF Arial
 73
     1
 44
1.0
  0
MTEXT
  5
F56
330
1F
100
AcDbEntity
  8
PDF_Text
100
AcDbMText
 10
12.99170715307805
 20
0.7204096456644458
 30
0.0
 40
0.0726404356081814
 41
0.0
 46
0.0
 71
     7
 72
     5
  1
MSPL-027-
  7
PDF Arial
 73
     1
 44
1.0
  0
MTEXT
  5
F57
330
1F
100
AcDbEntity
  8
PDF_Text
100
AcDbMText
 10
12.97077599579611
 20
0.5732222186511125
 30
0.0
 40
0.0581104939949544
 41
0.0
 46
0.0
 71
     7
 72
     5
  1
FILE PATH:
  7
PDF Arial
 73
     1
 44
1.0
  0
MTEXT
  5
F58
330
1F
100
AcDbEntity
  8
PDF_Text
100
AcDbMText
 10
13.93630438500055
 20
0.8875435612111123
 30
0.0
 40
0.0581104939949544
 41
0.0
 46
0.0
 71
     7
 72
     5
  1
DRAWING NO.
  7
PDF Arial
 73
     1
 44
1.0
  0
MTEXT
  5
F59
330
1F
100
AcDbEntity
  8
PDF_Text
100
AcDbMText
 10
12.98446937468417
 20
0.4242315582958346
 30
0.0
 40
0.0581104939949544
 41
0.0
 46
0.0
 71
     7
 72
     5
  1
MSPL-027- Awan Sports_Bhan Stitching Hall No. 02 (Rev-0
  7
PDF Arial
 73
     1
 44
1.0
  0
MTEXT
  5
F5A
330
1F
100
AcDbEntity
  8
PDF_Text
100
AcDbMText
 10
13.94350853582
 20
0.7229564162841681
 30
0.0
 40
0.0726404356081814
 41
0.0
 46
0.0
 71
     7
 72
     5
  1
SSD-01
  7
PDF Arial
 73
     1
 44
1.0
  0
MTEXT
  5
F5B
330
1F
100
AcDbEntity
  8
PDF_Text
100
AcDbMText
 10
14.90183276125138
 20
0.8875435612111123
 30
0.0
 40
0.0581104939949544
 41
0.0
 46
0.0
 71
     7
 72
     5
  1
DRAWING TYPE.
  7
PDF Arial
 73
     1
 44
1.0
  0
MTEXT
  5
F5C
330
1F
100
AcDbEntity
  8
PDF_Text
100
AcDbMText
 10
14.90187198478583
 20
0.723053879254168
 30
0.0
 40
0.0668266044712999
 41
0.0
 46
0.0
 71
     7
 72
     5
  1
ERECTION DRAWING
  7
PDF Arial
 73
     1
 44
1.0
  0
MTEXT
  5
F5D
330
1F
100
AcDbEntity
  8
PDF_Text
100
AcDbMText
 10
14.90878031398833
 20
0.584209134801668
 30
0.0
 40
0.0581104939949544
 41
0.0
 46
0.0
 71
     7
 72
     5
  1
DATE:
  7
PDF Arial
 73
     1
 44
1.0
  0
MTEXT
  5
F5E
330
1F
100
AcDbEntity
  8
PDF_Text
100
AcDbMText
 10
14.90236503808555
 20
0.4355833776713901
 30
0.0
 40
0.0726404356081814
 41
0.0
 46
0.0
 71
     7
 72
     5
  1
06.11.2021
  7
PDF Arial
 73
     1
 44
1.0
  0
MTEXT
  5
F5F
330
1F
100
AcDbEntity
  8
PDF_Text
100
AcDbMText
 10
13.03473262419805
 20
2.100582064339445
 30
0.0
 40
0.0719171838878038
 41
0.0
 46
0.0
 71
     7
 72
     5
  1
REV.
  7
PDF Arial
 73
     1
 44
1.0
  0
MTEXT
  5
F60
330
1F
100
AcDbEntity
  8
PDF_Text
100
AcDbMText
 10
12.978215461915
 20
1.94169147715639
 30
0.0
 40
0.0470299067404514
 41
0.0
 46
0.0
 71
     7
 72
     5
  1
DRAWING TITLE:
  7
PDF Arial
 73
     1
 44
1.0
  0
MTEXT
  5
F61
330
1F
100
AcDbEntity
  8
PDF_Text
100
AcDbMText
 10
13.04034221139694
 20
1.760744322958057
 30
0.0
 40
0.0871703772214084
 41
0.0
 46
0.0
 71
     7
 72
     5
  1
SINGLE SLIDING DOOR
  7
PDF Arial
 73
     1
 44
1.0
  0
MTEXT
  5
F62
330
1F
100
AcDbEntity
  8
PDF_Text
100
AcDbMText
 10
13.65551709181278
 20
2.274698870074168
 30
0.0
 40
0.0719171838878038
 41
0.0
 46
0.0
 71
     7
 72
     5
  1
ISSUED FOR ERECTION
  7
PDF Arial
 73
     1
 44
1.0
  0
MTEXT
  5
F63
330
1F
100
AcDbEntity
  8
PDF_Text
100
AcDbMText
 10
13.94352534960722
 20
2.099376445846112
 30
0.0
 40
0.0719171838878038
 41
0.0
 46
0.0
 71
     7
 72
     5
  1
DESCRIPTION.
  7
PDF Arial
 73
     1
 44
1.0
  0
MTEXT
  5
F64
330
1F
100
AcDbEntity
  8
PDF_Text
100
AcDbMText
 10
15.23109599059917
 20
2.274698870074168
 30
0.0
 40
0.0719171838878038
 41
0.0
 46
0.0
 71
     7
 72
     5
  1
05-NOV-21
  7
PDF Arial
 73
     1
 44
1.0
  0
MTEXT
  5
F65
330
1F
100
AcDbEntity
  8
PDF_Text
100
AcDbMText
 10
15.36637141932444
 20
2.100582064339445
 30
0.0
 40
0.0639243251318359
 41
0.0
 46
0.0
 71
     7
 72
     5
  1
DATE
  7
PDF Arial
 73
     1
 44
1.0
  0
MTEXT
  5
F66
330
1F
100
AcDbEntity
  8
PDF_Text
100
AcDbMText
 10
4.543512209439445
 20
3.425731817706112
 30
0.0
 40
0.0794371472881402
 41
0.0
 46
0.0
 71
     7
 72
     5
  1
NEW_PLATE
  7
PDF Arial
 73
     1
 44
1.0
  0
MTEXT
  5
F67
330
1F
100
AcDbEntity
  8
PDF_Text
100
AcDbMText
 10
4.543512209439445
 20
3.32270851013667
 30
0.0
 40
0.0834706664979384
 41
0.0
 46
0.0
 71
     7
 72
     5
  1
NPL-1
  7
PDF Arial
 73
     1
 44
1.0
  0
MTEXT
  5
F68
330
1F
100
AcDbEntity
  8
PDF_Text
100
AcDbMText
 10
4.519753278851944
 20
3.042709159205556
 30
0.0
 40
0.0794371472881402
 41
0.0
 46
0.0
 71
     7
 72
     5
  1
NEW_ANGLE
  7
PDF Arial
 73
     1
 44
1.0
  0
MTEXT
  5
F69
330
1F
100
AcDbEntity
  8
PDF_Text
100
AcDbMText
 10
4.519753278851944
 20
2.939685864589721
 30
0.0
 40
0.0834706664979384
 41
0.0
 46
0.0
 71
     7
 72
     5
  1
NAN-1
  7
PDF Arial
 73
     1
 44
1.0
  0
MTEXT
  5
F6A
330
1F
100
AcDbEntity
  8
PDF_Text
100
AcDbMText
 10
5.818954345487223
 20
3.293647770150279
 30
0.0
 40
0.0794371472881402
 41
0.0
 46
0.0
 71
     7
 72
     5
  1
NEW_ANGLE
  7
PDF Arial
 73
     1
 44
1.0
  0
MTEXT
  5
F6B
330
1F
100
AcDbEntity
  8
PDF_Text
100
AcDbMText
 10
5.818954345487223
 20
3.190624475534443
 30
0.0
 40
0.0834706664979384
 41
0.0
 46
0.0
 71
     7
 72
     5
  1
NAN-1
  7
PDF Arial
 73
     1
 44
1.0
  0
MTEXT
  5
F6C
330
1F
100
AcDbEntity
  8
PDF_Text
100
AcDbMText
 10
6.324869829733333
 20
3.000822180966107
 30
0.0
 40
0.0794371472881402
 41
0.0
 46
0.0
 71
     7
 72
     5
  1
New_Channel
  7
PDF Arial
 73
     1
 44
1.0
  0
MTEXT
  5
F6D
330
1F
100
AcDbEntity
  8
PDF_Text
100
AcDbMText
 10
6.324869829733333
 20
2.896399585463609
 30
0.0
 40
0.0834706664979384
 41
0.0
 46
0.0
 71
     7
 72
     5
  1
NC-1
  7
PDF Arial
 73
     1
 44
1.0
  0
MTEXT
  5
F6E
330
1F
100
AcDbEntity
  8
PDF_Text
100
AcDbMText
 10
7.600217844842776
 20
3.088430730174164
 30
0.0
 40
0.0794371472881402
 41
0.0
 46
0.0
 71
     7
 72
     5
  1
NEW_CLIP
  7
PDF Arial
 73
     1
 44
1.0
  0
MTEXT
  5
F6F
330
1F
100
AcDbEntity
  8
PDF_Text
100
AcDbMText
 10
7.600217844842776
 20
2.984008134671665
 30
0.0
 40
0.0834706664979384
 41
0.0
 46
0.0
 71
     7
 72
     5
  1
NCL-1
  7
PDF Arial
 73
     1
 44
1.0
  0
MTEXT
  5
F70
330
1F
100
AcDbEntity
  8
PDF_Text
100
AcDbMText
 10
8.839033243911945
 20
3.104950599960278
 30
0.0
 40
0.0794371472881402
 41
0.0
 46
0.0
 71
     7
 72
     5
  1
U-CHANNEL
  7
PDF Arial
 73
     1
 44
1.0
  0
MTEXT
  5
F71
330
1F
100
AcDbEntity
  8
PDF_Text
100
AcDbMText
 10
8.839033243911945
 20
2.985879478100832
 30
0.0
 40
0.0834706664979384
 41
0.0
 46
0.0
 71
     7
 72
     5
  1
UC-1
  7
PDF Arial
 73
     1
 44
1.0
  0
MTEXT
  5
F72
330
1F
100
AcDbEntity
  8
PDF_Text
100
AcDbMText
 10
9.684470233031388
 20
3.918592756303332
 30
0.0
 40
0.1329485021381293
 41
0.0
 46
0.0
 71
     7
 72
     5
  1
1'
  7
PDF Arial
 73
     1
 44
1.0
  0
MTEXT
  5
F73
330
1F
100
AcDbEntity
  8
PDF_Text
100
AcDbMText
 10
10.3397775639225
 20
3.924191125674995
 30
0.0
 40
0.1329485021381293
 41
0.0
 46
0.0
 71
     7
 72
     5
  1
1
  7
PDF Arial
 73
     1
 44
1.0
  0
MTEXT
  5
F74
330
1F
100
AcDbEntity
  8
PDF_Text
100
AcDbMText
 10
10.42515616193139
 20
3.688637376157218
 30
0.0
 40
0.0953208677625868
 41
0.0
 46
0.0
 71
     7
 72
     5
  1
105
  7
PDF Arial
 73
     1
 44
1.0
  0
MTEXT
  5
F75
330
1F
100
AcDbEntity
  8
PDF_Text
100
AcDbMText
 10
6.826769176390556
 20
5.262711000564444
 30
0.0
 40
0.0953208677625868
 41
0.0
 46
0.0
 71
     7
 72
     5
  1
4500
  7
PDF Arial
 73
     1
 44
1.0
  0
MTEXT
  5
F76
330
1F
100
AcDbEntity
  8
PDF_Text
100
AcDbMText
 10
7.848549152943054
 20
5.466589336646667
 30
0.0
 40
0.0794371472881402
 41
0.0
 46
0.0
 71
     7
 72
     5
  1
TRIM
  7
PDF Arial
 73
     1
 44
1.0
  0
MTEXT
  5
F77
330
1F
100
AcDbEntity
  8
PDF_Text
100
AcDbMText
 10
7.848549152943054
 20
5.347252911878056
 30
0.0
 40
0.0834706664979384
 41
0.0
 46
0.0
 71
     7
 72
     5
  1
TR-1
  7
PDF Arial
 73
     1
 44
1.0
  0
MTEXT
  5
F78
330
1F
100
AcDbEntity
  8
PDF_Text
100
AcDbMText
 10
9.07781841421111
 20
5.438551996706111
 30
0.0
 40
0.1168515151307508
 41
0.0
 46
0.0
 71
     7
 72
     5
  1
B
  7
PDF Arial
 73
     1
 44
1.0
  0
MTEXT
  5
F79
330
1F
100
AcDbEntity
  8
PDF_Text
100
AcDbMText
 10
9.8981758779975
 20
5.262711000564444
 30
0.0
 40
0.0953208677625868
 41
0.0
 46
0.0
 71
     7
 72
     5
  1
443
  7
PDF Arial
 73
     1
 44
1.0
  0
MTEXT
  5
F7A
330
1F
100
AcDbEntity
  8
PDF_Text
100
AcDbMText
 10
9.585464980185278
 20
4.897921404641111
 30
0.0
 40
0.0794371472881402
 41
0.0
 46
0.0
 71
     7
 72
     5
  1
U-CLIP
  7
PDF Arial
 73
     1
 44
1.0
  0
MTEXT
  5
F7B
330
1F
100
AcDbEntity
  8
PDF_Text
100
AcDbMText
 10
9.585464980185278
 20
4.778850295735278
 30
0.0
 40
0.0834706664979384
 41
0.0
 46
0.0
 71
     7
 72
     5
  1
UCL-2
  7
PDF Arial
 73
     1
 44
1.0
  0
MTEXT
  5
F7C
330
1F
100
AcDbEntity
  8
PDF_Text
100
AcDbMText
 10
10.67849177384416
 20
5.329562204044445
 30
0.0
 40
0.0794371472881402
 41
0.0
 46
0.0
 71
     7
 72
     5
  1
U-CLIP
  7
PDF Arial
 73
     1
 44
1.0
  0
MTEXT
  5
F7D
330
1F
100
AcDbEntity
  8
PDF_Text
100
AcDbMText
 10
10.67849177384416
 20
5.210491056277779
 30
0.0
 40
0.0834706664979384
 41
0.0
 46
0.0
 71
     7
 72
     5
  1
UCL-1
  7
PDF Arial
 73
     1
 44
1.0
  0
MTEXT
  5
F7E
330
1F
100
AcDbEntity
  8
PDF_Text
100
AcDbMText
 10
13.34754809651278
 20
4.749861720316388
 30
0.0
 40
0.1168515151307508
 41
0.0
 46
0.0
 71
     7
 72
     5
  1
B - B
  7
PDF Arial
 73
     1
 44
1.0
  0
MTEXT
  5
F7F
330
1F
100
AcDbEntity
  8
PDF_Text
100
AcDbMText
 10
14.02824169424805
 20
5.187617012772499
 30
0.0
 40
0.0794371472881402
 41
0.0
 46
0.0
 71
     7
 72
     5
  1
DOOR_ROUND_BAR
  7
PDF Arial
 73
     1
 44
1.0
  0
MTEXT
  5
F80
330
1F
100
AcDbEntity
  8
PDF_Text
100
AcDbMText
 10
14.02824169424805
 20
5.084593718156666
 30
0.0
 40
0.0834706664979384
 41
0.0
 46
0.0
 71
     7
 72
     5
  1
DRB-1
  7
PDF Arial
 73
     1
 44
1.0
  0
MTEXT
  5
F81
330
1F
100
AcDbEntity
  8
PDF_Text
100
AcDbMText
 10
6.260740620370555
 20
6.413122939126112
 30
0.0
 40
0.0794371472881402
 41
0.0
 46
0.0
 71
     7
 72
     5
  1
TRIM
  7
PDF Arial
 73
     1
 44
1.0
  0
MTEXT
  5
F82
330
1F
100
AcDbEntity
  8
PDF_Text
100
AcDbMText
 10
6.260740620370555
 20
6.293786527311112
 30
0.0
 40
0.0834706664979384
 41
0.0
 46
0.0
 71
     7
 72
     5
  1
TR-2
  7
PDF Arial
 73
     1
 44
1.0
  0
MTEXT
  5
F83
330
1F
100
AcDbEntity
  8
PDF_Text
100
AcDbMText
 10
12.75824385732139
 20
6.25325009256611
 30
0.0
 40
0.0794371472881402
 41
0.0
 46
0.0
 71
     7
 72
     5
  1
U-CLIP
  7
PDF Arial
 73
     1
 44
1.0
  0
MTEXT
  5
F84
330
1F
100
AcDbEntity
  8
PDF_Text
100
AcDbMText
 10
12.75824385732139
 20
6.134178970706665
 30
0.0
 40
0.0834706664979384
 41
0.0
 46
0.0
 71
     7
 72
     5
  1
UCL-1
  7
PDF Arial
 73
     1
 44
1.0
  0
MTEXT
  5
F85
330
1F
100
AcDbEntity
  8
PDF_Text
100
AcDbMText
 10
12.24579739551805
 20
5.783078077417777
 30
0.0
 40
0.0794371472881402
 41
0.0
 46
0.0
 71
     7
 72
     5
  1
DOOR_ANGLE
  7
PDF Arial
 73
     1
 44
1.0
  0
MTEXT
  5
F86
330
1F
100
AcDbEntity
  8
PDF_Text
100
AcDbMText
 10
12.24579739551805
 20
5.678655481915277
 30
0.0
 40
0.0834706664979384
 41
0.0
 46
0.0
 71
     7
 72
     5
  1
DA-3
  7
PDF Arial
 73
     1
 44
1.0
  0
MTEXT
  5
F87
330
1F
100
AcDbEntity
  8
PDF_Text
100
AcDbMText
 10
14.00214357465889
 20
6.245172233630832
 30
0.0
 40
0.0794371472881402
 41
0.0
 46
0.0
 71
     7
 72
     5
  1
TRIM
  7
PDF Arial
 73
     1
 44
1.0
  0
MTEXT
  5
F88
330
1F
100
AcDbEntity
  8
PDF_Text
100
AcDbMText
 10
14.00214357465889
 20
6.125835821815833
 30
0.0
 40
0.0834706664979384
 41
0.0
 46
0.0
 71
     7
 72
     5
  1
TR-1
  7
PDF Arial
 73
     1
 44
1.0
  0
MTEXT
  5
F89
330
1F
100
AcDbEntity
  8
PDF_Text
100
AcDbMText
 10
8.121725383525554
 20
8.20212322883639
 30
0.0
 40
0.0953208677625868
 41
0.0
 46
0.0
 71
     7
 72
     5
  1
2313
  7
PDF Arial
 73
     1
 44
1.0
  0
MTEXT
  5
F8A
330
1F
100
AcDbEntity
  8
PDF_Text
100
AcDbMText
 10
9.808745286804166
 20
8.20212322883639
 30
0.0
 40
0.0953208677625868
 41
0.0
 46
0.0
 71
     7
 72
     5
  1
36
  7
PDF Arial
 73
     1
 44
1.0
  0
MTEXT
  5
F8B
330
1F
100
AcDbEntity
  8
PDF_Text
100
AcDbMText
 10
12.48834292140111
 20
8.800478946281389
 30
0.0
 40
0.0794371472881402
 41
0.0
 46
0.0
 71
     7
 72
     5
  1
NEW_PLATE
  7
PDF Arial
 73
     1
 44
1.0
  0
MTEXT
  5
F8C
330
1F
100
AcDbEntity
  8
PDF_Text
100
AcDbMText
 10
12.48834292140111
 20
8.697455638711945
 30
0.0
 40
0.0834706664979384
 41
0.0
 46
0.0
 71
     7
 72
     5
  1
NPL-1
  7
PDF Arial
 73
     1
 44
1.0
  0
MTEXT
  5
F8D
330
1F
100
AcDbEntity
  8
PDF_Text
100
AcDbMText
 10
13.88341898780389
 20
9.290425840523054
 30
0.0
 40
0.0794371472881402
 41
0.0
 46
0.0
 71
     7
 72
     5
  1
TRIM
  7
PDF Arial
 73
     1
 44
1.0
  0
MTEXT
  5
F8E
330
1F
100
AcDbEntity
  8
PDF_Text
100
AcDbMText
 10
13.88341898780389
 20
9.171089415754442
 30
0.0
 40
0.0834706664979384
 41
0.0
 46
0.0
 71
     7
 72
     5
  1
TR-1
  7
PDF Arial
 73
     1
 44
1.0
  0
MTEXT
  5
F8F
330
1F
100
AcDbEntity
  8
PDF_Text
100
AcDbMText
 10
10.264970420895
 20
10.73977287418139
 30
0.0
 40
0.1329485021381293
 41
0.0
 46
0.0
 71
     7
 72
     5
  1
1
  7
PDF Arial
 73
     1
 44
1.0
  0
MTEXT
  5
F90
330
1F
100
AcDbEntity
  8
PDF_Text
100
AcDbMText
 10
13.05710484480888
 20
10.45833787453083
 30
0.0
 40
0.0953208677625868
 41
0.0
 46
0.0
 71
     7
 72
     5
  1
200
  7
PDF Arial
 73
     1
 44
1.0
  0
MTEXT
  5
F91
330
1F
100
AcDbEntity
  8
PDF_Text
100
AcDbMText
 10
10.35034901890389
 20
10.33670849219861
 30
0.0
 40
0.0953208677625868
 41
0.0
 46
0.0
 71
     7
 72
     5
  1
105
  7
PDF Arial
 73
     1
 44
1.0
  0
MTEXT
  5
F92
330
1F
100
AcDbEntity
  8
PDF_Text
100
AcDbMText
 10
11.94527123427583
 20
10.17778022296083
 30
0.0
 40
0.0794371472881402
 41
0.0
 46
0.0
 71
     7
 72
     5
  1
NEW_ANGLE
  7
PDF Arial
 73
     1
 44
1.0
  0
MTEXT
  5
F93
330
1F
100
AcDbEntity
  8
PDF_Text
100
AcDbMText
 10
11.94527123427583
 20
10.07475691539139
 30
0.0
 40
0.0834706664979384
 41
0.0
 46
0.0
 71
     7
 72
     5
  1
NAN-1
  7
PDF Arial
 73
     1
 44
1.0
  0
MTEXT
  5
F94
330
1F
100
AcDbEntity
  8
PDF_Text
100
AcDbMText
 10
13.3626601289825
 20
10.25978915925055
 30
0.0
 40
0.0953208677625868
 41
0.0
 46
0.0
 71
     7
 72
     5
  1
82
  7
PDF Arial
 73
     1
 44
1.0
  0
MTEXT
  5
F95
330
1F
100
AcDbEntity
  8
PDF_Text
100
AcDbMText
 10
13.91934900185528
 20
10.09093434351416
 30
0.0
 40
0.0794371472881402
 41
0.0
 46
0.0
 71
     7
 72
     5
  1
U-CHANNEL
  7
PDF Arial
 73
     1
 44
1.0
  0
MTEXT
  5
F96
330
1F
100
AcDbEntity
  8
PDF_Text
100
AcDbMText
 10
13.91934900185528
 20
9.97186322165472
 30
0.0
 40
0.0834706664979384
 41
0.0
 46
0.0
 71
     7
 72
     5
  1
UC-1
  7
PDF Arial
 73
     1
 44
1.0
  0
MTEXT
  5
F97
330
1F
100
AcDbEntity
  8
PDF_Text
100
AcDbMText
 10
13.70069854901249
 20
10.45833787453083
 30
0.0
 40
0.0953208677625868
 41
0.0
 46
0.0
 71
     7
 72
     5
  1
70
  7
PDF Arial
 73
     1
 44
1.0
  0
MTEXT
  5
F98
330
1F
100
AcDbEntity
  8
PDF_Text
100
AcDbMText
 10
0.3074342730205555
 20
0.412063531884168
 30
0.0
 40
0.0667709697235786
 41
0.0
 46
0.0
 71
     7
 72
     5
  1
Tekla Structures
  7
PDF Arial
 11
0.0000000000000001
 21
1.0
 31
0.0
 73
     1
 44
1.0
  0
MTEXT
  5
F99
330
1F
100
AcDbEntity
  8
PDF_Text
100
AcDbMText
 10
2.242070635048955
 20
2.954538222351297
 30
0.0
 40
0.0953208677625868
 41
0.0
 46
0.0
 71
     7
 72
     5
  1
105
  7
PDF Arial
 11
0.0000040000000004
 21
-0.9999999999919999
 31
0.0
 73
     1
 44
1.0
  0
MTEXT
  5
F9A
330
1F
100
AcDbEntity
  8
PDF_Text
100
AcDbMText
 10
3.585005754944864
 20
2.553536871330624
 30
0.0
 40
0.0953208677625868
 41
0.0
 46
0.0
 71
     7
 72
     5
  1
70 77
  7
PDF Arial
 11
0.0000040000000004
 21
-0.9999999999919999
 31
0.0
 73
     1
 44
1.0
  0
MTEXT
  5
F9B
330
1F
100
AcDbEntity
  8
PDF_Text
100
AcDbMText
 10
3.785286998979282
 20
2.656904921346638
 30
0.0
 40
0.0953208677625868
 41
0.0
 46
0.0
 71
     7
 72
     5
  1
5
  7
PDF Arial
 11
0.0000039999999986
 21
-0.9999999999919999
 31
0.0
 73
     1
 44
1.0
  0
MTEXT
  5
F9C
330
1F
100
AcDbEntity
  8
PDF_Text
100
AcDbMText
 10
7.503520559033463
 20
7.65584145496141
 30
0.0
 40
0.0794371472881402
 41
0.0
 46
0.0
 71
     7
 72
     5
  1
Sandwich_Panel
  7
PDF Arial
 11
0.0000040000000004
 21
-0.9999999999919999
 31
0.0
 73
     1
 44
1.0
  0
MTEXT
  5
F9D
330
1F
100
AcDbEntity
  8
PDF_Text
100
AcDbMText
 10
7.622307324772759
 20
7.318659823427154
 30
0.0
 40
0.0834706664979384
 41
0.0
 46
0.0
 71
     7
 72
     5
  1
2200*1155
  7
PDF Arial
 11
0.0000039999999995
 21
-0.9999999999919999
 31
0.0
 73
     1
 44
1.0
  0
MTEXT
  5
F9E
330
1F
100
AcDbEntity
  8
PDF_Text
100
AcDbMText
 10
8.917197972130963
 20
7.65584145496141
 30
0.0
 40
0.0794371472881402
 41
0.0
 46
0.0
 71
     7
 72
     5
  1
Sandwich_Panel
  7
PDF Arial
 11
0.0000040000000004
 21
-0.9999999999919999
 31
0.0
 73
     1
 44
1.0
  0
MTEXT
  5
F9F
330
1F
100
AcDbEntity
  8
PDF_Text
100
AcDbMText
 10
9.035984750823871
 20
7.318659823427154
 30
0.0
 40
0.0834706664979384
 41
0.0
 46
0.0
 71
     7
 72
     5
  1
2200*1155
  7
PDF Arial
 11
0.0000039999999977
 21
-0.9999999999919999
 31
0.0
 73
     1
 44
1.0
  0
MTEXT
  5
FA0
330
1F
100
AcDbEntity
  8
PDF_Text
100
AcDbMText
 10
10.52983983170407
 20
7.405456617791299
 30
0.0
 40
0.0953208677625868
 41
0.0
 46
0.0
 71
     7
 72
     5
  1
2206
  7
PDF Arial
 11
0.0000039999999986
 21
-0.9999999999919999
 31
0.0
 73
     1
 44
1.0
  0
MTEXT
  5
FA1
330
1F
100
AcDbEntity
  8
PDF_Text
100
AcDbMText
 10
10.6490333018609
 20
2.277237719417689
 30
0.0
 40
0.0953208677625868
 41
0.0
 46
0.0
 71
     7
 72
     5
  1
152
  7
PDF Arial
 11
0.0000040000000021
 21
-0.9999999999919999
 31
0.0
 73
     1
 44
1.0
  0
MTEXT
  5
FA2
330
1F
100
AcDbEntity
  8
PDF_Text
100
AcDbMText
 10
10.6490333018609
 20
3.070813229530739
 30
0.0
 40
0.0953208677625868
 41
0.0
 46
0.0
 71
     7
 72
     5
  1
200
  7
PDF Arial
 11
0.0000040000000021
 21
-0.9999999999919999
 31
0.0
 73
     1
 44
1.0
  0
MTEXT
  5
FA3
330
1F
100
AcDbEntity
  8
PDF_Text
100
AcDbMText
 10
14.52166223603712
 20
7.824543463847129
 30
0.0
 40
0.0953208677625868
 41
0.0
 46
0.0
 71
     7
 72
     5
  1
2205
  7
PDF Arial
 11
0.0000039999999986
 21
-0.9999999999919999
 31
0.0
 73
     1
 44
1.0
  0
LWPOLYLINE
  5
FA4
330
1F
100
AcDbEntity
  8
PDF_Geometry
370
     9
100
AcDbPolyline
 90
        3
 70
     0
 43
0.0
 10
7.184577449512811
 20
5.845066728451699
 42
0.2070809807406175
 10
7.206909475068332
 20
5.835403334562533
 42
0.2071821960743821
 10
7.229228547012777
 20
5.845066728451667
  0
LWPOLYLINE
  5
FA5
330
1F
100
AcDbEntity
  8
PDF_Geometry
370
     9
100
AcDbPolyline
 90
        3
 70
     0
 43
0.0
 10
9.387714673679322
 20
5.845066728451555
 42
0.2070235152661452
 10
9.410033745623888
 20
5.835403334562837
 42
0.2070809807314976
 10
9.432365771179444
 20
5.845066728451667
  0
ENDSEC
  0
SECTION
  2
OBJECTS
  0
DICTIONARY
  5
C
330
0
100
AcDbDictionary
281
     1
  3
ACAD_CIP_PREVIOUS_PRODUCT_INFO
350
1A5
  3
ACAD_COLOR
350
73
  3
ACAD_DETAILVIEWSTYLE
350
1AB
  3
ACAD_GROUP
350
D
  3
ACAD_LAYOUT
350
1A
  3
ACAD_MATERIAL
350
72
  3
ACAD_MLEADERSTYLE
350
D7
  3
ACAD_MLINESTYLE
350
17
  3
ACAD_PLOTSETTINGS
350
19
  3
ACAD_PLOTSTYLENAME
350
E
  3
ACAD_SCALELIST
350
B6
  3
ACAD_SECTIONVIEWSTYLE
350
1A8
  3
ACAD_TABLESTYLE
350
86
  3
ACAD_VISUALSTYLE
350
99
  3
ACDB_RECOMPOSE_DATA
350
FA9
  3
AcDbVariableDictionary
350
66
  0
DICTIONARY
  5
18E
330
2
100
AcDbDictionary
280
     1
281
     1
  3
ACAD_LAYERSTATES
360
18F
  0
DICTIONARY
  5
E6
330
10
100
AcDbDictionary
280
     1
281
     1
  0
DICTIONARY
  5
15D
330
1F
100
AcDbDictionary
280
     1
281
     1
  0
XRECORD
  5
1A5
102
{ACAD_REACTORS
330
C
102
}
330
C
100
AcDbXrecord
280
     1
300
ACD
300
2021
300

  0
DICTIONARY
  5
73
102
{ACAD_REACTORS
330
C
102
}
330
C
100
AcDbDictionary
281
     1
  0
DICTIONARY
  5
1AB
102
{ACAD_REACTORS
330
C
102
}
330
C
100
AcDbDictionary
281
     1
  3
Imperial24
350
1AC
  0
DICTIONARY
  5
D
102
{ACAD_REACTORS
330
C
102
}
330
C
100
AcDbDictionary
281
     1
  0
DICTIONARY
  5
1A
102
{ACAD_REACTORS
330
C
102
}
330
C
100
AcDbDictionary
281
     1
  3
Layout1
350
59
  3
Layout2
350
5E
  3
Model
350
22
  0
DICTIONARY
  5
72
102
{ACAD_REACTORS
330
C
102
}
330
C
100
AcDbDictionary
281
     1
  3
ByBlock
350
97
  3
ByLayer
350
96
  3
Global
350
98
  0
DICTIONARY
  5
D7
102
{ACAD_REACTORS
330
C
102
}
330
C
100
AcDbDictionary
281
     1
  3
Annotative
350
E5
  3
Standard
350
D8
  0
DICTIONARY
  5
17
102
{ACAD_REACTORS
330
C
102
}
330
C
100
AcDbDictionary
281
     1
  3
Standard
350
18
  0
DICTIONARY
  5
19
102
{ACAD_REACTORS
330
C
102
}
330
C
100
AcDbDictionary
281
     1
  0
ACDBDICTIONARYWDFLT
  5
E
102
{ACAD_REACTORS
330
C
102
}
330
C
100
AcDbDictionary
281
     1
  3
Normal
350
F
100
AcDbDictionaryWithDefault
340
F
  0
DICTIONARY
  5
B6
102
{ACAD_REACTORS
330
C
102
}
330
C
100
AcDbDictionary
281
     1
  3
A0
350
B7
  3
A1
350
124
  3
A2
350
125
  3
A3
350
126
  3
A4
350
127
  3
A5
350
128
  3
A6
350
129
  3
A7
350
12A
  3
A8
350
12B
  3
A9
350
12C
  3
B0
350
12D
  3
B1
350
12E
  3
B2
350
12F
  3
B3
350
130
  3
B4
350
131
  3
B5
350
132
  3
B6
350
133
  3
B7
350
134
  3
B8
350
135
  3
B9
350
136
  3
C0
350
137
  3
C1
350
138
  3
C2
350
139
  3
C3
350
13A
  3
C4
350
13B
  3
C5
350
13C
  3
C6
350
13D
  3
C7
350
13E
  3
C8
350
13F
  3
C9
350
140
  3
D0
350
141
  3
D1
350
142
  3
D2
350
143
  0
DICTIONARY
  5
1A8
102
{ACAD_REACTORS
330
C
102
}
330
C
100
AcDbDictionary
281
     1
  3
Imperial24
350
1AA
  0
DICTIONARY
  5
86
102
{ACAD_REACTORS
330
C
102
}
330
C
100
AcDbDictionary
281
     1
  3
Standard
350
87
  0
DICTIONARY
  5
99
102
{ACAD_REACTORS
330
C
102
}
330
C
100
AcDbDictionary
281
     1
  3
2dWireframe
350
9F
  3
Basic
350
9E
  3
Brighten
350
A5
  3
ColorChange
350
A9
  3
Conceptual
350
A2
  3
Dim
350
A4
  3
EdgeColorOff
350
175
  3
Facepattern
350
A8
  3
Flat
350
9A
  3
FlatWithEdges
350
9B
  3
Gouraud
350
9C
  3
GouraudWithEdges
350
9D
  3
Hidden
350
A1
  3
JitterOff
350
173
  3
Linepattern
350
A7
  3
OverhangOff
350
174
  3
Realistic
350
A3
  3
Shaded
350
182
  3
Shaded with edges
350
181
  3
Shades of Gray
350
17E
  3
Sketchy
350
17F
  3
Thicken
350
A6
  3
Wireframe
350
A0
  3
X-Ray
350
180
  0
XRECORD
  5
FA9
102
{ACAD_REACTORS
330
C
102
}
330
C
100
AcDbXrecord
280
     1
 90
        1
330
87
  0
DICTIONARY
  5
66
102
{ACAD_REACTORS
330
C
102
}
330
C
100
AcDbDictionary
281
     1
  3
CANNOSCALE
350
F0
  3
CMLEADERSTYLE
350
EF
  3
CTABLESTYLE
350
89
  3
CVIEWDETAILSTYLE
350
1B7
  3
CVIEWSECTIONSTYLE
350
1B8
  3
DIMASSOC
350
67
  3
HIDETEXT
350
6B
  3
LAYEREVAL
350
14D
  3
LAYERNOTIFY
350
14E
  0
DICTIONARY
  5
18F
102
{ACAD_REACTORS
330
18E
102
}
330
18E
100
AcDbDictionary
281
     1
  0
ACDBDETAILVIEWSTYLE
  5
1AC
102
{ACAD_REACTORS
330
1AB
102
}
330
1AB
100
AcDbModelDocViewStyle
 70
     0
  3
Imperial24
290
     0
300
Imperial24
 90
        0
100
AcDbDetailViewStyle
 70
     0
 71
     0
 90
        3
 71
     1
340
11
 62
   256
 40
0.24
340
0
 62
   256
 40
0.24
300

 40
0.36
280
     3
 71
     2
340
16
 90
       25
 62
   256
 71
     3
340
11
 62
   256
 40
0.24
 90
        1
 40
0.75
 90
        1
300
%<\AcVar ViewType \f "%tc1">% %<\AcVar ViewDetailId>%\PSCALE %<\AcVar ViewScale \f "%sn">%
 71
     4
340
16
 90
       25
 62
   256
340
16
 90
       25
 62
   256
280
     0
  0
LAYOUT
  5
59
102
{ACAD_REACTORS
330
1A
102
}
330
1A
100
AcDbPlotSettings
  1

  2
None
  4

  6

 40
0.0
 41
0.0
 42
0.0
 43
0.0
 44
0.0
 45
0.0
 46
0.0
 47
0.0
 48
0.0
 49
0.0
140
0.0
141
0.0
142
1.0
143
1.0
 70
   688
 72
     0
 73
     0
 74
     5
  7

 75
    16
147
1.0
 76
     0
 77
     2
 78
   300
148
0.0
149
0.0
100
AcDbLayout
  1
Layout1
 70
     1
 71
     1
 10
0.0
 20
0.0
 11
12.0
 21
9.0
 12
0.0
 22
0.0
 32
0.0
 14
0.0
 24
0.0
 34
0.0
 15
0.0
 25
0.0
 35
0.0
146
0.0
 13
0.0
 23
0.0
 33
0.0
 16
1.0
 26
0.0
 36
0.0
 17
0.0
 27
1.0
 37
0.0
 76
     0
330
58
  0
LAYOUT
  5
5E
102
{ACAD_REACTORS
330
1A
102
}
330
1A
100
AcDbPlotSettings
  1

  2
None
  4

  6

 40
0.0
 41
0.0
 42
0.0
 43
0.0
 44
0.0
 45
0.0
 46
0.0
 47
0.0
 48
0.0
 49
0.0
140
0.0
141
0.0
142
1.0
143
1.0
 70
   688
 72
     0
 73
     0
 74
     5
  7

 75
    16
147
1.0
 76
     0
 77
     2
 78
   300
148
0.0
149
0.0
100
AcDbLayout
  1
Layout2
 70
     1
 71
     2
 10
0.0
 20
0.0
 11
12.0
 21
9.0
 12
0.0
 22
0.0
 32
0.0
 14
0.0
 24
0.0
 34
0.0
 15
0.0
 25
0.0
 35
0.0
146
0.0
 13
0.0
 23
0.0
 33
0.0
 16
1.0
 26
0.0
 36
0.0
 17
0.0
 27
1.0
 37
0.0
 76
     0
330
5D
  0
LAYOUT
  5
22
102
{ACAD_XDICTIONARY
360
194
102
}
102
{ACAD_REACTORS
330
1A
102
}
330
1A
100
AcDbPlotSettings
  1

  2
none_device
  4
ANSI_A_(8.50_x_11.00_Inches)
  6

 40
6.349999904632568
 41
19.04999923706055
 42
6.350006103515625
 43
19.04998779296875
 44
215.8999938964844
 45
279.3999938964844
 46
0.0
 47
0.0
 48
0.0
 49
0.0
140
0.0
141
0.0
142
1.0
143
2.584895464708373
 70
 11952
 72
     0
 73
     1
 74
     0
  7

 75
     0
147
0.3868628397755418
 76
     0
 77
     2
 78
   300
148
0.0
149
0.0
100
AcDbLayout
  1
Model
 70
     1
 71
     0
 10
0.0
 20
0.0
 11
12.0
 21
9.0
 12
0.0
 22
0.0
 32
0.0
 14
0.0
 24
0.0
 34
0.0
 15
0.0
 25
0.0
 35
0.0
146
0.0
 13
0.0
 23
0.0
 33
0.0
 16
1.0
 26
0.0
 36
0.0
 17
0.0
 27
1.0
 37
0.0
 76
     0
330
1F
331
94
  0
MATERIAL
  5
97
102
{ACAD_XDICTIONARY
360
188
102
}
102
{ACAD_REACTORS
330
72
102
}
330
72
100
AcDbMaterial
  1
ByBlock
 94
       63
  0
MATERIAL
  5
96
102
{ACAD_XDICTIONARY
360
186
102
}
102
{ACAD_REACTORS
330
72
102
}
330
72
100
AcDbMaterial
  1
ByLayer
 94
       63
  0
MATERIAL
  5
98
102
{ACAD_XDICTIONARY
360
110
102
}
102
{ACAD_REACTORS
330
72
102
}
330
72
100
AcDbMaterial
  1
Global
 43
0.0208000000566244
 43
0.0
 43
0.0
 43
0.0
 43
0.0
 43
0.0208000000566244
 43
0.0
 43
0.0
 43
0.0
 43
0.0
 43
1.0
 43
0.0
 43
0.0
 43
0.0
 43
0.0
 43
1.0
 49
0.0208000000566244
 49
0.0
 49
0.0
 49
0.0
 49
0.0
 49
0.0208000000566244
 49
0.0
 49
0.0
 49
0.0
 49
0.0
 49
1.0
 49
0.0
 49
0.0
 49
0.0
 49
0.0
 49
1.0
142
0.0208000000566244
142
0.0
142
0.0
142
0.0
142
0.0
142
0.0208000000566244
142
0.0
142
0.0
142
0.0
142
0.0
142
1.0
142
0.0
142
0.0
142
0.0
142
0.0
142
1.0
144
0.0208000000566244
144
0.0
144
0.0
144
0.0
144
0.0
144
0.0208000000566244
144
0.0
144
0.0
144
0.0
144
0.0
144
1.0
144
0.0
144
0.0
144
0.0
144
0.0
144
1.0
 94
       63
1001
ACAD
1070
    -1
1070
     3
1070
     0
1000

1071
        0
1070
     0
  0
MLEADERSTYLE
  5
E5
102
{ACAD_REACTORS
330
D7
102
}
330
D7
100
AcDbMLeaderStyle
179
     2
170
     2
171
     1
172
     0
 90
        2
 40
0.0
 41
0.0
173
     1
 91
-1056964608
340
14
 92
       -2
290
     1
 42
0.09
291
     1
 43
0.36
  3
Standard
 44
0.18
300

342
11
174
     1
178
     1
175
     1
176
     0
 93
-1056964608
 45
0.18
292
     0
297
     0
 46
0.18
 94
-1056964608
 47
1.0
 49
1.0
140
1.0
293
     1
141
0.0
294
     1
177
     0
142
1.0
295
     0
296
     1
143
0.125
271
     0
272
     9
273
     9
298
     0
  0
MLEADERSTYLE
  5
D8
102
{ACAD_REACTORS
330
D7
102
}
330
D7
100
AcDbMLeaderStyle
179
     2
170
     2
171
     1
172
     0
 90
        2
 40
0.0
 41
0.0
173
     1
 91
-1056964608
340
14
 92
       -2
290
     1
 42
0.09
291
     1
 43
0.36
  3
Standard
 44
0.18
300

342
11
174
     1
178
     1
175
     1
176
     0
 93
-1056964608
 45
0.18
292
     0
297
     0
 46
0.18
 94
-1056964608
 47
1.0
 49
1.0
140
1.0
293
     1
141
0.0
294
     1
177
     0
142
1.0
295
     0
296
     0
143
0.125
271
     0
272
     9
273
     9
298
     0
  0
MLINESTYLE
  5
18
102
{ACAD_REACTORS
330
17
102
}
330
17
100
AcDbMlineStyle
  2
STANDARD
 70
     0
  3

 62
   256
 51
90.0
 52
90.0
 71
     2
 49
0.5
 62
   256
  6
BYLAYER
 49
-0.5
 62
   256
  6
BYLAYER
  0
ACDBPLACEHOLDER
  5
F
102
{ACAD_REACTORS
330
E
102
}
330
E
  0
SCALE
  5
B7
102
{ACAD_REACTORS
330
B6
102
}
330
B6
100
AcDbScale
 70
     0
300
1:1
140
1.0
141
1.0
290
     1
  0
SCALE
  5
124
102
{ACAD_REACTORS
330
B6
102
}
330
B6
100
AcDbScale
 70
     0
300
1:2
140
1.0
141
2.0
290
     0
  0
SCALE
  5
125
102
{ACAD_REACTORS
330
B6
102
}
330
B6
100
AcDbScale
 70
     0
300
1:4
140
1.0
141
4.0
290
     0
  0
SCALE
  5
126
102
{ACAD_REACTORS
330
B6
102
}
330
B6
100
AcDbScale
 70
     0
300
1:5
140
1.0
141
5.0
290
     0
  0
SCALE
  5
127
102
{ACAD_REACTORS
330
B6
102
}
330
B6
100
AcDbScale
 70
     0
300
1:8
140
1.0
141
8.0
290
     0
  0
SCALE
  5
128
102
{ACAD_REACTORS
330
B6
102
}
330
B6
100
AcDbScale
 70
     0
300
1:10
140
1.0
141
10.0
290
     0
  0
SCALE
  5
129
102
{ACAD_REACTORS
330
B6
102
}
330
B6
100
AcDbScale
 70
     0
300
1:16
140
1.0
141
16.0
290
     0
  0
SCALE
  5
12A
102
{ACAD_REACTORS
330
B6
102
}
330
B6
100
AcDbScale
 70
     0
300
1:20
140
1.0
141
20.0
290
     0
  0
SCALE
  5
12B
102
{ACAD_REACTORS
330
B6
102
}
330
B6
100
AcDbScale
 70
     0
300
1:30
140
1.0
141
30.0
290
     0
  0
SCALE
  5
12C
102
{ACAD_REACTORS
330
B6
102
}
330
B6
100
AcDbScale
 70
     0
300
1:40
140
1.0
141
40.0
290
     0
  0
SCALE
  5
12D
102
{ACAD_REACTORS
330
B6
102
}
330
B6
100
AcDbScale
 70
     0
300
1:50
140
1.0
141
50.0
290
     0
  0
SCALE
  5
12E
102
{ACAD_REACTORS
330
B6
102
}
330
B6
100
AcDbScale
 70
     0
300
1:100
140
1.0
141
100.0
290
     0
  0
SCALE
  5
12F
102
{ACAD_REACTORS
330
B6
102
}
330
B6
100
AcDbScale
 70
     0
300
2:1
140
2.0
141
1.0
290
     0
  0
SCALE
  5
130
102
{ACAD_REACTORS
330
B6
102
}
330
B6
100
AcDbScale
 70
     0
300
4:1
140
4.0
141
1.0
290
     0
  0
SCALE
  5
131
102
{ACAD_REACTORS
330
B6
102
}
330
B6
100
AcDbScale
 70
     0
300
8:1
140
8.0
141
1.0
290
     0
  0
SCALE
  5
132
102
{ACAD_REACTORS
330
B6
102
}
330
B6
100
AcDbScale
 70
     0
300
10:1
140
10.0
141
1.0
290
     0
  0
SCALE
  5
133
102
{ACAD_REACTORS
330
B6
102
}
330
B6
100
AcDbScale
 70
     0
300
100:1
140
100.0
141
1.0
290
     0
  0
SCALE
  5
134
102
{ACAD_REACTORS
330
B6
102
}
330
B6
100
AcDbScale
 70
     0
300
1/128" = 1'-0"
140
0.0078125
141
12.0
290
     0
  0
SCALE
  5
135
102
{ACAD_REACTORS
330
B6
102
}
330
B6
100
AcDbScale
 70
     0
300
1/64" = 1'-0"
140
0.015625
141
12.0
290
     0
  0
SCALE
  5
136
102
{ACAD_REACTORS
330
B6
102
}
330
B6
100
AcDbScale
 70
     0
300
1/32" = 1'-0"
140
0.03125
141
12.0
290
     0
  0
SCALE
  5
137
102
{ACAD_REACTORS
330
B6
102
}
330
B6
100
AcDbScale
 70
     0
300
1/16" = 1'-0"
140
0.0625
141
12.0
290
     0
  0
SCALE
  5
138
102
{ACAD_REACTORS
330
B6
102
}
330
B6
100
AcDbScale
 70
     0
300
3/32" = 1'-0"
140
0.09375
141
12.0
290
     0
  0
SCALE
  5
139
102
{ACAD_REACTORS
330
B6
102
}
330
B6
100
AcDbScale
 70
     0
300
1/8" = 1'-0"
140
0.125
141
12.0
290
     0
  0
SCALE
  5
13A
102
{ACAD_REACTORS
330
B6
102
}
330
B6
100
AcDbScale
 70
     0
300
3/16" = 1'-0"
140
0.1875
141
12.0
290
     0
  0
SCALE
  5
13B
102
{ACAD_REACTORS
330
B6
102
}
330
B6
100
AcDbScale
 70
     0
300
1/4" = 1'-0"
140
0.25
141
12.0
290
     0
  0
SCALE
  5
13C
102
{ACAD_REACTORS
330
B6
102
}
330
B6
100
AcDbScale
 70
     0
300
3/8" = 1'-0"
140
0.375
141
12.0
290
     0
  0
SCALE
  5
13D
102
{ACAD_REACTORS
330
B6
102
}
330
B6
100
AcDbScale
 70
     0
300
1/2" = 1'-0"
140
0.5
141
12.0
290
     0
  0
SCALE
  5
13E
102
{ACAD_REACTORS
330
B6
102
}
330
B6
100
AcDbScale
 70
     0
300
3/4" = 1'-0"
140
0.75
141
12.0
290
     0
  0
SCALE
  5
13F
102
{ACAD_REACTORS
330
B6
102
}
330
B6
100
AcDbScale
 70
     0
300
1" = 1'-0"
140
1.0
141
12.0
290
     0
  0
SCALE
  5
140
102
{ACAD_REACTORS
330
B6
102
}
330
B6
100
AcDbScale
 70
     0
300
1-1/2" = 1'-0"
140
1.5
141
12.0
290
     0
  0
SCALE
  5
141
102
{ACAD_REACTORS
330
B6
102
}
330
B6
100
AcDbScale
 70
     0
300
3" = 1'-0"
140
3.0
141
12.0
290
     0
  0
SCALE
  5
142
102
{ACAD_REACTORS
330
B6
102
}
330
B6
100
AcDbScale
 70
     0
300
6" = 1'-0"
140
6.0
141
12.0
290
     0
  0
SCALE
  5
143
102
{ACAD_REACTORS
330
B6
102
}
330
B6
100
AcDbScale
 70
     0
300
1'-0" = 1'-0"
140
12.0
141
12.0
290
     0
  0
ACDBSECTIONVIEWSTYLE
  5
1AA
102
{ACAD_REACTORS
330
1A8
102
}
330
1A8
100
AcDbModelDocViewStyle
 70
     0
  3
Imperial24
290
     0
300
Imperial24
 90
        0
100
AcDbSectionViewStyle
 70
     0
 71
     0
 90
       78
 71
     1
340
11
 62
   256
 40
0.24
340
0
340
0
 62
   256
 40
0.24
300
I, O, Q, S, X, Z
 40
0.48
 90
        3
 40
0.18
 90
        1
 71
     2
340
16
 90
       25
 62
   256
340
16
 90
       50
 62
   256
 40
0.24
 40
0.0
 40
0.24
 71
     3
340
11
 62
   256
 40
0.24
 90
        1
 40
0.75
 90
        1
300
%<\AcVar ViewType \f "%tc1">% %<\AcVar ViewSectionStartId>%-%<\AcVar ViewSectionEndId>%\PSCALE %<\AcVar ViewScale \f "%sn">%
 71
     4
 62
   256
 62
   257
300
ANSI31
 40
1.0
 90
        0
290
     0
290
     0
 90
        6
 40
0.0
 40
1.570796326794896
 40
0.2617993877991494
 40
1.308996938995747
 40
-0.2617993877991494
 40
1.832595714594046
  0
TABLESTYLE
  5
87
102
{ACAD_XDICTIONARY
360
104
102
}
102
{ACAD_REACTORS
330
86
102
}
330
86
100
AcDbTableStyle
280
     0
  3
Standard
 70
     0
 71
     0
 40
0.06
 41
0.06
280
     0
281
     0
  7
Standard
140
0.18
170
     2
 62
     0
 63
     7
283
     0
 90
      512
 91
        0
  1

274
    -2
284
     1
 64
     0
275
    -2
285
     1
 65
     0
276
    -2
286
     1
 66
     0
277
    -2
287
     1
 67
     0
278
    -2
288
     1
 68
     0
279
    -2
289
     1
 69
     0
  7
Standard
140
0.25
170
     5
 62
     0
 63
     7
283
     0
 90
      512
 91
        0
  1

274
    -2
284
     1
 64
     0
275
    -2
285
     1
 65
     0
276
    -2
286
     1
 66
     0
277
    -2
287
     1
 67
     0
278
    -2
288
     1
 68
     0
279
    -2
289
     1
 69
     0
  7
Standard
140
0.18
170
     5
 62
     0
 63
     7
283
     0
 90
      512
 91
        0
  1

274
    -2
284
     1
 64
     0
275
    -2
285
     1
 65
     0
276
    -2
286
     1
 66
     0
277
    -2
287
     1
 67
     0
278
    -2
288
     1
 68
     0
279
    -2
289
     1
 69
     0
  0
VISUALSTYLE
  5
9F
102
{ACAD_REACTORS
330
99
102
}
330
99
100
AcDbVisualStyle
  2
2dWireframe
 70
     4
177
     3
291
     0
 70
    58
 90
        0
176
     1
 90
        2
176
     1
 90
        1
176
     1
 90
        0
176
     1
 40
0.6
176
     1
 40
30.0
176
     1
 62
     7
420
 16777215
176
     1
 90
        1
176
     1
 90
        4
176
     1
 62
     7
176
     1
 62
   257
176
     1
 90
        1
176
     1
 90
        1
176
     1
 40
1.0
176
     1
 90
        0
176
     1
 62
   257
176
     1
 40
1.0
176
     1
 90
        1
176
     1
 90
        6
176
     1
 90
        2
176
     1
 62
     7
176
     1
 90
        5
176
     1
 90
        0
176
     1
 90
        0
176
     1
290
     0
176
     1
 90
        1
176
     1
 40
0.0
176
     1
 90
        0
176
     1
290
     1
176
     1
290
     1
176
     1
290
     0
176
     1
290
     0
176
     1
290
     0
176
     1
290
     0
176
     1
290
     0
176
     1
290
     0
176
     1
290
     0
176
     1
 90
       50
176
     1
 40
0.0
176
     1
 40
1.0
176
     1
 90
        0
176
     1
 62
    18
420
        0
176
     1
 90
       50
176
     1
 90
        3
176
     1
 62
     5
420
      255
176
     1
290
     0
176
     1
 90
       50
176
     1
 90
       50
176
     1
 90
       50
176
     1
290
     0
176
     1
 90
       50
176
     1
 62
   256
176
     0
 40
1.0
176
     0
 90
        2
176
     1
  1
strokes_ogs.tif
176
     1
290
     0
176
     1
 40
1.0
176
     1
 40
1.0
176
     1
  0
VISUALSTYLE
  5
9E
102
{ACAD_REACTORS
330
99
102
}
330
99
100
AcDbVisualStyle
  2
Basic
 70
     7
177
     3
291
     1
 70
    58
 90
        1
176
     1
 90
        0
176
     1
 90
        1
176
     1
 90
        0
176
     1
 40
0.6
176
     1
 40
30.0
176
     1
 62
     7
420
 16777215
176
     1
 90
        0
176
     1
 90
        4
176
     1
 62
     7
176
     1
 62
   257
176
     1
 90
        1
176
     1
 90
        1
176
     1
 40
1.0
176
     1
 90
        8
176
     1
 62
     7
176
     1
 40
1.0
176
     1
 90
        1
176
     1
 90
        6
176
     1
 90
        2
176
     1
 62
     7
176
     1
 90
        5
176
     1
 90
        0
176
     1
 90
        0
176
     1
290
     0
176
     1
 90
        1
176
     1
 40
0.0
176
     1
 90
        0
176
     1
290
     0
176
     1
290
     1
176
     1
290
     1
176
     1
290
     0
176
     1
290
     0
176
     1
290
     0
176
     1
290
     0
176
     1
290
     0
176
     1
290
     0
176
     1
 90
       50
176
     1
 40
0.0
176
     1
 40
1.0
176
     1
 90
        0
176
     1
 62
    18
420
        0
176
     1
 90
       50
176
     1
 90
        3
176
     1
 62
     5
420
      255
176
     1
290
     0
176
     1
 90
       50
176
     1
 90
       50
176
     1
 90
       50
176
     1
290
     0
176
     1
 90
       50
176
     1
 62
   256
176
     0
 40
1.0
176
     0
 90
        2
176
     1
  1
strokes_ogs.tif
176
     1
290
     0
176
     1
 40
1.0
176
     1
 40
1.0
176
     1
  0
VISUALSTYLE
  5
A5
102
{ACAD_REACTORS
330
99
102
}
330
99
100
AcDbVisualStyle
  2
Brighten
 70
    12
177
     3
291
     1
 70
    58
 90
        2
176
     1
 90
        2
176
     1
 90
        1
176
     1
 90
        0
176
     1
 40
0.6
176
     1
 40
30.0
176
     1
 62
     7
420
 16777215
176
     1
 90
        1
176
     1
 90
        4
176
     1
 62
     7
176
     1
 62
   257
176
     1
 90
        1
176
     1
 90
        1
176
     1
 40
1.0
176
     1
 90
        8
176
     1
 62
     7
176
     1
 40
1.0
176
     1
 90
        1
176
     1
 90
        6
176
     1
 90
        2
176
     1
 62
     7
176
     1
 90
        5
176
     1
 90
        0
176
     1
 90
        0
176
     1
290
     0
176
     1
 90
        1
176
     1
 40
50.0
176
     1
 90
        0
176
     1
290
     0
176
     1
290
     1
176
     1
290
     1
176
     1
290
     0
176
     1
290
     0
176
     1
290
     0
176
     1
290
     0
176
     1
290
     0
176
     1
290
     0
176
     1
 90
       50
176
     1
 40
0.0
176
     1
 40
1.0
176
     1
 90
        0
176
     1
 62
    18
420
        0
176
     1
 90
       50
176
     1
 90
        3
176
     1
 62
     5
420
      255
176
     1
290
     0
176
     1
 90
       50
176
     1
 90
       50
176
     1
 90
       50
176
     1
290
     0
176
     1
 90
       50
176
     1
 62
   256
176
     0
 40
1.0
176
     0
 90
        2
176
     1
  1
strokes_ogs.tif
176
     1
290
     0
176
     1
 40
1.0
176
     1
 40
1.0
176
     1
  0
VISUALSTYLE
  5
A9
102
{ACAD_REACTORS
330
99
102
}
330
99
100
AcDbVisualStyle
  2
ColorChange
 70
    16
177
     3
291
     1
 70
    58
 90
        2
176
     1
 90
        2
176
     1
 90
        3
176
     1
 90
        0
176
     1
 40
0.6
176
     1
 40
30.0
176
     1
 62
     8
420
  8421504
176
     1
 90
        1
176
     1
 90
        4
176
     1
 62
     7
176
     1
 62
   257
176
     1
 90
        1
176
     1
 90
        1
176
     1
 40
1.0
176
     1
 90
        8
176
     1
 62
     8
420
  8421504
176
     1
 40
1.0
176
     1
 90
        1
176
     1
 90
        6
176
     1
 90
        2
176
     1
 62
     7
176
     1
 90
        5
176
     1
 90
        0
176
     1
 90
        0
176
     1
290
     0
176
     1
 90
        1
176
     1
 40
0.0
176
     1
 90
        0
176
     1
290
     0
176
     1
290
     1
176
     1
290
     1
176
     1
290
     0
176
     1
290
     0
176
     1
290
     0
176
     1
290
     0
176
     1
290
     0
176
     1
290
     0
176
     1
 90
       50
176
     1
 40
0.0
176
     1
 40
1.0
176
     1
 90
        0
176
     1
 62
    18
420
        0
176
     1
 90
       50
176
     1
 90
        3
176
     1
 62
     5
420
      255
176
     1
290
     0
176
     1
 90
       50
176
     1
 90
       50
176
     1
 90
       50
176
     1
290
     0
176
     1
 90
       50
176
     1
 62
   256
176
     0
 40
1.0
176
     0
 90
        2
176
     1
  1
strokes_ogs.tif
176
     1
290
     0
176
     1
 40
1.0
176
     1
 40
1.0
176
     1
  0
VISUALSTYLE
  5
A2
102
{ACAD_REACTORS
330
99
102
}
330
99
100
AcDbVisualStyle
  2
Conceptual
 70
     9
177
     3
291
     0
 70
    58
 90
        3
176
     1
 90
        2
176
     1
 90
        1
176
     1
 90
        0
176
     1
 40
0.6
176
     1
 40
30.0
176
     1
 62
     7
420
 16777215
176
     1
 90
        2
176
     1
 90
        2
176
     1
 62
     7
176
     1
 62
   257
176
     1
 90
        1
176
     1
 90
        1
176
     1
 40
40.0
176
     1
 90
        8
176
     1
 62
     7
176
     1
 40
1.0
176
     1
 90
        1
176
     1
 90
        6
176
     1
 90
        2
176
     1
 62
     7
176
     1
 90
        3
176
     1
 90
        0
176
     1
 90
        0
176
     1
290
     0
176
     1
 90
        1
176
     1
 40
0.0
176
     1
 90
        0
176
     1
290
     0
176
     1
290
     1
176
     1
290
     1
176
     1
290
     0
176
     1
290
     0
176
     1
290
     0
176
     1
290
     0
176
     1
290
     0
176
     1
290
     0
176
     1
 90
       50
176
     1
 40
0.0
176
     1
 40
1.0
176
     1
 90
        0
176
     1
 62
    18
420
        0
176
     1
 90
       50
176
     1
 90
        3
176
     1
 62
     5
420
      255
176
     1
290
     0
176
     1
 90
       50
176
     1
 90
       50
176
     1
 90
       50
176
     1
290
     0
176
     1
 90
       50
176
     1
 62
   256
176
     0
 40
1.0
176
     0
 90
        2
176
     1
  1
strokes_ogs.tif
176
     1
290
     0
176
     1
 40
1.0
176
     1
 40
1.0
176
     1
  0
VISUALSTYLE
  5
A4
102
{ACAD_REACTORS
330
99
102
}
330
99
100
AcDbVisualStyle
  2
Dim
 70
    11
177
     3
291
     1
 70
    58
 90
        2
176
     1
 90
        2
176
     1
 90
        1
176
     1
 90
        0
176
     1
 40
0.6
176
     1
 40
30.0
176
     1
 62
     7
420
 16777215
176
     1
 90
        1
176
     1
 90
        4
176
     1
 62
     7
176
     1
 62
   257
176
     1
 90
        1
176
     1
 90
        1
176
     1
 40
1.0
176
     1
 90
        8
176
     1
 62
     7
176
     1
 40
1.0
176
     1
 90
        1
176
     1
 90
        6
176
     1
 90
        2
176
     1
 62
     7
176
     1
 90
        5
176
     1
 90
        0
176
     1
 90
        0
176
     1
290
     0
176
     1
 90
        1
176
     1
 40
-50.0
176
     1
 90
        0
176
     1
290
     0
176
     1
290
     1
176
     1
290
     1
176
     1
290
     0
176
     1
290
     0
176
     1
290
     0
176
     1
290
     0
176
     1
290
     0
176
     1
290
     0
176
     1
 90
       50
176
     1
 40
0.0
176
     1
 40
1.0
176
     1
 90
        0
176
     1
 62
    18
420
        0
176
     1
 90
       50
176
     1
 90
        3
176
     1
 62
     5
420
      255
176
     1
290
     0
176
     1
 90
       50
176
     1
 90
       50
176
     1
 90
       50
176
     1
290
     0
176
     1
 90
       50
176
     1
 62
   256
176
     0
 40
1.0
176
     0
 90
        2
176
     1
  1
strokes_ogs.tif
176
     1
290
     0
176
     1
 40
1.0
176
     1
 40
1.0
176
     1
  0
VISUALSTYLE
  5
175
102
{ACAD_REACTORS
330
99
102
}
330
99
100
AcDbVisualStyle
  2
EdgeColorOff
 70
    22
177
     3
291
     1
 70
    58
 90
        2
176
     0
 90
        2
176
     0
 90
        0
176
     0
 90
        0
176
     0
 40
0.6
176
     0
 40
30.0
176
     0
 62
     7
420
 16777215
176
     0
 90
        1
176
     0
 90
        4
176
     0
 62
     7
176
     0
 62
   257
176
     0
 90
        1
176
     0
 90
        1
176
     0
 40
1.0
176
     0
 90
        8
176
     2
 62
     7
176
     0
 40
1.0
176
     0
 90
        1
176
     0
 90
        6
176
     0
 90
        2
176
     0
 62
     7
176
     0
 90
        5
176
     0
 90
        0
176
     0
 90
        0
176
     0
290
     0
176
     0
 90
        1
176
     0
 40
0.0
176
     0
 90
        0
176
     0
290
     0
176
     1
290
     1
176
     1
290
     1
176
     1
290
     0
176
     1
290
     0
176
     1
290
     0
176
     1
290
     0
176
     1
290
     0
176
     1
290
     0
176
     1
 90
       50
176
     1
 40
0.0
176
     1
 40
1.0
176
     1
 90
        0
176
     1
 62
    18
420
        0
176
     1
 90
       50
176
     1
 90
        3
176
     1
 62
     5
420
      255
176
     1
290
     0
176
     1
 90
       50
176
     1
 90
       50
176
     1
 90
       50
176
     1
290
     0
176
     1
 90
       50
176
     1
 62
   256
176
     0
 40
1.0
176
     0
 90
        2
176
     1
  1
strokes_ogs.tif
176
     1
290
     0
176
     1
 40
1.0
176
     1
 40
1.0
176
     1
  0
VISUALSTYLE
  5
A8
102
{ACAD_REACTORS
330
99
102
}
330
99
100
AcDbVisualStyle
  2
Facepattern
 70
    15
177
     3
291
     1
 70
    58
 90
        2
176
     1
 90
        2
176
     1
 90
        1
176
     1
 90
        0
176
     1
 40
0.6
176
     1
 40
30.0
176
     1
 62
     7
420
 16777215
176
     1
 90
        1
176
     1
 90
        4
176
     1
 62
     7
176
     1
 62
   257
176
     1
 90
        1
176
     1
 90
        1
176
     1
 40
1.0
176
     1
 90
        8
176
     1
 62
     7
176
     1
 40
1.0
176
     1
 90
        1
176
     1
 90
        6
176
     1
 90
        2
176
     1
 62
     7
176
     1
 90
        5
176
     1
 90
        0
176
     1
 90
        0
176
     1
290
     0
176
     1
 90
        1
176
     1
 40
0.0
176
     1
 90
        0
176
     1
290
     0
176
     1
290
     1
176
     1
290
     1
176
     1
290
     0
176
     1
290
     0
176
     1
290
     0
176
     1
290
     0
176
     1
290
     0
176
     1
290
     0
176
     1
 90
       50
176
     1
 40
0.0
176
     1
 40
1.0
176
     1
 90
        0
176
     1
 62
    18
420
        0
176
     1
 90
       50
176
     1
 90
        3
176
     1
 62
     5
420
      255
176
     1
290
     0
176
     1
 90
       50
176
     1
 90
       50
176
     1
 90
       50
176
     1
290
     0
176
     1
 90
       50
176
     1
 62
   256
176
     0
 40
1.0
176
     0
 90
        2
176
     1
  1
strokes_ogs.tif
176
     1
290
     0
176
     1
 40
1.0
176
     1
 40
1.0
176
     1
  0
VISUALSTYLE
  5
9A
102
{ACAD_REACTORS
330
99
102
}
330
99
100
AcDbVisualStyle
  2
Flat
 70
     0
177
     3
291
     1
 70
    58
 90
        2
176
     1
 90
        1
176
     1
 90
        1
176
     1
 90
        2
176
     1
 40
0.6
176
     1
 40
30.0
176
     1
 62
     7
420
 16777215
176
     1
 90
        0
176
     1
 90
        0
176
     1
 62
     7
176
     1
 62
   257
176
     1
 90
        1
176
     1
 90
        1
176
     1
 40
1.0
176
     1
 90
        8
176
     1
 62
     7
176
     1
 40
1.0
176
     1
 90
        1
176
     1
 90
        6
176
     1
 90
        2
176
     1
 62
     7
176
     1
 90
        5
176
     1
 90
        0
176
     1
 90
        0
176
     1
290
     0
176
     1
 90
       13
176
     1
 40
0.0
176
     1
 90
        0
176
     1
290
     0
176
     1
290
     1
176
     1
290
     1
176
     1
290
     0
176
     1
290
     0
176
     1
290
     0
176
     1
290
     0
176
     1
290
     0
176
     1
290
     0
176
     1
 90
       50
176
     1
 40
0.0
176
     1
 40
1.0
176
     1
 90
        0
176
     1
 62
    18
420
        0
176
     1
 90
       50
176
     1
 90
        3
176
     1
 62
     5
420
      255
176
     1
290
     0
176
     1
 90
       50
176
     1
 90
       50
176
     1
 90
       50
176
     1
290
     0
176
     1
 90
       50
176
     1
 62
   256
176
     0
 40
1.0
176
     0
 90
        2
176
     1
  1
strokes_ogs.tif
176
     1
290
     0
176
     1
 40
1.0
176
     1
 40
1.0
176
     1
  0
VISUALSTYLE
  5
9B
102
{ACAD_REACTORS
330
99
102
}
330
99
100
AcDbVisualStyle
  2
FlatWithEdges
 70
     1
177
     3
291
     1
 70
    58
 90
        2
176
     1
 90
        1
176
     1
 90
        1
176
     1
 90
        2
176
     1
 40
0.6
176
     1
 40
30.0
176
     1
 62
     7
420
 16777215
176
     1
 90
        1
176
     1
 90
        0
176
     1
 62
     7
176
     1
 62
   257
176
     1
 90
        1
176
     1
 90
        1
176
     1
 40
1.0
176
     1
 90
        0
176
     1
 62
   257
176
     1
 40
1.0
176
     1
 90
        1
176
     1
 90
        6
176
     1
 90
        2
176
     1
 62
     7
176
     1
 90
        5
176
     1
 90
        0
176
     1
 90
        0
176
     1
290
     0
176
     1
 90
       13
176
     1
 40
0.0
176
     1
 90
        0
176
     1
290
     0
176
     1
290
     1
176
     1
290
     1
176
     1
290
     0
176
     1
290
     0
176
     1
290
     0
176
     1
290
     0
176
     1
290
     0
176
     1
290
     0
176
     1
 90
       50
176
     1
 40
0.0
176
     1
 40
1.0
176
     1
 90
        0
176
     1
 62
    18
420
        0
176
     1
 90
       50
176
     1
 90
        3
176
     1
 62
     5
420
      255
176
     1
290
     0
176
     1
 90
       50
176
     1
 90
       50
176
     1
 90
       50
176
     1
290
     0
176
     1
 90
       50
176
     1
 62
   256
176
     0
 40
1.0
176
     0
 90
        2
176
     1
  1
strokes_ogs.tif
176
     1
290
     0
176
     1
 40
1.0
176
     1
 40
1.0
176
     1
  0
VISUALSTYLE
  5
9C
102
{ACAD_REACTORS
330
99
102
}
330
99
100
AcDbVisualStyle
  2
Gouraud
 70
     2
177
     3
291
     1
 70
    58
 90
        2
176
     1
 90
        2
176
     1
 90
        1
176
     1
 90
        2
176
     1
 40
0.6
176
     1
 40
30.0
176
     1
 62
     7
420
 16777215
176
     1
 90
        0
176
     1
 90
        0
176
     1
 62
     7
176
     1
 62
   257
176
     1
 90
        1
176
     1
 90
        1
176
     1
 40
1.0
176
     1
 90
        0
176
     1
 62
     7
176
     1
 40
1.0
176
     1
 90
        1
176
     1
 90
        6
176
     1
 90
        2
176
     1
 62
     7
176
     1
 90
        5
176
     1
 90
        0
176
     1
 90
        0
176
     1
290
     0
176
     1
 90
       13
176
     1
 40
0.0
176
     1
 90
        0
176
     1
290
     0
176
     1
290
     1
176
     1
290
     1
176
     1
290
     0
176
     1
290
     0
176
     1
290
     0
176
     1
290
     0
176
     1
290
     0
176
     1
290
     0
176
     1
 90
       50
176
     1
 40
0.0
176
     1
 40
1.0
176
     1
 90
        0
176
     1
 62
    18
420
        0
176
     1
 90
       50
176
     1
 90
        3
176
     1
 62
     5
420
      255
176
     1
290
     0
176
     1
 90
       50
176
     1
 90
       50
176
     1
 90
       50
176
     1
290
     0
176
     1
 90
       50
176
     1
 62
   256
176
     0
 40
1.0
176
     0
 90
        2
176
     1
  1
strokes_ogs.tif
176
     1
290
     0
176
     1
 40
1.0
176
     1
 40
1.0
176
     1
  0
VISUALSTYLE
  5
9D
102
{ACAD_REACTORS
330
99
102
}
330
99
100
AcDbVisualStyle
  2
GouraudWithEdges
 70
     3
177
     3
291
     1
 70
    58
 90
        2
176
     1
 90
        2
176
     1
 90
        1
176
     1
 90
        2
176
     1
 40
0.6
176
     1
 40
30.0
176
     1
 62
     7
420
 16777215
176
     1
 90
        1
176
     1
 90
        0
176
     1
 62
     7
176
     1
 62
   257
176
     1
 90
        1
176
     1
 90
        1
176
     1
 40
1.0
176
     1
 90
        0
176
     1
 62
   257
176
     1
 40
1.0
176
     1
 90
        1
176
     1
 90
        6
176
     1
 90
        2
176
     1
 62
     7
176
     1
 90
        5
176
     1
 90
        0
176
     1
 90
        0
176
     1
290
     0
176
     1
 90
       13
176
     1
 40
0.0
176
     1
 90
        0
176
     1
290
     0
176
     1
290
     1
176
     1
290
     1
176
     1
290
     0
176
     1
290
     0
176
     1
290
     0
176
     1
290
     0
176
     1
290
     0
176
     1
290
     0
176
     1
 90
       50
176
     1
 40
0.0
176
     1
 40
1.0
176
     1
 90
        0
176
     1
 62
    18
420
        0
176
     1
 90
       50
176
     1
 90
        3
176
     1
 62
     5
420
      255
176
     1
290
     0
176
     1
 90
       50
176
     1
 90
       50
176
     1
 90
       50
176
     1
290
     0
176
     1
 90
       50
176
     1
 62
   256
176
     0
 40
1.0
176
     0
 90
        2
176
     1
  1
strokes_ogs.tif
176
     1
290
     0
176
     1
 40
1.0
176
     1
 40
1.0
176
     1
  0
VISUALSTYLE
  5
A1
102
{ACAD_REACTORS
330
99
102
}
330
99
100
AcDbVisualStyle
  2
Hidden
 70
     6
177
     3
291
     0
 70
    58
 90
        1
176
     1
 90
        2
176
     1
 90
        2
176
     1
 90
        0
176
     1
 40
0.6
176
     1
 40
30.0
176
     1
 62
     7
420
 16777215
176
     1
 90
        2
176
     1
 90
        2
176
     1
 62
     7
176
     1
 62
   257
176
     1
 90
        2
176
     1
 90
        1
176
     1
 40
40.0
176
     1
 90
        0
176
     1
 62
   257
176
     1
 40
1.0
176
     1
 90
        1
176
     1
 90
        6
176
     1
 90
        2
176
     1
 62
     7
176
     1
 90
        3
176
     1
 90
        0
176
     1
 90
        0
176
     1
290
     0
176
     1
 90
        1
176
     1
 40
0.0
176
     1
 90
        0
176
     1
290
     0
176
     1
290
     1
176
     1
290
     1
176
     1
290
     0
176
     1
290
     0
176
     1
290
     0
176
     1
290
     0
176
     1
290
     0
176
     1
290
     0
176
     1
 90
       50
176
     1
 40
0.0
176
     1
 40
1.0
176
     1
 90
        0
176
     1
 62
    18
420
        0
176
     1
 90
       50
176
     1
 90
        3
176
     1
 62
     5
420
      255
176
     1
290
     0
176
     1
 90
       50
176
     1
 90
       50
176
     1
 90
       50
176
     1
290
     0
176
     1
 90
       50
176
     1
 62
   256
176
     0
 40
1.0
176
     0
 90
        2
176
     1
  1
strokes_ogs.tif
176
     1
290
     0
176
     1
 40
1.0
176
     1
 40
1.0
176
     1
  0
VISUALSTYLE
  5
173
102
{ACAD_REACTORS
330
99
102
}
330
99
100
AcDbVisualStyle
  2
JitterOff
 70
    20
177
     3
291
     1
 70
    58
 90
        2
176
     0
 90
        2
176
     0
 90
        0
176
     0
 90
        0
176
     0
 40
0.6
176
     0
 40
30.0
176
     0
 62
     7
420
 16777215
176
     0
 90
        1
176
     0
 90
        4
176
     0
 62
     7
176
     0
 62
   257
176
     0
 90
        1
176
     0
 90
        1
176
     0
 40
1.0
176
     0
 90
       10
176
     2
 62
     7
176
     0
 40
1.0
176
     0
 90
        1
176
     0
 90
        6
176
     0
 90
        2
176
     0
 62
     7
176
     0
 90
        5
176
     0
 90
        0
176
     0
 90
        0
176
     0
290
     0
176
     0
 90
        1
176
     0
 40
0.0
176
     0
 90
        0
176
     0
290
     0
176
     1
290
     1
176
     1
290
     1
176
     1
290
     0
176
     1
290
     0
176
     1
290
     0
176
     1
290
     0
176
     1
290
     0
176
     1
290
     0
176
     1
 90
       50
176
     1
 40
0.0
176
     1
 40
1.0
176
     1
 90
        0
176
     1
 62
    18
420
        0
176
     1
 90
       50
176
     1
 90
        3
176
     1
 62
     5
420
      255
176
     1
290
     0
176
     1
 90
       50
176
     1
 90
       50
176
     1
 90
       50
176
     1
290
     0
176
     1
 90
       50
176
     1
 62
   256
176
     0
 40
1.0
176
     0
 90
        2
176
     1
  1
strokes_ogs.tif
176
     1
290
     0
176
     1
 40
1.0
176
     1
 40
1.0
176
     1
  0
VISUALSTYLE
  5
A7
102
{ACAD_REACTORS
330
99
102
}
330
99
100
AcDbVisualStyle
  2
Linepattern
 70
    14
177
     3
291
     1
 70
    58
 90
        2
176
     1
 90
        2
176
     1
 90
        1
176
     1
 90
        0
176
     1
 40
0.6
176
     1
 40
30.0
176
     1
 62
     7
420
 16777215
176
     1
 90
        1
176
     1
 90
        4
176
     1
 62
     7
176
     1
 62
   257
176
     1
 90
        7
176
     1
 90
        7
176
     1
 40
1.0
176
     1
 90
        8
176
     1
 62
     7
176
     1
 40
1.0
176
     1
 90
        1
176
     1
 90
        6
176
     1
 90
        2
176
     1
 62
     7
176
     1
 90
        5
176
     1
 90
        0
176
     1
 90
        0
176
     1
290
     0
176
     1
 90
        1
176
     1
 40
0.0
176
     1
 90
        0
176
     1
290
     0
176
     1
290
     1
176
     1
290
     1
176
     1
290
     0
176
     1
290
     0
176
     1
290
     0
176
     1
290
     0
176
     1
290
     0
176
     1
290
     0
176
     1
 90
       50
176
     1
 40
0.0
176
     1
 40
1.0
176
     1
 90
        0
176
     1
 62
    18
420
        0
176
     1
 90
       50
176
     1
 90
        3
176
     1
 62
     5
420
      255
176
     1
290
     0
176
     1
 90
       50
176
     1
 90
       50
176
     1
 90
       50
176
     1
290
     0
176
     1
 90
       50
176
     1
 62
   256
176
     0
 40
1.0
176
     0
 90
        2
176
     1
  1
strokes_ogs.tif
176
     1
290
     0
176
     1
 40
1.0
176
     1
 40
1.0
176
     1
  0
VISUALSTYLE
  5
174
102
{ACAD_REACTORS
330
99
102
}
330
99
100
AcDbVisualStyle
  2
OverhangOff
 70
    21
177
     3
291
     1
 70
    58
 90
        2
176
     0
 90
        2
176
     0
 90
        0
176
     0
 90
        0
176
     0
 40
0.6
176
     0
 40
30.0
176
     0
 62
     7
420
 16777215
176
     0
 90
        1
176
     0
 90
        4
176
     0
 62
     7
176
     0
 62
   257
176
     0
 90
        1
176
     0
 90
        1
176
     0
 40
1.0
176
     0
 90
        9
176
     2
 62
     7
176
     0
 40
1.0
176
     0
 90
        1
176
     0
 90
        6
176
     0
 90
        2
176
     0
 62
     7
176
     0
 90
        5
176
     0
 90
        0
176
     0
 90
        0
176
     0
290
     0
176
     0
 90
        1
176
     0
 40
0.0
176
     0
 90
        0
176
     0
290
     0
176
     1
290
     1
176
     1
290
     1
176
     1
290
     0
176
     1
290
     0
176
     1
290
     0
176
     1
290
     0
176
     1
290
     0
176
     1
290
     0
176
     1
 90
       50
176
     1
 40
0.0
176
     1
 40
1.0
176
     1
 90
        0
176
     1
 62
    18
420
        0
176
     1
 90
       50
176
     1
 90
        3
176
     1
 62
     5
420
      255
176
     1
290
     0
176
     1
 90
       50
176
     1
 90
       50
176
     1
 90
       50
176
     1
290
     0
176
     1
 90
       50
176
     1
 62
   256
176
     0
 40
1.0
176
     0
 90
        2
176
     1
  1
strokes_ogs.tif
176
     1
290
     0
176
     1
 40
1.0
176
     1
 40
1.0
176
     1
  0
VISUALSTYLE
  5
A3
102
{ACAD_REACTORS
330
99
102
}
330
99
100
AcDbVisualStyle
  2
Realistic
 70
     8
177
     3
291
     0
 70
    58
 90
        2
176
     1
 90
        3
176
     1
 90
        0
176
     1
 90
        2
176
     1
 40
0.6
176
     1
 40
30.0
176
     1
 62
     7
420
 16777215
176
     1
 90
        0
176
     1
 90
        0
176
     1
 62
     7
176
     1
 62
   257
176
     1
 90
        1
176
     1
 90
        1
176
     1
 40
1.0
176
     1
 90
        8
176
     1
 62
   257
176
     1
 40
1.0
176
     1
 90
        1
176
     1
 90
        6
176
     1
 90
        2
176
     1
 62
     7
176
     1
 90
        3
176
     1
 90
        0
176
     1
 90
        0
176
     1
290
     0
176
     1
 90
       13
176
     1
 40
0.0
176
     1
 90
        0
176
     1
290
     0
176
     1
290
     1
176
     1
290
     1
176
     1
290
     0
176
     1
290
     0
176
     1
290
     0
176
     1
290
     0
176
     1
290
     0
176
     1
290
     0
176
     1
 90
       50
176
     1
 40
0.0
176
     1
 40
1.0
176
     1
 90
        0
176
     1
 62
    18
420
        0
176
     1
 90
       50
176
     1
 90
        3
176
     1
 62
     5
420
      255
176
     1
290
     0
176
     1
 90
       50
176
     1
 90
       50
176
     1
 90
       50
176
     1
290
     0
176
     1
 90
       50
176
     1
 62
   256
176
     0
 40
1.0
176
     0
 90
        2
176
     1
  1
strokes_ogs.tif
176
     1
290
     0
176
     1
 40
1.0
176
     1
 40
1.0
176
     1
  0
VISUALSTYLE
  5
182
102
{ACAD_REACTORS
330
99
102
}
330
99
100
AcDbVisualStyle
  2
Shaded
 70
    27
177
     3
291
     0
 70
    58
 90
        2
176
     1
 90
        2
176
     1
 90
        1
176
     1
 90
        2
176
     1
 40
0.6
176
     1
 40
30.0
176
     1
 62
     7
420
 16777215
176
     1
 90
        0
176
     1
 90
        4
176
     1
 62
     7
176
     1
 62
   257
176
     1
 90
        1
176
     1
 90
        1
176
     1
 40
1.0
176
     1
 90
        8
176
     1
 62
   257
176
     1
 40
1.0
176
     1
 90
        1
176
     1
 90
        6
176
     1
 90
        2
176
     1
 62
     8
420
  7895160
176
     1
 90
        3
176
     1
 90
        0
176
     1
 90
        0
176
     1
290
     0
176
     1
 90
        5
176
     1
 40
0.0
176
     1
 90
        0
176
     1
290
     0
176
     1
290
     1
176
     1
290
     1
176
     1
290
     0
176
     1
290
     0
176
     1
290
     0
176
     1
290
     0
176
     1
290
     0
176
     1
290
     0
176
     1
 90
       50
176
     1
 40
0.0
176
     1
 40
1.0
176
     1
 90
        0
176
     1
 62
    18
420
        0
176
     1
 90
       50
176
     1
 90
        3
176
     1
 62
     5
420
      255
176
     1
290
     0
176
     1
 90
       50
176
     1
 90
       50
176
     1
 90
       50
176
     1
290
     0
176
     1
 90
       50
176
     1
 62
   256
176
     0
 40
1.0
176
     0
 90
        2
176
     1
  1
strokes_ogs.tif
176
     1
290
     0
176
     1
 40
1.0
176
     1
 40
1.0
176
     1
  0
VISUALSTYLE
  5
181
102
{ACAD_REACTORS
330
99
102
}
330
99
100
AcDbVisualStyle
  2
Shaded with edges
 70
    26
177
     3
291
     0
 70
    58
 90
        2
176
     1
 90
        2
176
     1
 90
        1
176
     1
 90
        2
176
     1
 40
0.6
176
     1
 40
30.0
176
     1
 62
     7
420
 16777215
176
     1
 90
        1
176
     1
 90
        2
176
     1
 62
     7
176
     1
 62
   257
176
     1
 90
        2
176
     1
 90
        1
176
     1
 40
1.0
176
     1
 90
        8
176
     1
 62
   257
176
     1
 40
1.0
176
     1
 90
        1
176
     1
 90
        6
176
     1
 90
        2
176
     1
 62
     7
176
     1
 90
        3
176
     1
 90
        0
176
     1
 90
        0
176
     1
290
     0
176
     1
 90
        5
176
     1
 40
0.0
176
     1
 90
        0
176
     1
290
     0
176
     1
290
     1
176
     1
290
     1
176
     1
290
     0
176
     1
290
     0
176
     1
290
     0
176
     1
290
     0
176
     1
290
     0
176
     1
290
     0
176
     1
 90
       50
176
     1
 40
0.0
176
     1
 40
1.0
176
     1
 90
        0
176
     1
 62
    18
420
        0
176
     1
 90
       50
176
     1
 90
        3
176
     1
 62
     5
420
      255
176
     1
290
     0
176
     1
 90
       50
176
     1
 90
       50
176
     1
 90
       50
176
     1
290
     0
176
     1
 90
       50
176
     1
 62
   256
176
     0
 40
1.0
176
     0
 90
        2
176
     1
  1
strokes_ogs.tif
176
     1
290
     0
176
     1
 40
1.0
176
     1
 40
1.0
176
     1
  0
VISUALSTYLE
  5
17E
102
{ACAD_REACTORS
330
99
102
}
330
99
100
AcDbVisualStyle
  2
Shades of Gray
 70
    23
177
     3
291
     0
 70
    58
 90
        2
176
     1
 90
        2
176
     1
 90
        3
176
     1
 90
        0
176
     1
 40
0.6
176
     1
 40
30.0
176
     1
 62
     7
420
 16777215
176
     1
 90
        2
176
     1
 90
        2
176
     1
 62
     7
176
     1
 62
     7
176
     1
 90
        1
176
     1
 90
        1
176
     1
 40
40.0
176
     1
 90
        8
176
     1
 62
     7
176
     1
 40
1.0
176
     1
 90
        1
176
     1
 90
        6
176
     1
 90
        2
176
     1
 62
     7
176
     1
 90
        3
176
     1
 90
        0
176
     1
 90
        0
176
     1
290
     0
176
     1
 90
        1
176
     1
 40
0.0
176
     1
 90
        0
176
     1
290
     0
176
     1
290
     1
176
     1
290
     1
176
     1
290
     0
176
     1
290
     0
176
     1
290
     0
176
     1
290
     0
176
     1
290
     0
176
     1
290
     0
176
     1
 90
       50
176
     1
 40
0.0
176
     1
 40
1.0
176
     1
 90
        0
176
     1
 62
    18
420
        0
176
     1
 90
       50
176
     1
 90
        3
176
     1
 62
     5
420
      255
176
     1
290
     0
176
     1
 90
       50
176
     1
 90
       50
176
     1
 90
       50
176
     1
290
     0
176
     1
 90
       50
176
     1
 62
   256
176
     0
 40
1.0
176
     0
 90
        2
176
     1
  1
strokes_ogs.tif
176
     1
290
     0
176
     1
 40
1.0
176
     1
 40
1.0
176
     1
  0
VISUALSTYLE
  5
17F
102
{ACAD_REACTORS
330
99
102
}
330
99
100
AcDbVisualStyle
  2
Sketchy
 70
    24
177
     3
291
     0
 70
    58
 90
        1
176
     1
 90
        2
176
     1
 90
        2
176
     1
 90
        0
176
     1
 40
0.6
176
     1
 40
30.0
176
     1
 62
     7
420
 16777215
176
     1
 90
        2
176
     1
 90
        2
176
     1
 62
     7
176
     1
 62
     7
176
     1
 90
        1
176
     1
 90
        1
176
     1
 40
40.0
176
     1
 90
       11
176
     1
 62
     7
176
     1
 40
1.0
176
     1
 90
        1
176
     1
 90
        6
176
     1
 90
        2
176
     1
 62
     7
176
     1
 90
        6
176
     1
 90
        0
176
     1
 90
        0
176
     1
290
     0
176
     1
 90
        1
176
     1
 40
0.0
176
     1
 90
        0
176
     1
290
     0
176
     1
290
     1
176
     1
290
     1
176
     1
290
     0
176
     1
290
     0
176
     1
290
     0
176
     1
290
     0
176
     1
290
     0
176
     1
290
     0
176
     1
 90
       50
176
     1
 40
0.0
176
     1
 40
1.0
176
     1
 90
        0
176
     1
 62
    18
420
        0
176
     1
 90
       50
176
     1
 90
        3
176
     1
 62
     5
420
      255
176
     1
290
     0
176
     1
 90
       50
176
     1
 90
       50
176
     1
 90
       50
176
     1
290
     0
176
     1
 90
       50
176
     1
 62
   256
176
     0
 40
1.0
176
     0
 90
        2
176
     1
  1
strokes_ogs.tif
176
     1
290
     0
176
     1
 40
1.0
176
     1
 40
1.0
176
     1
  0
VISUALSTYLE
  5
A6
102
{ACAD_REACTORS
330
99
102
}
330
99
100
AcDbVisualStyle
  2
Thicken
 70
    13
177
     3
291
     1
 70
    58
 90
        2
176
     1
 90
        2
176
     1
 90
        1
176
     1
 90
        0
176
     1
 40
0.6
176
     1
 40
30.0
176
     1
 62
     7
420
 16777215
176
     1
 90
        1
176
     1
 90
        4
176
     1
 62
     7
176
     1
 62
   257
176
     1
 90
        1
176
     1
 90
        1
176
     1
 40
1.0
176
     1
 90
       12
176
     1
 62
     7
176
     1
 40
1.0
176
     1
 90
        1
176
     1
 90
        6
176
     1
 90
        2
176
     1
 62
     7
176
     1
 90
        5
176
     1
 90
        0
176
     1
 90
        0
176
     1
290
     0
176
     1
 90
        1
176
     1
 40
0.0
176
     1
 90
        0
176
     1
290
     0
176
     1
290
     1
176
     1
290
     1
176
     1
290
     0
176
     1
290
     0
176
     1
290
     0
176
     1
290
     0
176
     1
290
     0
176
     1
290
     0
176
     1
 90
       50
176
     1
 40
0.0
176
     1
 40
1.0
176
     1
 90
        0
176
     1
 62
    18
420
        0
176
     1
 90
       50
176
     1
 90
        3
176
     1
 62
     5
420
      255
176
     1
290
     0
176
     1
 90
       50
176
     1
 90
       50
176
     1
 90
       50
176
     1
290
     0
176
     1
 90
       50
176
     1
 62
   256
176
     0
 40
1.0
176
     0
 90
        2
176
     1
  1
strokes_ogs.tif
176
     1
290
     0
176
     1
 40
1.0
176
     1
 40
1.0
176
     1
  0
VISUALSTYLE
  5
A0
102
{ACAD_REACTORS
330
99
102
}
330
99
100
AcDbVisualStyle
  2
Wireframe
 70
     5
177
     3
291
     0
 70
    58
 90
        0
176
     1
 90
        2
176
     1
 90
        0
176
     1
 90
        0
176
     1
 40
0.6
176
     1
 40
30.0
176
     1
 62
     7
420
 16777215
176
     1
 90
        1
176
     1
 90
        4
176
     1
 62
     7
176
     1
 62
   257
176
     1
 90
        1
176
     1
 90
        1
176
     1
 40
1.0
176
     1
 90
        0
176
     1
 62
   257
176
     1
 40
1.0
176
     1
 90
        1
176
     1
 90
        6
176
     1
 90
        2
176
     1
 62
     7
176
     1
 90
        3
176
     1
 90
        0
176
     1
 90
        0
176
     1
290
     0
176
     1
 90
        1
176
     1
 40
0.0
176
     1
 90
        0
176
     1
290
     0
176
     1
290
     1
176
     1
290
     1
176
     1
290
     0
176
     1
290
     0
176
     1
290
     0
176
     1
290
     0
176
     1
290
     0
176
     1
290
     0
176
     1
 90
       50
176
     1
 40
0.0
176
     1
 40
1.0
176
     1
 90
        0
176
     1
 62
    18
420
        0
176
     1
 90
       50
176
     1
 90
        3
176
     1
 62
     5
420
      255
176
     1
290
     0
176
     1
 90
       50
176
     1
 90
       50
176
     1
 90
       50
176
     1
290
     0
176
     1
 90
       50
176
     1
 62
   256
176
     0
 40
1.0
176
     0
 90
        2
176
     1
  1
strokes_ogs.tif
176
     1
290
     0
176
     1
 40
1.0
176
     1
 40
1.0
176
     1
  0
VISUALSTYLE
  5
180
102
{ACAD_REACTORS
330
99
102
}
330
99
100
AcDbVisualStyle
  2
X-Ray
 70
    25
177
     3
291
     0
 70
    58
 90
        2
176
     1
 90
        2
176
     1
 90
        1
176
     1
 90
        1
176
     1
 40
0.5
176
     1
 40
30.0
176
     1
 62
     7
420
 16777215
176
     1
 90
        1
176
     1
 90
        0
176
     1
 62
     7
176
     1
 62
   257
176
     1
 90
        1
176
     1
 90
        1
176
     1
 40
1.0
176
     1
 90
        8
176
     1
 62
     7
176
     1
 40
1.0
176
     1
 90
        1
176
     1
 90
        6
176
     1
 90
        2
176
     1
 62
     7
176
     1
 90
        3
176
     1
 90
        0
176
     1
 90
        0
176
     1
290
     0
176
     1
 90
       13
176
     1
 40
0.0
176
     1
 90
        0
176
     1
290
     0
176
     1
290
     1
176
     1
290
     1
176
     1
290
     0
176
     1
290
     0
176
     1
290
     0
176
     1
290
     0
176
     1
290
     0
176
     1
290
     0
176
     1
 90
       50
176
     1
 40
0.0
176
     1
 40
1.0
176
     1
 90
        0
176
     1
 62
    18
420
        0
176
     1
 90
       50
176
     1
 90
        3
176
     1
 62
     5
420
      255
176
     1
290
     0
176
     1
 90
       50
176
     1
 90
       50
176
     1
 90
       50
176
     1
290
     0
176
     1
 90
       50
176
     1
 62
   256
176
     0
 40
1.0
176
     0
 90
        2
176
     1
  1
strokes_ogs.tif
176
     1
290
     0
176
     1
 40
1.0
176
     1
 40
1.0
176
     1
  0
DICTIONARYVAR
  5
F0
102
{ACAD_REACTORS
330
66
102
}
330
66
100
DictionaryVariables
280
     0
  1
1:1
  0
DICTIONARYVAR
  5
EF
102
{ACAD_REACTORS
330
66
102
}
330
66
100
DictionaryVariables
280
     0
  1
STANDARD
  0
DICTIONARYVAR
  5
89
102
{ACAD_REACTORS
330
66
102
}
330
66
100
DictionaryVariables
280
     0
  1
STANDARD
  0
DICTIONARYVAR
  5
1B7
102
{ACAD_REACTORS
330
66
102
}
330
66
100
DictionaryVariables
280
     0
  1
Imperial24
  0
DICTIONARYVAR
  5
1B8
102
{ACAD_REACTORS
330
66
102
}
330
66
100
DictionaryVariables
280
     0
  1
Imperial24
  0
DICTIONARYVAR
  5
67
102
{ACAD_REACTORS
330
66
102
}
330
66
100
DictionaryVariables
280
     0
  1
2
  0
DICTIONARYVAR
  5
6B
102
{ACAD_REACTORS
330
66
102
}
330
66
100
DictionaryVariables
280
     0
  1
1
  0
DICTIONARYVAR
  5
14D
102
{ACAD_REACTORS
330
66
102
}
330
66
100
DictionaryVariables
280
     0
  1
0
  0
DICTIONARYVAR
  5
14E
102
{ACAD_REACTORS
330
66
102
}
330
66
100
DictionaryVariables
280
     0
  1
0
  0
DICTIONARY
  5
194
330
22
100
AcDbDictionary
280
     1
281
     1
  0
DICTIONARY
  5
188
330
97
100
AcDbDictionary
280
     1
281
     1
  3
FBXASSET
360
189
  0
DICTIONARY
  5
186
330
96
100
AcDbDictionary
280
     1
281
     1
  3
FBXASSET
360
187
  0
DICTIONARY
  5
110
330
98
100
AcDbDictionary
280
     1
281
     1
  3
BUMPTILE
360
112
  3
DIFFUSETILE
360
111
  3
FBXASSET
360
18A
  3
OPACITYTILE
360
113
  3
REFLECTIONTILE
360
114
  0
DICTIONARY
  5
104
330
87
100
AcDbDictionary
280
     1
281
     1
  3
ACAD_ROUNDTRIP_2008_TABLESTYLE_CELLSTYLEMAP
360
FA8
  0
XRECORD
  5
189
102
{ACAD_REACTORS
330
188
102
}
330
188
100
AcDbXrecord
280
     1
 70
     1
 90
429727718
  1
508B35C9-AEE7-456F-BE74-D52651303AC6
310
504B03040A0000080000B670623B3DEE336E79000000790000001B0000006175746F6465736B2D64657369676E2D7061636B6167652E786D6C3C3F786D6C2076657273696F6E3D22312E302220656E636F64696E673D227574662D3822203F3E3C666F726D6174733E3C666F726D61743E687474703A2F2F736368656D612E
310
6175746F6465736B2E636F6D2F64657369676E2D7061636B6167652F323030393C2F666F726D61743E3C2F666F726D6174733E504B0304140006080800B670623BD486FD9CA0000000F4000000130000005B436F6E74656E745F54797065735D2E786D6C7D8EC10E82300C865F65E91D8A1E8C310C0EEA1BF002731658846E
310
D98AC1B77784ABF1D8FE5FBFBF75BBCE937A534CCEB38643598122B6FEE978D0B0485F9C41B54DDD7D022595594E1A469170414C76A4D9A4D207E29CF43ECE46F218070CC6BECC4078ACAA135ACF422C856C0E68EA1BF5669944DDD7BCDE7B1F8E415D77AECB980613C2E4AC91FC167A2B244592486606FC29C8FD7F045B9A
310
EF7053A7E60B504B0304140006080800B670623B28ED286BEB0000007C01000008000000636F72652E786D6C8D90416EC3201045AF82665B6183218D6D61A254764FD00B204C5C94182C03558F5F9C3852BBEB6A467FFE9B197D71FA9E6FE8CBACC17AD7012D0820E3B41FAD9B3A48F1826B40272956EFE32F1B20A766D3C1
310
268314D3EAD3B24BDABB685CCCAAF3A3D94515828980F42D371D04FD696655A814B3235C8B45E9AB9A4C419F5D8653B2237A1CB163DE672FD6AC209BF3C08E0D1B30EB19C3FC9D72FCC6EB231EFA33EDE96BDD341517E5064B11EDFCBCAF57A3A2194156843498524CAA0FCA5B7268F9E185D42D21A2DCEC7FA0B48CFF8492
310
759155FBBB0F2C80A4F991FB408A72CB22977B50B96EB9C91F504B0304140006080800B670623B55019EA25F0000007C00000007000000636E782E786D6C4DCB3B0E80201045D1AD90E915ED2CF8AC45050C11660C8261F98AB1B07AC9C97D42D718D865D3E909258CFD00CCE24AC6E326A164D74DC0B4128928FF32603847
310
2BA13128B1252AC747C6BAB984FC68F0B87FE8960A5C09FE86CFB69FBA01504B0304140006080800B670623B7BC41AC871010000D40300000C0000006662782F636F72652E786D6CC553ED6E8320147D15C2DF4501B56B6D90A64BBB27D80B50A5CE54C120983EFEAE1F4DD7A56BBA5FF3879273EEE59E7310BE393735EA95
310
ED2AA333CC428A91D2B9292A5D66D8BB63B0C26823B835C67D2BC348CB46657880B1E0A535BE9DA1DC68A7B403549B42CDA0EC3AE530CA6B5864B8CB3F552343E91D5474A7B095F949962A6421D0502778E72C0840D390E18DC5F170E664C205F7BE2A66B62A605A75AC94C522DDEEE3651AEF837817C741F2CE92E02D592D
310
83FD6ECB76EC7595A651C2C9D02CB8AB9A8BBADC2AE954814544691A3016D0E883256BBA58278B17BA5A53CAC9507ED3E4DBE2C9265F691747B3DCA9ADC382819091F8E1162272A8933DE82182932144F88C09DF060D8140C84E1EEA8B8F1340BDCA9DB1093085F157AA97B557309586747CD0EF0B4EA64E983A6E0EAEEFCE
310
889E9EF17847386AA94B30211D2C0FDE0D3AF9A4610EAD5536E8DD1969631B593F67E381C33F5157F17725E5A636F6BF1491F980C8FC7B90E13E8A2F504B0304140006080800B670623B70102A487D0000009D0000000B0000006662782F636E782E786D6C4DCCD10A83201886E15B91FFDC95A5C30335ACCDFB886521330D
310
A76397BF1A1DECE883878F57749FD5A3B74D2F17830472A901D9F088930B8B849267CC01754AA418F3DF0D5018572BE160506249B16C274D761E8BCFBB7A179E27F65CB39A0F14D396184C9921B81F34C3ACA1B4B99ABB6E6F062A25AA5F69DF23ACBE504B0304140006080800B670623B3610CA3329010000120200003100
310
00006662782F42384135303843342D343331462D343546312D424341352D3532343432364645413344462F636F72652E786D6C8D515B6EC32010BC0AE22B55850D0E446E848992B43E412FE000495162B07854397EA176A4F62F3F2C9A9D991D58BEBB8F37F0AD7D30CE76905418026DA553C65E3A98E219B510EC04F7CEC5
310
3F3408EC30EA0E16180A7EF12E4D0B249D8DDAC68C5AA7F4020E21E80881BCE54B0783FCD2E3500D296646B856D320AFC34557A4CAEDCC133C449F0380794839A138B47B86DB2345744D7A44594FD0E1B867883594369BFE63BF7EEF793D0B054FC9A8456E548E63CE46FB674D8A58F068C6477CE9F510B582A2C1F80D1182
310
70F349E816B32D65AFB8DD62CCEB42FF274A937A52948C8DEB66893BCB021484D7734370E5D2E9F608A3EF93F3119479ABA0E50B14B8C298119A43CCC4FCFCECB8A18B6388CEE7EF5D5D4F994BD86CBBA182D76543B9FCAE2FD7B24DF103504B0304140006080800B670623B1B8617914E0100003303000030000000666278
310
2F42384135303843342D343331462D343546312D424341352D3532343432364645413344462F636E782E786D6CD593C16EC32010447F0571AD6CE3D489D20813A9877E410FBD62D82434182CC055F3F75D1292E692438FBD206B7698593D61BEFD1E2DF982108D773D6D6B460938E5B571FB9ECE6957AD29D90A1EBC4F7736
310
4A9C1CA1A759A682EF839FA72269D8C9D92654AD71C72206887E0E0A22CAF926B15E498B01E0AA19451807D01A34B919F16B070157417138917400F2F6FA41FCF0092A45DEE414C19BDC21783E4BD39D891265658C3D8DEA00A3ACE59CBC8678ACB54CB26EEB6BD7839D7E9348BE70AD9C8321B9BCA7F9A4A26C542347DEE0
310
50F09802D22BA6749A800A394DD62899107273365E3C82CFC6A55557BC06C10774B7ABE7AEC3B0F34CF06446280E154026D0542C187BA9DAB6628BF7B6DBB0E5A65B3EB1F58631DE64BBE083F7B65CC218087E22CABB042E51D1F2268F1FE12B3EA24D40D63E9CFE00120194D60B9D5BC67FE6D39CDF37E20AF817881F504B
310
0304140006080800B670623BBFEF2E3B690500003C100000340000006662782F42384135303843342D343331462D343546312D424341352D3532343432364645413344462F6F626A656374732E786D6CAD575D739B3814FD2B0CFB0C98D84E931D4227B6938EA793B6534F3BFB90198F0099B001899144EAECAFDF231018B0
310
D37A3FFC609090EEE7B94757C1FB7D915B2F54C88CB31BDB7727B64559CC938CA53776A576CE956DBD0F03C1B9EA2DB32D460A7A63EB693B0C52C1ABD24C257447AA5C8D66EF177F5832A68CDA569C13296F6C193FD182B8A4523CA1F2D94D88226EBADBBBBEDB2C1C8A4D05299F46424B222853B014F30C52ACC6287F389C
310
D85E1878FA7B18E87FB36AFAF62AAFF667A83F635211161F291B8999FAB3D5DDC5FCDA99CF6653677679E13B8BFBC5CAF1DF4D27CBCBE5F2FAF6EE1A8AA51290642C117467871F101B91C581D77CEA2C36869F3229E68CD1B8F61F1ED6361B89092D294B90C78C4A68EB793D190E7D1D9BDEE7A91E1B95FDE9F3BCEAEFE809
310
6A6D6F9F7D4B79F4275C90E7A04248AA51D5C4C738DAE06F72885AC4796EBE65D22A88A22223B995679120E2D50EB1542F098381188D4EA111AE3DB043FF20AF6F2B4AE3D7D83D65E5AECA730D4D3BAC91BD05FEA992B565D95F549CD6069B90AB2A63EACA38A45E4B6A87D781574F86817E4C2FCCC72690D62E2729520E37
310
9BAF234797BAF6D62B3BFC781FED37BA1E4F2B2F052FA9501A3E80569BB8F6A9A364D4FA67654E6F803383981F82F21591FF84F23D9882BC896C3FDBCF8C162508933B2E0AE4C69DD43F6BD2BE38DDDBF10BF86CB4FA784D37F3AF16075E67EC9030DECA1FC0A55373F5DFF3378C591FA9BDF485C10B0A8C8BA909E5262639
310
A8E72163488806A595734C81CB77D1DE0ED7604A303B76913CEC0272F412782FF88EFF4636D8AA56DF7B322474C4B767303F625997056C7B032C473C592B36CEBD15F3F9FF5233B7ABCDC74D257624A60F8658567497B14CE1EC3C80B76FD02011038F9EE9EB0F2E12387A9C844D3F09855125116D1D731DF8B43D2CF4E0A0
310
79A020C6BE946BCE0B7EA1E1219331CD73C228AF5A2DDD31A4B1DA918CE91350854D40A71723140BFA92E94E62B0626016CEFA5864A50E5977E8753CEDBEE1CBB7F52780D20E17AF0BA0F5F9B02A3AD07DCC732EB6D1EBB661421BE0C39E21BABF0FE16D22EA6929407C8DE596724C88B749B6DB5512BC7B228ADFD7CB7EA6
310
3A22397E690BA8D5D8D4E40CEC8CDA23C2C0B7D5898640101CEC9C6D331CE328CB93CAFBBAC70A642DF70DF95155945B52F08AA973C23469FD69ADEF84F7BB18F983A8F8C90E37F5D35980B2139A1C523540813E824EF83448CF7C72B598CE97D7CEEDDDDD3B6736BFBC771677EF66CE6A7E7139F7A793E9EDF2B2B3A8B624
310
0CDA13AA5F8388264EC4A0129909F3B7F5A16CEDF08128E97D680ACA4B9BE7B7B58BB638F0B00700EF36AE8B32A705658A68F83EE897FC2B41573190D1CCAF0B92D233A47CFEB019D9809933F67DD1A5467F8CF69AD9A5AE859342D45355448C64F968A371DC2D596ADC6E43D93D1B466F877A64E2893E54F23C4B40388995
310
525E5005DA3983ED45412510D3EFCA13737B3863F74BD30F2A12E5B4B5E489A025CE25500DB855B11ACE5BBFA185D35DD48D8DC3CE7DC69F2944DB42AA6F6CF09BCA622ADD08C7A36E7C6AE18000BAB08E040135C2D21C9D75B3A91B77BB746C403F38018DFE6EC939DD92F16B40BC05294B9CDA035AAD6D330AE27FE4786B
310
8E45145EA34A75BE1C263A676A35A8ACC6297337400BF16C54EF515F3F77CB77EB3583889C754FFA29081AA98E2222ADEF05DA3E63D2EDEA8B8756C05A7FB6CABC4A91CBF325398202CC952E70A008A830324BA200D5E5EF8F5F04C75DB4B0EE3340E071C98B823333B83577596BF3849B69F2085AA0FAFA212F26BEFF5877
310
FDE622B28D88A42E49E43326DA82D31E8CB006401E1DA726059ECEC168F97A6599036306A135688F9AD2E61A6EA178F4CD51974A9F2CCB9F36FE5EBD14601068D9C3BF01504B0304140006080000B670623B000000000000000000000000350000006662782F42384135303843342D343331462D343546312D424341352D35
310
32343432364645413344462F76657274696365732E62696E504B0304140006080800B670623BF270F1330600000004000000360000006662782F42384135303843342D343331462D343546312D424341352D3532343432364645413344462F747269616E676C65732E62696E636660600000504B0304140006080000B67062
310
3B000000000000000000000000370000006662782F42384135303843342D343331462D343546312D424341352D3532343432364645413344462F617474726962757465732E62696E504B0304140006080800B670623B08DA0BD19000000041010000360000006662782F42384135303843342D343331462D343546312D4243
310
41352D3532343432364645413344462F6469726563746F72792E786D6C858F410AC3201045AF22B36F53E9A60B35CBEEBAE80D244E44489C6234F4F835464A48035D0DF398FF9F8AF63D0E6CC63039F212F8F9020C7D47C6792B21C5FE7403D62A1188E2E60C98D7234A5830286103A55745067B9D86B8A3CF9C7F90C11DE6
310
07FB144396D7B6A82D282E9A152AD114D5EF2CB866EEE831B8EEA07A7BB5A8D7D61A2BAAEB7FD5F70921FF497D00504B0304140006080800B670623B3B4606F3FE000000A00100003B0000006662782F42384135303843342D343331462D343546312D424341352D3532343432364645413344462F7265736F75726365732F
310
636F72652E786D6C8D504B6E833010BD0A9A6D65B08134808CA354A427E8052C332156828DFCA97AFC9A40A576D7CDCCE87D344F8F9FBEE647F689CE6B6B7A6039850C8DB2A336530F315C4903D94970676DF82583CCC8197B5861107C72362E3BA4AC096842428D1D7107A5F71820538F74F4E0D50D6799CB1892C2DFF345
310
AABB9C306779A2934E701F5C0A906D4FD609C2A1B7D129F4BCD858C163D4E3AED163FAA9AF1A1D88F67CA98E6D35906AA82A52BFB39ABCD5CD915C86331BD86BD3B665CD8BD52C78D0F34F46E550061C419494B6843142CB0F5677F4D0D58717DA7494F26295FF31C565FCA7296A13AA728FBBD93C0896823C09C18BB5AFB4
310
9E65A6BD762BBE01504B010214000A0000080000B670623B3DEE336E79000000790000001B00000000000000000000000000000000006175746F6465736B2D64657369676E2D7061636B6167652E786D6C504B01021400140006080800B670623BD486FD9CA0000000F40000001300000000000000000000000000B2000000
310
5B436F6E74656E745F54797065735D2E786D6C504B01021400140006080800B670623B28ED286BEB0000007C010000080000000000000000000000000083010000636F72652E786D6C504B01021400140006080800B670623B55019EA25F0000007C000000070000000000000000000000000094020000636E782E786D6C50
310
4B01021400140006080800B670623B7BC41AC871010000D40300000C00000000000000000000000000180300006662782F636F72652E786D6C504B01021400140006080800B670623B70102A487D0000009D0000000B00000000000000000000000000B30400006662782F636E782E786D6C504B01021400140006080800B6
310
70623B3610CA3329010000120200003100000000000000000000000000590500006662782F42384135303843342D343331462D343546312D424341352D3532343432364645413344462F636F72652E786D6C504B01021400140006080800B670623B1B8617914E010000330300003000000000000000000000000000D10600
310
006662782F42384135303843342D343331462D343546312D424341352D3532343432364645413344462F636E782E786D6C504B01021400140006080800B670623BBFEF2E3B690500003C10000034000000000000000000000000006D0800006662782F42384135303843342D343331462D343546312D424341352D35323434
310
32364645413344462F6F626A656374732E786D6C504B01021400140006080000B670623B0000000000000000000000003500000000000000000000000000280E00006662782F42384135303843342D343331462D343546312D424341352D3532343432364645413344462F76657274696365732E62696E504B010214001400
310
06080800B670623BF270F133060000000400000036000000000000000000000000007B0E00006662782F42384135303843342D343331462D343546312D424341352D3532343432364645413344462F747269616E676C65732E62696E504B01021400140006080000B670623B00000000000000000000000037000000000000
310
00000000000000D50E00006662782F42384135303843342D343331462D343546312D424341352D3532343432364645413344462F617474726962757465732E62696E504B01021400140006080800B670623B08DA0BD1900000004101000036000000000000000000000000002A0F00006662782F42384135303843342D3433
310
31462D343546312D424341352D3532343432364645413344462F6469726563746F72792E786D6C504B01021400140006080800B670623B3B4606F3FE000000A00100003B000000000000000000000000000E1000006662782F42384135303843342D343331462D343546312D424341352D3532343432364645413344462F72
310
65736F75726365732F636F72652E786D6C504B0506000000000E000E0080040000651100000000
  0
XRECORD
  5
187
102
{ACAD_REACTORS
330
186
102
}
330
186
100
AcDbXrecord
280
     1
 70
     1
 90
429727718
  1
887D55A9-D0DD-414E-B741-A7DCD4DA2B4C
310
504B03040A0000080000B670623B3DEE336E79000000790000001B0000006175746F6465736B2D64657369676E2D7061636B6167652E786D6C3C3F786D6C2076657273696F6E3D22312E302220656E636F64696E673D227574662D3822203F3E3C666F726D6174733E3C666F726D61743E687474703A2F2F736368656D612E
310
6175746F6465736B2E636F6D2F64657369676E2D7061636B6167652F323030393C2F666F726D61743E3C2F666F726D6174733E504B0304140006080800B670623BD486FD9CA0000000F4000000130000005B436F6E74656E745F54797065735D2E786D6C7D8EC10E82300C865F65E91D8A1E8C310C0EEA1BF002731658846E
310
D98AC1B77784ABF1D8FE5FBFBF75BBCE937A534CCEB38643598122B6FEE978D0B0485F9C41B54DDD7D022595594E1A469170414C76A4D9A4D207E29CF43ECE46F218070CC6BECC4078ACAA135ACF422C856C0E68EA1BF5669944DDD7BCDE7B1F8E415D77AECB980613C2E4AC91FC167A2B244592486606FC29C8FD7F045B9A
310
EF7053A7E60B504B0304140006080800B670623BBC1638F5EC0000007C01000008000000636F72652E786D6C8D90416EC3201045AF82665B61836BE2D8C24471DB9CA01740401C94182C03558F5F9C3852BBEB6A467FFE9B197D7EF89E6EE8CB2CC17AD7032D0820E394D7D68D3DA478C67B4007C117EFE32F1B202727D3C3
310
2A83E0E3E2D3BC49CABB685CCCAAF3DA6CA20CC14440EA969B1E82BA98491632C5EC08D76296EA2A4753D06797E194AC468F2356E77DF66CCD02825543D50CACC62D39ED70FDC68EB8FD68F6F8787A6784342D1DDA1D2F5758F068A7E77DB518198D065111D2624A31A93E69DD11D6D5EC85EC3B4278B9DAFF4069D6FF8492
310
75F1B5DADE7D600104CD8FDC0782976B16B9DC83CA75CD4DFC00504B0304140006080800B670623B55019EA25F0000007C00000007000000636E782E786D6C4DCB3B0E80201045D1AD90E915ED2CF8AC45050C11660C8261F98AB1B07AC9C97D42D718D865D3E909258CFD00CCE24AC6E326A164D74DC0B4128928FF326038
310
472BA13128B1252AC747C6BAB984FC68F0B87FE8960A5C09FE86CFB69FBA01504B0304140006080800B670623B3586FFB671010000D40300000C0000006662782F636F72652E786D6CC553ED6E8320147D15C2DF4541A76D6D90A6DDD627D80B50A4CE54C120983EFEAE1F4DD7A55BBA5FF3879273EEE59E7310B6393735EA
310
95ED2AA3731C851423A5A5292A5DE6D8BB63B0C268C39935C67D29C3488B46E578803167A535BE9D2169B453DA01AA4DA16650749D7218C91A1639EEE4876A4428BC838AEE14B6429E44A9C228041AEA38EB9C0501681A32BC313F1ECE8C4C3867DE57C5CC56054CAB8E95B298A7F12E5EEED224C8E87E11242FE936C8DE96
310
AB60BB7F4D295D66D12E5B30323473E6AAE6A24E5A259C2A308F29CD82280A68FC1E256B9AAE93F489AED694323294DF34F9B678B0C957DA3DC7B3DCA9ADC33C022123F1CD2D44E450277AD04338234388F01913BE0D1A0281909D38D4171F27807A259DB1093085F157AA17B557309586747CD0CF0B46A64E983A6E0EAEEF
310
CE881F9EF1FB8E70D44297604238581EBC1B74B249C31C5AAB6CD0BB33D2C636A27ECCC62F0EFF445DC5DF95244D6DEC7F2922F30191F9F720C37DE49F504B0304140006080800B670623B4220A0FF7D0000009D0000000B0000006662782F636E782E786D6C4DCCD10A83201886E15B91FFDCE542CB0335D0EC3E6259C84A
310
C3E9D8E5AF46073BFAE0E1E315DD675BD1DBA5978F41C2FD4600B9F088930F8B849267CC01754AA418F3DF0D50183727E164506249B1EC174D6E1ECB9A0F5D7D785E68DB8151CD286E5A5363CA6B8A39E90D36D40E96B086F55A43A544F52B1D7B86D517504B0304140006080800B670623B2FA3FEDE290100001202000031
310
0000006662782F45374635344235342D363743322D343832342D383044432D4334454645303536354442422F636F72652E786D6C8D515B6EC32010BC0AE22B55850D2E386E848994D7097A0117488A1283C5A3CAF10BB523B57FF961D1ECCCECC0F2ED7DBC816FED8371B687A4C210682B9D32F6D2C314CFA883602BB8772E
310
FEA141608751F7B0C050F08B77695A20E96CD43666D43AA5177008414708E42D5F7A18E4971E876A483133C2B59A06791D2EBA22556E679EE021FA1C00CC43CA09C5717D6274C7286AD7FB06D1AEA1A8C3873DDAD3E3E98859CB0EBB1DAF67A1E02919B5C88DCA71CCD968FFAC49110B1ECDF8882FBD1EA256503418BF2342
310
106E3E08DD60B6A1EC15771B8C795DE8FF4469524F8A92B1F1AD59E2CEB20005E1F5DC105CB9F4797B84D1F7C9F908CABC55D0F2050A5C61CC1AD2F27A26E6E767C7962E8E213A9FBF7775FDCC5CC266DB960A5E970DE5F2BBBE5CCB36C50F504B0304140006080800B670623B1B8617914E01000033030000300000006662
310
782F45374635344235342D363743322D343832342D383044432D4334454645303536354442422F636E782E786D6CD593C16EC32010447F0571AD6CE3D489D20813A9877E410FBD62D82434182CC055F3F75D1292E692438FBD206B7698593D61BEFD1E2DF982108D773D6D6B460938E5B571FB9ECE6957AD29D90A1EBC4F77
310
364A9C1CA1A759A682EF839FA72269D8C9D92654AD71C72206887E0E0A22CAF926B15E498B01E0AA19451807D01A34B919F16B070157417138917400F2F6FA41FCF0092A45DEE414C19BDC21783E4BD39D891265658C3D8DEA00A3ACE59CBC8678ACB54CB26EEB6BD7839D7E9348BE70AD9C8321B9BCA7F9A4A26C542347DE
310
E050F09802D22BA6749A800A394DD62899107273365E3C82CFC6A55557BC06C10774B7ABE7AEC3B0F34CF06446280E154026D0542C187BA9DAB6628BF7B6DBB0E5A65B3EB1F58631DE64BBE083F7B65CC218087E22CABB042E51D1F2268F1FE12B3EA24D40D63E9CFE00120194D60B9D5BC67FE6D39CDF37E20AF817881F50
310
4B0304140006080800B670623B29652116630500003C100000340000006662782F45374635344235342D363743322D343832342D383044432D4334454645303536354442422F6F626A656374732E786D6CAD575D739B3814FD2B0CFB0C989834C90EA1639B24E3E9A6EDD4D3CE3E64C623834CD8006224913AFDF57B040203
310
B65BEF871F0C12D2FD3CF7E8CA7FBFCB33E3957291B2E2D674ED8969D02262715A24B76625B7D6B569BC0F7CCE98EC2D338D82E4F4D654D366E0279C55A59E8AE99654991CCDDECFFF3444440B6A1A514684B83545F44C7362934AB2988A173B2692D8C97667BB76B3702836E1A47C1E092D09A78584A5982F20C5688C7287
310
C389E904BEA3BE07BEFAD7ABA6A75739B53F43FD69212429A20365233153D70BEF2E2E6FAC4BCF9B5ADEBB0BD79ADFCF43CBBD9A4E16EF168B9BD9DD0D140BC921495BC2E9D60C1E101B9E46BED37CEA2CD6861F3329624541A3DA7F7858DBAC25C6B4A4458C3CA654405BCFEBC970E8AAD8F43E4FD558ABEC4F9FE7557F47
310
4F506B7BFBEC5BCA367FC105710E2AB8A00A554D7CB4A30DFE26FBA86D18CBF4B75418399194A72433B274C3097F33032C554B027F2046A1932B842B0FCCC0DDCBEBDB8AD2F835768F59B9ADB24C41D30C6A64AF817F2A456D59FA83F2E3DA60137255A585BCD60EC9B7929AC18DEFD49381AF1ED30BFDB109A4B1CD488294
310
C3CDE6EBC8D185AABD6568061FEE37BB95AAC7E3CA4BCE4ACAA5820FA0D526AE7DAA2869B5EE5999531BE0CC20E6FBA07C41E43FA27CF7A6206F3CDD793B4F6B919C1462CB788EDCD893FA674CDA17AB7B3B7C019F8D561FAEE966FED562DFE98C1D12C6A9FC015C2A35D7FF3D7FC398F591DA4B5FE0BFA2C0189FEA50AE22
310
92817A1ED3020951A03432862970F976B33383259812CC8E5D240BBA801CBCF8CE2BBEE3BF910DB6AAD5F79E05123AE2DB33981FB1ACCB02B69D00CB014FD68AB573A7627EF9BFD4CC2C5C7D58557C4B22FAA88925A4DBB44825CECE3D78FB060D1231F0E885BE7D673C86A3874958F593906B5502D1563157814FDAC3420D
310
F69A070A22EC4B98E23CFF171A1E5311D12C23056555ABA53B8614563B92D17D02AAB009E8F46284624E5F53D5490C560CCCC2591FF1B45421EB0EBD8EA7ED13BE7C5D7E0428CD60FEF60779EB13E6664FF711CB185F6FDED60D139A001FF60CD1FD6D086F1D51474901E26B2CB794A343BC8ED3EDB612E0DD2351FCB65CF4
310
33D511C9E14B5B40ADC6A6263DB0336A8F700DDF56271A024E70B0B3629DE21847591E55DED73D56206AB927E46FAABC5C939C55853C274C93D69FD6FA4E78BF8B11DF898C9ECD60553FAD39283BA6F18984AA23E8884F83F45C5F5F859797B31B2B9C84A1E5B9DE9D35BFF25C6B76152E422F9C5DCC3D847F5801ED09D5AF
310
41441327A25FF15487F9EB725FB666F048A4701E9A827292E6F97569A32DF61DEC01C0BB8DCBBCCC684E0B49147C1FD54BF685A0AB18C868E6973949E819523E3DAC463660E68C7D9F55A9D1EFA3BD7A76A16AE1A810F95CE59B82A4D968A376DC2E8B44BBDD86B27B368CDE0ED548C7137DA860591A83706223A12CA712B4
310
7306DBF39C0A20A6DF95C7FAF670C6EED7A61F946493D1D6926782963813403548A78AE470DEF80D2D9CEAA26E4D1C76F60BFE74219A06527D6B82DF641A51616F703CAAC6A7160E08A00BEB4810A0274592A1B36E3675E36E978A0DE80727A0D6DF2D39A75BD27E0D8837276589537B40ABB56D5A41F48F1C6FCD3188C4EB
310
A6929D2FFB89CE995A4D00AE813BDD032DC48B56BD437DFDDC2DD7AED70C2272D63DE9A72068A45A92F0A4BE17A8A06B9366E16707AD80B1FC649459952097E74BB23805982B55E0401150A165964402AA8BDF9F3E7386BB686EDCA780C0D382E5392BF460A6EFB2C6EA1937D3F809B440D5F5435C4C5CF7A9EEFAF54564BD
310
2182DA24162F98680B4E7930C21A0079709CEAEB99A372305ABE0C0D7D6078105A83F6A0296DAEE1068A47DD1C55A9F4C9B2FC69E3EFD44B81028E963DF81B504B0304140006080000B670623B000000000000000000000000350000006662782F45374635344235342D363743322D343832342D383044432D433445464530
310
3536354442422F76657274696365732E62696E504B0304140006080800B670623BF270F1330600000004000000360000006662782F45374635344235342D363743322D343832342D383044432D4334454645303536354442422F747269616E676C65732E62696E636660600000504B0304140006080000B670623B00000000
310
0000000000000000370000006662782F45374635344235342D363743322D343832342D383044432D4334454645303536354442422F617474726962757465732E62696E504B0304140006080800B670623B08DA0BD19000000041010000360000006662782F45374635344235342D363743322D343832342D383044432D4334
310
454645303536354442422F6469726563746F72792E786D6C858F410AC3201045AF22B36F53E9A60B35CBEEBAE80D244E44489C6234F4F835464A48035D0DF398FF9F8AF63D0E6CC63039F212F8F9020C7D47C6792B21C5FE7403D62A1188E2E60C98D7234A5830286103A55745067B9D86B8A3CF9C7F90C11DE607FB144396
310
D7B6A82D282E9A152AD114D5EF2CB866EEE831B8EEA07A7BB5A8D7D61A2BAAEB7FD5F70921FF497D00504B0304140006080800B670623B6378F24DFF000000A00100003B0000006662782F45374635344235342D363743322D343832342D383044432D4334454645303536354442422F7265736F75726365732F636F72652E
310
786D6C8D504B6E833010BD0A9A6D65B0094E42641C85B639412F6099496225D8C89FAAC7AF09546A77DDCC8CDE47F3F4C4F16B7C149FE88371B603565228D06A37187BED20C50BD9437194C23B177FC9A0B06AC40E6618A4B87A97A615D2CE46B431A3D60DB8822A048C50E8473E3A08FA86A32A558A5911EEE5A4F45D5DB1
310
6465A6B34E8A107D0E502C4FE609D26370C96B0CA25A58295232C3AA3143FE692E063D485EF7F5AEE71BD2D2F39634AFFC44DAF7DD9E9CCE6F9CD25DCBFA762BAAD92C4534E34F46ED51451C40D694B6843142EB0FD61C283F34FC85EE0F948A6A96FF31A569F8A729191B37F51A77B105902C0779125254735F793DCBCC7B
310
EE567E03504B010214000A0000080000B670623B3DEE336E79000000790000001B00000000000000000000000000000000006175746F6465736B2D64657369676E2D7061636B6167652E786D6C504B01021400140006080800B670623BD486FD9CA0000000F40000001300000000000000000000000000B20000005B436F6E
310
74656E745F54797065735D2E786D6C504B01021400140006080800B670623BBC1638F5EC0000007C010000080000000000000000000000000083010000636F72652E786D6C504B01021400140006080800B670623B55019EA25F0000007C000000070000000000000000000000000095020000636E782E786D6C504B010214
310
00140006080800B670623B3586FFB671010000D40300000C00000000000000000000000000190300006662782F636F72652E786D6C504B01021400140006080800B670623B4220A0FF7D0000009D0000000B00000000000000000000000000B40400006662782F636E782E786D6C504B01021400140006080800B670623B2F
310
A3FEDE290100001202000031000000000000000000000000005A0500006662782F45374635344235342D363743322D343832342D383044432D4334454645303536354442422F636F72652E786D6C504B01021400140006080800B670623B1B8617914E010000330300003000000000000000000000000000D2060000666278
310
2F45374635344235342D363743322D343832342D383044432D4334454645303536354442422F636E782E786D6C504B01021400140006080800B670623B29652116630500003C10000034000000000000000000000000006E0800006662782F45374635344235342D363743322D343832342D383044432D4334454645303536
310
354442422F6F626A656374732E786D6C504B01021400140006080000B670623B0000000000000000000000003500000000000000000000000000230E00006662782F45374635344235342D363743322D343832342D383044432D4334454645303536354442422F76657274696365732E62696E504B01021400140006080800
310
B670623BF270F13306000000040000003600000000000000000000000000760E00006662782F45374635344235342D363743322D343832342D383044432D4334454645303536354442422F747269616E676C65732E62696E504B01021400140006080000B670623B0000000000000000000000003700000000000000000000
310
000000D00E00006662782F45374635344235342D363743322D343832342D383044432D4334454645303536354442422F617474726962757465732E62696E504B01021400140006080800B670623B08DA0BD190000000410100003600000000000000000000000000250F00006662782F45374635344235342D363743322D34
310
3832342D383044432D4334454645303536354442422F6469726563746F72792E786D6C504B01021400140006080800B670623B6378F24DFF000000A00100003B00000000000000000000000000091000006662782F45374635344235342D363743322D343832342D383044432D4334454645303536354442422F7265736F75
310
726365732F636F72652E786D6C504B0506000000000E000E0080040000611100000000
  0
XRECORD
  5
112
102
{ACAD_REACTORS
330
110
102
}
330
110
100
AcDbXrecord
280
     1
270
     1
271
     1
  0
XRECORD
  5
111
102
{ACAD_REACTORS
330
110
102
}
330
110
100
AcDbXrecord
280
     1
270
     1
271
     1
  0
XRECORD
  5
18A
102
{ACAD_REACTORS
330
110
102
}
330
110
100
AcDbXrecord
280
     1
 70
     0
 90
1778669749
  1
9BF507EE-FAF7-4A99-A33D-4EE51894BC40
310
504B03040A0000080000B670623B3DEE336E79000000790000001B0000006175746F6465736B2D64657369676E2D7061636B6167652E786D6C3C3F786D6C2076657273696F6E3D22312E302220656E636F64696E673D227574662D3822203F3E3C666F726D6174733E3C666F726D61743E687474703A2F2F736368656D612E
310
6175746F6465736B2E636F6D2F64657369676E2D7061636B6167652F323030393C2F666F726D61743E3C2F666F726D6174733E504B0304140006080800B670623BD486FD9CA0000000F4000000130000005B436F6E74656E745F54797065735D2E786D6C7D8EC10E82300C865F65E91D8A1E8C310C0EEA1BF002731658846E
310
D98AC1B77784ABF1D8FE5FBFBF75BBCE937A534CCEB38643598122B6FEE978D0B0485F9C41B54DDD7D022595594E1A469170414C76A4D9A4D207E29CF43ECE46F218070CC6BECC4078ACAA135ACF422C856C0E68EA1BF5669944DDD7BCDE7B1F8E415D77AECB980613C2E4AC91FC167A2B244592486606FC29C8FD7F045B9A
310
EF7053A7E60B504B0304140006080800B670623BCA089DFFEC0000007C01000008000000636F72652E786D6C8D90416E83301045AF62CDB632D8402020E32882F604BD80653BC44AB011B6AB1EBF262152BBEB6A467FFE9B197D76FA9EEFE84BAFDE38DB03CD08206DA553C64E3DC470C1474027CE56E7C22F1B202B66DDC3
310
260367D3EAE2B24BD2D9A06D48AA754AEFA2F05E0740F29E9A1EBCBCEA59642286E4F0B76C11F226269DD15797E0188D42CF2346A57DE662F40ABCAEC77628C6120F654571D50C04B7F5B9C1E3997CD4F550BE3745C3F20DE62C98F9755FAE5A04AD801784B498524C8A4F5A75E4D055873772EC0861F966FF03C545FD138A
310
C686B2D8DF7D621E384D8F3C069CE55B16A93C824A75CB8DFF00504B0304140006080800B670623B55019EA25F0000007C00000007000000636E782E786D6C4DCB3B0E80201045D1AD90E915ED2CF8AC45050C11660C8261F98AB1B07AC9C97D42D718D865D3E909258CFD00CCE24AC6E326A164D74DC0B4128928FF326038
310
472BA13128B1252AC747C6BAB984FC68F0B87FE8960A5C09FE86CFB69FBA01504B0304140006080800B670623B68FC0B7272010000D40300000C0000006662782F636F72652E786D6CC5535B6E833010BC8AE5DF0A6C1E8124328E22D29EA01770C0A128602363A31CBFCB234A53A555FA553EC09AD9F5CE8C31DB5DDA060D
310
D2F4B556190E7C8A9154852E6B5565D8D993B7C668C799D1DA7E29C3488956667884316795D1AE5BA0422B2B950554E9522EA0E87B69312A1A5864B82F3E642B7CE12C54F467BF13C55954D20F7CA0A18EB3DE1A1080E621E31BF3D3F1C2C88C73E65C5D2E6C5DC2B4FA544B8379921C36797888BC3C8A032F4E73EA6D927D
310
EA1DF6F42D49F2E8350D5346C666CE6CDD5ED515460A2B4BCC434A375E1078347C0FE22D5D6DE3D50B5D6F2965642CBF6B725DF96493AB958DC245EEDCD6631E809089F8E61622B2A81703E8219C913144F84C09DF070D8140C8561C9BAB8F3340832CAC363130A576376A108D933095FA747AD0CF0B46E64E983A6D0EAE1F
310
CE089F9EF1FB8E70D44255604258581E9D1D75B259C3125A278D37D80B52DAB4A279CEC62F0EFF44DDC43F9454E8469BFF5244960322CBEF41C6FBC83F01504B0304140006080800B670623B0F71DDB67E0000009D0000000B0000006662782F636E782E786D6C4DCCD10A83201886E15B91FFDCA54DB73F502386BB8F5816
310
32D3703976F9ABD1C18E3E78F87855FB990379BBFCF2296AE02706C4C5471A7C9C349475A408A4352AA7B4FEDD80C47E761A7606A3A69CCA72D0E0C6BE8475D3E0E3F3409428EA6B27A84079A782899AA2EC1A7AE3ECCC2FD858CB2D544655BFD2B67BD87C01504B0304140006080800B670623BE134B4FB28010000120200
310
00310000006662782F38353834323741342D343835462D343034322D383541392D4331303331363839454531452F636F72652E786D6C8D515B6EC32010BC0AE22B55850D0EA424C24451959EA0172086A42831583CAA1CBF503B52FB971F16CDCECC0EACD8DFC71BF836215AEF7A481A0C817183D7D65D7A98D3197108F652
310
04EFD31F1A044E8DA6871586525C82CFD3020DDE25E352419DD76601558C264130DCCAA58771F832A36A544E8511AFCDA486ABBA988634A55D7852C4144A00300FA927949C71DABD1D28A29C7D208A6987383B6CD13BC16BB2E1DBE3911C453B0BA5C8D9EA456E758963CFD684674DAA588A64C747FC2118958C86B2C3788B
310
0841B8FB247487D98EB257CC77188BB6D2FF89F2A49F1465EBD2BA5BE2CEB2082511EDDC9042FB7CBA3DC298FBE4430275DE2A9AE1054ADC60CC08E3A29D89E5F9C5714317C7987C28DFBBBA9E0A97B0D97643A568EB864AF95D5FA9759BF207504B0304140006080800B670623B1B8617914E010000330300003000000066
310
62782F38353834323741342D343835462D343034322D383541392D4331303331363839454531452F636E782E786D6CD593C16EC32010447F0571AD6CE3D489D20813A9877E410FBD62D82434182CC055F3F75D1292E692438FBD206B7698593D61BEFD1E2DF982108D773D6D6B460938E5B571FB9ECE6957AD29D90A1EBC4F
310
77364A9C1CA1A759A682EF839FA72269D8C9D92654AD71C72206887E0E0A22CAF926B15E498B01E0AA19451807D01A34B919F16B070157417138917400F2F6FA41FCF0092A45DEE414C19BDC21783E4BD39D891265658C3D8DEA00A3ACE59CBC8678ACB54CB26EEB6BD7839D7E9348BE70AD9C8321B9BCA7F9A4A26C542347
310
DEE050F09802D22BA6749A800A394DD62899107273365E3C82CFC6A55557BC06C10774B7ABE7AEC3B0F34CF06446280E154026D0542C187BA9DAB6628BF7B6DBB0E5A65B3EB1F58631DE64BBE083F7B65CC218087E22CABB042E51D1F2268F1FE12B3EA24D40D63E9CFE00120194D60B9D5BC67FE6D39CDF37E20AF817881F
310
504B0304140006080800B670623B5933D422630500003B100000340000006662782F38353834323741342D343835462D343034322D383541392D4331303331363839454531452F6F626A656374732E786D6CAD575B6FA33814FE2B887D0642934E9B156594264D158D3A534DD4D13E548A0C38942D60649B4EBABF7E3F8321
310
40924EF6928780CDF1B97EE762EFF32E4B8D37CA45C2F21BD3B547A641F39045491EDF98A5DC5AD7A6F1D9F73863B243661A39C9E88DA9B64DDF8B392B0BBD15D12D295339D85DDEFE618890E6D434C2940871638AF08566C426A5641115AF764424B1E3EDCE76ED9AB0CF36E6A47819302D08A7B984A6D8CFC1C5A89572FB
310
CB91E9F89EA3BEFB9EFAD754E3D3544E654F5F7E920B49F2F040D880CDD89D2CEE2E2EA7D6E56432B6269F2E5CEB7679BBB0DCABF168FE693E9FCEEEA6102C240727AD09A75BD3BF876F78127A4EFDA9D5582B7E4CA590E5390D2BFB6161A5B3E618D182E611E2985001691DAB47FDA5AB7CD3F93C566B2DB2BB7D9E55DD13
310
1D468DEECDB3AB290BFE8409E21C54704115AA6AFF68436BFC8DF65E0B184BF5B74418199194272435D224E084BF9B3E481589EFF5D828747285706581E9BB7B7E5D5D911ABFC6EE312DB7659A2A689A7E85EC0DF04FA5A8344BFEA2FCB834E8845895492EAFB541F2BDA0A63FF59C6AD3F7D4637CA13FD68E34B629891172
310
98597F1D183A57B9B75A98FE9765B05BAB7C3C2EBCE0ACA05C2AF8005A4DE09AA7F29216EB9E15397500C6F47CBE77CA7778FE2BD277AF0AE2C693DD6437D1522427B9D8329E2136F6A8FA19A3E6C56ADF0E5F50CF06D48734EDCEBF22F69C56D97EC138153F804B85E6FABFC7AFEFB32E523BE1F3BD372418E363EDCA7548
310
52949E8724474014288D94610BB57C1BEC4C7F854A89CA8E5324F55B871CBC78CE1BBEE3BFE68D6A5589EF3C730474506FCFA8FCF0659516D0ED04580EEA6425581B77CAE797FF4BCECC16EB2FEB926F49481F746159D06D922712BD730FDEAE42BD40F42C7AA5EF3F198F60E86110D6DD20645A9480B795CF95E3E3A659A8
310
C55E724F408873315335CFFB8584874484344D494E59D94869DB90C26A5B64F49C802CAC1D3ABE18A098D3B7444D123D8A9E5AE8F5214F0AE5B2B6E9B575DA3E61CBD3EA2B4009FA940524DD1305FB6A1FB294F14DF0BEA90BA109ECE1481FDC3FFAE8D60E75141700BE82725371B4873751B2DD960265F788137FACE6DD40
310
B575E4F0A5C99F46629D92131467A41EE11ABD8D4CCC039CA0AFB37C93A08B232B8F0AEFCA1E0A1015DF13FC83322B362463652ECF71D3A8B1A7D1BE65DE1D62C44F22C317D35F574FEB16153BA2D13E543D10A80E74C4A65E78A6B7CBCBD1D5DD9DB59C2DAFACC96C3AB566E3F1C29ADCDD5DBAD7D3C9ED7C822ED74F80A6
310
41755310DE4443F44A9E68373FADF6596BFA0F440AE7BECE2727AE9F4F2B1B53B1E7E00CF0DD1E5C65454A339A4BA2D0FBA05ED2EF0443458F47BDBFCA484CCFE0F2ED7E3DD0013B679C7B5499467F0ECEEADDB9CA85A34CE44B99053949D2C1416DB85DE4B136BB7165FBAC0B7AB3542BED4F8CA182A549847A1319316519
310
95A83A67147B9E5101C47487F2485F1ECE38FD568F839204296D3479219888530154036E6528FBFBC66F98E0D4107563A2D7D9AFF8D389681A08F58D89F22693900A3B407754734FC51C10C010D6D640809EE4718AC1BA3ED4AEDB53CA37283F68805A7E4B72CEB0A4EDEAD5DD8C14059A76AFAA56BA6901E13F32BC51C720
310
12AF41295B5BF61BAD3195181FB506E6B40F4C10AF5AF40EF9F5B159AE5DD1F43C72D635E94310D45C2D49785C5D0B94D3B54AB3C5A38349C0587D338AB48C11CBF339599C02CCA54A70A008A8D03C0B2201D5F9EFCF8F9CE12A9A19CB0410789EB32C63B95ECCF455D658BFE0621A3DA32C5075FB101723D77DAE867E7D0F
310
D90444509B44E2151B4DC2290B065803200FBAA9BE9D392A0603F2D5C2D00D6302A615680F66D2FA166E2079D4C551A54AB758161FCEFD4E450A14704CECFEDF504B0304140006080000B670623B000000000000000000000000350000006662782F38353834323741342D343835462D343034322D383541392D4331303331
310
363839454531452F76657274696365732E62696E504B0304140006080800B670623BF270F1330600000004000000360000006662782F38353834323741342D343835462D343034322D383541392D4331303331363839454531452F747269616E676C65732E62696E636660600000504B0304140006080000B670623B000000
310
000000000000000000370000006662782F38353834323741342D343835462D343034322D383541392D4331303331363839454531452F617474726962757465732E62696E504B0304140006080800B670623B08DA0BD19000000041010000360000006662782F38353834323741342D343835462D343034322D383541392D43
310
31303331363839454531452F6469726563746F72792E786D6C858F410AC3201045AF22B36F53E9A60B35CBEEBAE80D244E44489C6234F4F835464A48035D0DF398FF9F8AF63D0E6CC63039F212F8F9020C7D47C6792B21C5FE7403D62A1188E2E60C98D7234A5830286103A55745067B9D86B8A3CF9C7F90C11DE607FB1443
310
96D7B6A82D282E9A152AD114D5EF2CB866EEE831B8EEA07A7BB5A8D7D61A2BAAEB7FD5F70921FF497D00504B0304140006080800B670623BD9A3B367FE000000A00100003B0000006662782F38353834323741342D343835462D343034322D383541392D4331303331363839454531452F7265736F75726365732F636F7265
310
2E786D6C8D504B6E833010BD0A9A6D65B01D0201194711694FD00B586642AD043BF2A7EAF16B122AB5BB6E6646EFA3797AE2F8B5DC8A4FF4C1383B002B291468B59B8C9D0748F1420E501CA5F0CEC55F3228AC5A708015062966EFD27D83B4B3116DCCA875136EA00A012314FA968F0182FEC045952AC5AC08D7F2AEF455CD
310
58B232D3592745883E07289E4FD609D26370C96B0CA27AB252A464A64D63A6FCD35C0C7A904D73EE467EE664DCD58CD4ED4849D79C5A723ED1B7A61977AF2D6F45B59AA58866F9C9A83DAA8813484E6947182394BFB3BAA7FBBEDEBFD0434FA9A856F91F53BA4FFF342563E38E6F719FB60092E5200F428A6AED2BAF479979
310
AFDDCA6F504B010214000A0000080000B670623B3DEE336E79000000790000001B00000000000000000000000000000000006175746F6465736B2D64657369676E2D7061636B6167652E786D6C504B01021400140006080800B670623BD486FD9CA0000000F40000001300000000000000000000000000B20000005B436F6E
310
74656E745F54797065735D2E786D6C504B01021400140006080800B670623BCA089DFFEC0000007C010000080000000000000000000000000083010000636F72652E786D6C504B01021400140006080800B670623B55019EA25F0000007C000000070000000000000000000000000095020000636E782E786D6C504B010214
310
00140006080800B670623B68FC0B7272010000D40300000C00000000000000000000000000190300006662782F636F72652E786D6C504B01021400140006080800B670623B0F71DDB67E0000009D0000000B00000000000000000000000000B50400006662782F636E782E786D6C504B01021400140006080800B670623BE1
310
34B4FB280100001202000031000000000000000000000000005C0500006662782F38353834323741342D343835462D343034322D383541392D4331303331363839454531452F636F72652E786D6C504B01021400140006080800B670623B1B8617914E010000330300003000000000000000000000000000D3060000666278
310
2F38353834323741342D343835462D343034322D383541392D4331303331363839454531452F636E782E786D6C504B01021400140006080800B670623B5933D422630500003B10000034000000000000000000000000006F0800006662782F38353834323741342D343835462D343034322D383541392D4331303331363839
310
454531452F6F626A656374732E786D6C504B01021400140006080000B670623B0000000000000000000000003500000000000000000000000000240E00006662782F38353834323741342D343835462D343034322D383541392D4331303331363839454531452F76657274696365732E62696E504B01021400140006080800
310
B670623BF270F13306000000040000003600000000000000000000000000770E00006662782F38353834323741342D343835462D343034322D383541392D4331303331363839454531452F747269616E676C65732E62696E504B01021400140006080000B670623B0000000000000000000000003700000000000000000000
310
000000D10E00006662782F38353834323741342D343835462D343034322D383541392D4331303331363839454531452F617474726962757465732E62696E504B01021400140006080800B670623B08DA0BD190000000410100003600000000000000000000000000260F00006662782F38353834323741342D343835462D34
310
3034322D383541392D4331303331363839454531452F6469726563746F72792E786D6C504B01021400140006080800B670623BD9A3B367FE000000A00100003B000000000000000000000000000A1000006662782F38353834323741342D343835462D343034322D383541392D4331303331363839454531452F7265736F75
310
726365732F636F72652E786D6C504B0506000000000E000E0080040000611100000000
  0
XRECORD
  5
113
102
{ACAD_REACTORS
330
110
102
}
330
110
100
AcDbXrecord
280
     1
270
     1
271
     1
  0
XRECORD
  5
114
102
{ACAD_REACTORS
330
110
102
}
330
110
100
AcDbXrecord
280
     1
270
     1
271
     1
  0
CELLSTYLEMAP
  5
FA8
102
{ACAD_REACTORS
330
104
102
}
330
104
100
AcDbCellStyleMap
 90
        3
300
CELLSTYLE
  1
TABLEFORMAT_BEGIN
 90
        5
170
     1
 91
        0
 92
    32768
 62
   257
 93
        1
300
CONTENTFORMAT
  1
CONTENTFORMAT_BEGIN
 90
        0
 91
        0
 92
      512
 93
        0
300

 40
0.0
140
1.0
 94
        5
 62
     0
340
11
144
0.25
309
CONTENTFORMAT_END
171
     1
301
MARGIN
  1
CELLMARGIN_BEGIN
 40
0.06
 40
0.06
 40
0.06
 40
0.06
 40
0.18
 40
0.18
309
CELLMARGIN_END
 94
        6
 95
        1
302
GRIDFORMAT
  1
GRIDFORMAT_BEGIN
 90
        0
 91
        1
 62
     0
 92
       -2
340
0
 93
        0
 40
0.045
309
GRIDFORMAT_END
 95
        2
302
GRIDFORMAT
  1
GRIDFORMAT_BEGIN
 90
        0
 91
        1
 62
     0
 92
       -2
340
0
 93
        0
 40
0.045
309
GRIDFORMAT_END
 95
        4
302
GRIDFORMAT
  1
GRIDFORMAT_BEGIN
 90
        0
 91
        1
 62
     0
 92
       -2
340
0
 93
        0
 40
0.045
309
GRIDFORMAT_END
 95
        8
302
GRIDFORMAT
  1
GRIDFORMAT_BEGIN
 90
        0
 91
        1
 62
     0
 92
       -2
340
0
 93
        0
 40
0.045
309
GRIDFORMAT_END
 95
       16
302
GRIDFORMAT
  1
GRIDFORMAT_BEGIN
 90
        0
 91
        1
 62
     0
 92
       -2
340
0
 93
        0
 40
0.045
309
GRIDFORMAT_END
 95
       32
302
GRIDFORMAT
  1
GRIDFORMAT_BEGIN
 90
        0
 91
        1
 62
     0
 92
       -2
340
0
 93
        0
 40
0.045
309
GRIDFORMAT_END
309
TABLEFORMAT_END
  1
CELLSTYLE_BEGIN
 90
        1
 91
        1
300
_TITLE
309
CELLSTYLE_END
300
CELLSTYLE
  1
TABLEFORMAT_BEGIN
 90
        5
170
     1
 91
        0
 92
        0
 62
   257
 93
        1
300
CONTENTFORMAT
  1
CONTENTFORMAT_BEGIN
 90
        0
 91
        0
 92
      512
 93
        0
300

 40
0.0
140
1.0
 94
        5
 62
     0
340
11
144
0.18
309
CONTENTFORMAT_END
171
     1
301
MARGIN
  1
CELLMARGIN_BEGIN
 40
0.06
 40
0.06
 40
0.06
 40
0.06
 40
0.18
 40
0.18
309
CELLMARGIN_END
 94
        6
 95
        1
302
GRIDFORMAT
  1
GRIDFORMAT_BEGIN
 90
        0
 91
        1
 62
     0
 92
       -2
340
0
 93
        0
 40
0.045
309
GRIDFORMAT_END
 95
        2
302
GRIDFORMAT
  1
GRIDFORMAT_BEGIN
 90
        0
 91
        1
 62
     0
 92
       -2
340
0
 93
        0
 40
0.045
309
GRIDFORMAT_END
 95
        4
302
GRIDFORMAT
  1
GRIDFORMAT_BEGIN
 90
        0
 91
        1
 62
     0
 92
       -2
340
0
 93
        0
 40
0.045
309
GRIDFORMAT_END
 95
        8
302
GRIDFORMAT
  1
GRIDFORMAT_BEGIN
 90
        0
 91
        1
 62
     0
 92
       -2
340
0
 93
        0
 40
0.045
309
GRIDFORMAT_END
 95
       16
302
GRIDFORMAT
  1
GRIDFORMAT_BEGIN
 90
        0
 91
        1
 62
     0
 92
       -2
340
0
 93
        0
 40
0.045
309
GRIDFORMAT_END
 95
       32
302
GRIDFORMAT
  1
GRIDFORMAT_BEGIN
 90
        0
 91
        1
 62
     0
 92
       -2
340
0
 93
        0
 40
0.045
309
GRIDFORMAT_END
309
TABLEFORMAT_END
  1
CELLSTYLE_BEGIN
 90
        2
 91
        1
300
_HEADER
309
CELLSTYLE_END
300
CELLSTYLE
  1
TABLEFORMAT_BEGIN
 90
        5
170
     1
 91
        0
 92
        0
 62
   257
 93
        1
300
CONTENTFORMAT
  1
CONTENTFORMAT_BEGIN
 90
        0
 91
        0
 92
      512
 93
        0
300

 40
0.0
140
1.0
 94
        2
 62
     0
340
11
144
0.18
309
CONTENTFORMAT_END
171
     1
301
MARGIN
  1
CELLMARGIN_BEGIN
 40
0.06
 40
0.06
 40
0.06
 40
0.06
 40
0.18
 40
0.18
309
CELLMARGIN_END
 94
        6
 95
        1
302
GRIDFORMAT
  1
GRIDFORMAT_BEGIN
 90
        0
 91
        1
 62
     0
 92
       -2
340
0
 93
        0
 40
0.045
309
GRIDFORMAT_END
 95
        2
302
GRIDFORMAT
  1
GRIDFORMAT_BEGIN
 90
        0
 91
        1
 62
     0
 92
       -2
340
0
 93
        0
 40
0.045
309
GRIDFORMAT_END
 95
        4
302
GRIDFORMAT
  1
GRIDFORMAT_BEGIN
 90
        0
 91
        1
 62
     0
 92
       -2
340
0
 93
        0
 40
0.045
309
GRIDFORMAT_END
 95
        8
302
GRIDFORMAT
  1
GRIDFORMAT_BEGIN
 90
        0
 91
        1
 62
     0
 92
       -2
340
0
 93
        0
 40
0.045
309
GRIDFORMAT_END
 95
       16
302
GRIDFORMAT
  1
GRIDFORMAT_BEGIN
 90
        0
 91
        1
 62
     0
 92
       -2
340
0
 93
        0
 40
0.045
309
GRIDFORMAT_END
 95
       32
302
GRIDFORMAT
  1
GRIDFORMAT_BEGIN
 90
        0
 91
        1
 62
     0
 92
       -2
340
0
 93
        0
 40
0.045
309
GRIDFORMAT_END
309
TABLEFORMAT_END
  1
CELLSTYLE_BEGIN
 90
        3
 91
        2
300
_DATA
309
CELLSTYLE_END
  0
ENDSEC
  0
SECTION
  2
ACDSDATA
 70
     2
 71
     8
  0
ACDSSCHEMA
 90
        0
  1
AcDb_Thumbnail_Schema
  2
AcDbDs::ID
280
    10
 91
        8
  2
Thumbnail_Data
280
    15
 91
        0
101
ACDSRECORD
 95
        0
 90
        1
  2
AcDbDs::TreatedAsObjectData
280
     1
291
     1
101
ACDSRECORD
 95
        0
 90
        2
  2
AcDbDs::Legacy
280
     1
291
     1
101
ACDSRECORD
  1
AcDbDs::ID
 90
        3
  2
AcDs:Indexable
280
     1
291
     1
101
ACDSRECORD
  1
AcDbDs::ID
 90
        4
  2
AcDbDs::HandleAttribute
280
     7
282
     1
  0
ACDSSCHEMA
 90
        1
  1
AcDbDs::TreatedAsObjectDataSchema
  2
AcDbDs::TreatedAsObjectData
280
     1
 91
        0
  0
ACDSSCHEMA
 90
        2
  1
AcDbDs::LegacySchema
  2
AcDbDs::Legacy
280
     1
 91
        0
  0
ACDSSCHEMA
 90
        3
  1
AcDbDs::IndexedPropertySchema
  2
AcDs:Indexable
280
     1
 91
        0
  0
ACDSSCHEMA
 90
        4
  1
AcDbDs::HandleAttributeSchema
  2
AcDbDs::HandleAttribute
280
     7
 91
        1
284
     1
  0
ACDSRECORD
 90
        0
  2
AcDbDs::ID
280
    10
320
22
  2
Thumbnail_Data
280
    15
 94
      896
310
89504E470D0A1A0A0000000D49484452000001000000009108030000001BE1960600000300504C5445212830FFFFFF2128300000000000000000000000000000000000000000000000000000330000660000990000CC0000FF0033000033330033660033990033CC0033FF0066000066330066660066990066CC0066FF0099
310
000099330099660099990099CC0099FF00CC0000CC3300CC6600CC9900CCCC00CCFF00FF0000FF3300FF6600FF9900FFCC00FFFF3300003300333300663300993300CC3300FF3333003333333333663333993333CC3333FF3366003366333366663366993366CC3366FF3399003399333399663399993399CC3399FF33CC00
310
33CC3333CC6633CC9933CCCC33CCFF33FF0033FF3333FF6633FF9933FFCC33FFFF6600006600336600666600996600CC6600FF6633006633336633666633996633CC6633FF6666006666336666666666996666CC6666FF6699006699336699666699996699CC6699FF66CC0066CC3366CC6666CC9966CCCC66CCFF66FF0066
310
FF3366FF6666FF9966FFCC66FFFF9900009900339900669900999900CC9900FF9933009933339933669933999933CC9933FF9966009966339966669966999966CC9966FF9999009999339999669999999999CC9999FF99CC0099CC3399CC6699CC9999CCCC99CCFF99FF0099FF3399FF6699FF9999FFCC99FFFFCC0000CC00
310
33CC0066CC0099CC00CCCC00FFCC3300CC3333CC3366CC3399CC33CCCC33FFCC6600CC6633CC6666CC6699CC66CCCC66FFCC9900CC9933CC9966CC9999CC99CCCC99FFCCCC00CCCC33CCCC66CCCC99CCCCCCCCCCFFCCFF00CCFF33CCFF66CCFF99CCFFCCCCFFFFFF0000FF0033FF0066FF0099FF00CCFF00FFFF3300FF3333
310
FF3366FF3399FF33CCFF33FFFF6600FF6633FF6666FF6699FF66CCFF66FFFF9900FF9933FF9966FF9999FF99CCFF99FFFFCC00FFCC33FFCC66FFCC99FFCCCCFFCCFFFFFF00FFFF33FFFF66FFFF99FFFFCCFFFFFF0000000D0D0D1A1A1A2828283535354343435050505D5D5D6B6B6B787878868686939393A1A1A1AEAEAEBB
310
BBBBC9C9C9D6D6D6E4E4E4F1F1F1FFFFFF0000000000000000000000000000000000000000000000000000000000002E4550F10000003B4944415478DAEDC13101000000C2A0F54F6D0B2FA0000000000000000000000000000000000000000000000000000000000000000000000000CE06919100016C9A5B1B0000000049
310
454E44AE426082
  0
ENDSEC
  0
EOF
